buffer_id,level,capacity,t_s
B01,1,1,58
B01,0,1,62
B01,1,1,111
B02,1,2,112
B02,0,2,115
B01,0,1,115
B01,1,1,164
B02,1,2,165
B01,0,1,168
B03,1,3,171
B02,0,2,171
B03,0,3,174
B03,1,3,219
B01,1,1,220
B02,1,2,224
B01,0,1,224
B04,1,3,225
B03,0,3,225
B04,0,3,227
B02,0,2,227
B05,1,3,274
B01,1,1,278
B05,0,3,279
B03,1,3,279
B02,1,2,284
B01,0,1,284
B02,0,2,286
B06,1,2,329
B01,1,1,330
B04,1,3,331
B03,0,3,331
B04,0,3,334
B06,0,2,335
B03,1,3,340
B02,1,2,342
B01,0,1,342
B02,0,2,345
B05,1,3,383
B05,0,3,386
B07,1,1,391
B04,1,3,391
B03,0,3,391
B01,1,1,392
B04,0,3,394
B07,0,1,397
B03,1,3,399
B02,1,2,399
B01,0,1,399
B02,0,2,401
B06,1,2,433
B06,0,2,440
B04,1,3,443
B03,0,3,443
B01,1,1,448
B02,1,2,450
B01,0,1,452
B08,1,2,453
B03,1,3,455
B02,0,2,455
B08,0,2,456
B05,1,3,460
B04,0,3,460
B05,0,3,464
B01,1,1,494
B07,1,1,505
B09,1,3,506
B04,1,3,506
B03,0,3,506
B03,1,3,506
B02,1,2,509
B01,0,1,509
B09,0,3,511
B07,0,1,511
B06,1,2,512
B02,0,2,512
B05,1,3,514
B04,0,3,514
B05,0,3,518
B06,0,2,519
B01,1,1,553
B02,1,2,557
B01,0,1,557
B08,1,2,562
B06,1,2,564
B08,0,2,565
B05,1,3,570
B03,2,3,570
B02,0,2,570
B07,1,1,571
B06,0,2,571
B05,0,3,575
B04,1,3,575
B03,1,3,575
B07,0,1,578
B04,0,3,578
B10,1,2,580
B10,0,2,583
B01,1,1,609
B02,1,2,614
B01,0,1,614
B06,1,2,619
B09,1,3,623
B03,2,3,627
B02,0,2,627
B09,0,3,628
B08,1,2,629
B08,0,2,631
B07,1,1,633
B06,0,2,633
B11,1,2,639
B07,0,1,640
B04,1,3,642
B03,1,3,642
B05,1,3,644
B11,0,2,645
B04,0,3,645
B05,0,3,648
B01,1,1,663
B02,1,2,669
B01,0,1,669
B03,2,3,682
B02,0,2,682
B09,1,3,684
B07,1,1,686
B10,1,2,687
B08,1,2,688
B10,0,2,690
B09,0,3,690
B08,0,2,691
B06,1,2,691
B07,0,1,692
B05,1,3,694
B06,0,2,696
B04,1,3,696
B03,1,3,696
B05,0,3,700
B04,0,3,700
B01,1,1,707
B12,1,2,709
B12,0,2,714
B02,1,2,732
B01,0,1,732
B03,2,3,736
B02,0,2,736
B09,1,3,741
B11,1,2,748
B10,1,2,748
B09,0,3,748
B04,1,3,748
B03,1,3,748
B06,1,2,750
B10,0,2,751
B11,0,2,753
B07,1,1,754
B06,0,2,755
B08,1,2,756
B08,0,2,758
B07,0,1,758
B05,1,3,759
B04,0,3,759
B13,1,3,760
B05,0,3,763
B13,0,3,764
B01,1,1,770
B02,1,2,784
B01,0,1,784
B03,2,3,790
B02,0,2,790
B11,1,2,803
B10,1,2,809
B12,1,2,810
B11,0,2,810
B07,1,1,811
B10,0,2,812
B12,0,2,813
B04,1,3,813
B03,1,3,813
B09,1,3,814
B08,1,2,815
B08,0,2,817
B07,0,1,817
B09,0,3,818
B05,1,3,818
B04,0,3,818
B06,1,2,821
B05,0,3,822
B01,1,1,822
B06,0,2,828
B02,1,2,834
B01,0,1,834
B14,1,3,835
B14,0,3,838
B03,2,3,849
B02,0,2,849
B12,1,2,863
B06,1,2,863
B11,1,2,865
B04,1,3,865
B03,1,3,865
B09,1,3,868
B13,1,3,869
B12,0,2,869
B10,1,2,869
B11,0,2,871
B10,0,2,872
B13,0,3,874
B09,0,3,874
B01,1,1,880
B05,1,3,881
B04,0,3,881
B05,0,3,885
B08,1,2,886
B08,0,2,888
B02,1,2,895
B01,0,1,895
B07,1,1,899
B06,0,2,899
B03,2,3,901
B02,0,2,901
B15,1,1,902
B07,0,1,904
B15,0,1,908
B13,1,3,921
B04,1,3,923
B03,1,3,923
B12,1,2,932
B14,1,3,935
B13,0,3,935
B10,1,2,935
B12,0,2,936
B01,1,1,936
B06,1,2,937
B14,0,3,938
B11,1,2,939
B10,0,2,939
B09,1,3,944
B05,1,3,944
B04,0,3,944
B02,1,2,944
B01,0,1,944
B11,0,2,946
B07,1,1,948
B06,0,2,948
B05,0,3,949
B09,0,3,950
B03,2,3,953
B02,0,2,953
B08,1,2,960
B07,0,1,960
B08,0,2,963
B16,1,2,964
B16,0,2,967
B04,1,3,982
B03,1,3,982
B13,1,3,989
B11,1,2,990
B01,1,1,991
B05,1,3,994
B04,0,3,994
B14,1,3,1003
B13,0,3,1003
B06,1,2,1004
B05,0,3,1004
B02,1,2,1005
B01,0,1,1005
B15,1,1,1006
B14,0,3,1006
B10,1,2,1007
B12,1,2,1008
B11,0,2,1008
B03,2,3,1009
B02,0,2,1009
B15,0,1,1010
B10,0,2,1010
B12,0,2,1011
B17,1,3,1015
B09,1,3,1016
B17,0,3,1019
B09,0,3,1020
B08,1,2,1026
B08,0,2,1028
B04,1,3,1041
B03,1,3,1041
B01,1,1,1044
B06,2,2,1052
B05,1,3,1055
B04,0,3,1055
B13,1,3,1057
B03,2,3,1057
B02,1,2,1058
B01,0,1,1058
B05,0,3,1060
B02,0,2,1061
B16,1,2,1063
B14,1,3,1063
B12,1,2,1063
B13,0,3,1064
B16,0,2,1066
B12,0,2,1066
B15,1,1,1067
B14,0,3,1067
B15,0,1,1073
B18,1,2,1074
B09,1,3,1074
B11,1,2,1076
B18,0,2,1078
B10,1,2,1082
B09,0,3,1082
B11,0,2,1083
B10,0,2,1084
B04,1,3,1098
B03,1,3,1098
B01,1,1,1101
B17,1,3,1111
B03,2,3,1111
B02,1,2,1111
B01,0,1,1111
B05,1,3,1114
B04,0,3,1114
B02,0,2,1114
B17,0,3,1116
B16,1,2,1122
B16,0,2,1124
B13,1,3,1126
B15,1,1,1128
B19,1,3,1130
B15,0,1,1133
B14,1,3,1133
B13,0,3,1133
B11,1,2,1133
B19,0,3,1135
B14,0,3,1136
B12,1,2,1139
B11,0,2,1141
B12,0,2,1142
B10,1,2,1144
B01,1,1,1145
B10,0,2,1147
B04,1,3,1162
B03,1,3,1162
B03,2,3,1167
B02,1,2,1168
B01,0,1,1168
B18,1,2,1170
B02,0,2,1170
B17,1,3,1171
B18,0,2,1174
B17,0,3,1176
B05,2,3,1179
B04,0,3,1179
B13,1,3,1183
B14,1,3,1189
B13,0,3,1189
B16,1,2,1191
B16,0,2,1193
B15,1,1,1197
B14,0,3,1197
B12,1,2,1200
B11,1,2,1200
B15,0,1,1203
B12,0,2,1203
B01,1,1,1203
B11,0,2,1205
B04,1,3,1221
B03,1,3,1221
B03,2,3,1223
B19,1,3,1224
B02,1,2,1226
B01,0,1,1226
B19,0,3,1228
B18,1,2,1228
B02,0,2,1229
B18,0,2,1233
B17,1,3,1240
B05,3,3,1242
B04,0,3,1242
B17,0,3,1245
B14,1,3,1246
B12,1,2,1255
B13,1,3,1256
B12,0,2,1258
B13,0,3,1259
B15,1,1,1260
B14,0,3,1260
B01,1,1,1262
B16,1,2,1264
B15,0,1,1265
B16,0,2,1267
B03,3,3,1280
B02,1,2,1281
B01,0,1,1281
B02,0,2,1284
B04,1,3,1291
B03,2,3,1291
B19,1,3,1292
B19,0,3,1297
B18,1,2,1302
B13,1,3,1302
B07,1,1,1303
B06,1,2,1303
B06,2,2,1303
B05,2,3,1303
B05,3,3,1303
B04,0,3,1303
B18,0,2,1305
B07,0,1,1308
B16,1,2,1315
B01,1,1,1316
B14,1,3,1317
B13,0,3,1317
B17,1,3,1323
B16,0,2,1323
B15,1,1,1326
B14,0,3,1326
B17,0,3,1328
B15,0,1,1332
B03,3,3,1336
B02,1,2,1344
B01,0,1,1344
B02,0,2,1347
B04,1,3,1350
B03,2,3,1350
B07,1,1,1359
B06,1,2,1359
B19,1,3,1361
B19,0,3,1365
B06,2,2,1366
B05,2,3,1366
B05,3,3,1366
B04,0,3,1366
B14,1,3,1372
B01,1,1,1374
B08,1,2,1376
B07,0,1,1376
B08,0,2,1378
B18,1,2,1380
B18,0,2,1384
B17,1,3,1384
B15,1,1,1385
B14,0,3,1385
B16,1,2,1389
B17,0,3,1391
B15,0,1,1391
B16,0,2,1392
B03,3,3,1402
B02,1,2,1402
B01,0,1,1402
B02,0,2,1405
B04,1,3,1420
B03,2,3,1420
B07,1,1,1422
B06,1,2,1422
B06,2,2,1422
B05,2,3,1422
B01,1,1,1432
B05,3,3,1434
B04,0,3,1434
B09,1,3,1435
B19,1,3,1436
B18,1,2,1437
B08,1,2,1439
B07,0,1,1439
B19,0,3,1440
B18,0,2,1440
B09,0,3,1441
B08,0,2,1441
B16,1,2,1442
B17,1,3,1445
B16,0,2,1445
B15,1,1,1448
B17,0,3,1451
B15,0,1,1452
B03,3,3,1457
B02,1,2,1461
B01,0,1,1461
B02,0,2,1463
B07,1,1,1466
B06,1,2,1466
B06,2,2,1469
B05,2,3,1469
B04,1,3,1471
B03,2,3,1471
B01,1,1,1485
B08,1,2,1488
B07,0,1,1488
B19,1,3,1489
B05,3,3,1489
B04,0,3,1489
B19,0,3,1493
B17,1,3,1496
B09,1,3,1497
B08,0,2,1497
B10,1,2,1501
B16,1,2,1502
B09,0,3,1503
B10,0,2,1504
B16,0,2,1505
B18,1,2,1512
B17,0,3,1512
B18,0,2,1515
B03,3,3,1518
B02,1,2,1518
B01,0,1,1518
B02,0,2,1520
B07,1,1,1528
B06,1,2,1528
B06,2,2,1528
B05,2,3,1528
B01,1,1,1536
B08,1,2,1546
B07,0,1,1546
B09,1,3,1550
B08,0,2,1550
B10,1,2,1557
B09,0,3,1557
B17,1,3,1559
B05,3,3,1560
B19,1,3,1563
B19,0,3,1567
B18,1,2,1569
B17,0,3,1569
B18,0,2,1574
B02,1,2,1577
B01,0,1,1577
B07,1,1,1582
B06,1,2,1582
B06,2,2,1582
B05,2,3,1582
B01,1,1,1586
B09,1,3,1595
B08,1,2,1618
B07,0,1,1618
B10,2,2,1619
B09,0,3,1619
B08,0,2,1621
B19,1,3,1625
B18,1,2,1625
B18,0,2,1629
B19,0,3,1630
B02,2,2,1630
B01,0,1,1630
B07,1,1,1636
B06,1,2,1636
B06,2,2,1641
B05,1,3,1641
B11,1,2,1642
B10,1,2,1642
B11,0,2,1646
B01,1,1,1648
B09,1,3,1671
B08,1,2,1678
B07,0,1,1678
B08,0,2,1680
B10,2,2,1687
B09,0,3,1687
B07,1,1,1687
B06,1,2,1687
B11,1,2,1688
B10,1,2,1688
B19,1,3,1693
B12,1,2,1694
B11,0,2,1694
B19,0,3,1698
B12,0,2,1698
B06,2,2,1698
B05,0,3,1698
B09,1,3,1739
B11,1,2,1740
B10,0,2,1740
B10,1,2,1741
B08,1,2,1744
B07,0,1,1744
B13,1,3,1745
B09,0,3,1746
B08,0,2,1746
B07,1,1,1748
B06,1,2,1748
B13,0,3,1749
B12,1,2,1750
B11,0,2,1750
B12,0,2,1754
B06,2,2,1754
B11,1,2,1785
B10,0,2,1785
B09,1,3,1793
B08,1,2,1796
B07,0,1,1796
B08,0,2,1798
B07,1,1,1799
B06,1,2,1799
B12,1,2,1801
B11,0,2,1801
B10,1,2,1806
B09,0,3,1806
B13,1,3,1807
B12,0,2,1807
B14,1,3,1808
B14,0,3,1811
B13,0,3,1812
B11,1,2,1826
B10,0,2,1826
B08,1,2,1850
B07,0,1,1850
B07,1,1,1854
B06,0,2,1854
B09,1,3,1856
B08,0,2,1856
B13,1,3,1859
B12,1,2,1862
B11,0,2,1862
B12,0,2,1865
B10,1,2,1867
B09,0,3,1867
B11,1,2,1871
B10,0,2,1871
B14,1,3,1872
B13,0,3,1872
B15,1,1,1873
B14,0,3,1875
B15,0,1,1877
B04,1,3,1894
B03,2,3,1894
B03,3,3,1894
B02,1,2,1894
B02,2,2,1894
B01,0,1,1894
B01,1,1,1894
B04,0,3,1897
B08,1,2,1900
B07,0,1,1900
B07,1,1,1900
B13,1,3,1913
B09,1,3,1913
B08,0,2,1913
B10,1,2,1918
B09,0,3,1918
B12,1,2,1919
B11,0,2,1919
B12,0,2,1922
B11,1,2,1929
B10,0,2,1929
B16,1,2,1932
B16,0,2,1935
B15,1,1,1937
B14,1,3,1937
B13,0,3,1937
B14,0,3,1940
B15,0,1,1942
B04,1,3,1946
B03,2,3,1946
B03,3,3,1949
B02,1,2,1949
B02,2,2,1955
B01,0,1,1955
B01,1,1,1955
B05,1,3,1957
B04,0,3,1957
B05,0,3,1962
B08,1,2,1964
B07,0,1,1964
B10,1,2,1968
B09,1,3,1974
B08,0,2,1974
B09,0,3,1979
B13,1,3,1981
B12,1,2,1984
B11,0,2,1984
B12,0,2,1987
B17,1,3,1989
B11,1,2,1993
B10,0,2,1993
B17,0,3,1994
B14,1,3,1994
B13,0,3,1994
B16,1,2,1996
B16,0,2,1999
B15,1,1,2008
B14,0,3,2008
B05,1,3,2010
B04,1,3,2010
B03,2,3,2010
B03,3,3,2010
B02,1,2,2010
B02,2,2,2010
B01,0,1,2010
B15,0,1,2012
B04,0,3,2013
B01,1,1,2013
B06,1,2,2017
B05,0,3,2017
B08,1,2,2022
B09,1,3,2024
B06,0,2,2024
B08,0,2,2025
B13,1,3,2030
B10,1,2,2038
B09,0,3,2038
B11,2,2,2046
B10,0,2,2046
B12,1,2,2047
B11,1,2,2047
B17,1,3,2048
B12,0,2,2051
B18,1,2,2053
B17,0,3,2053
B14,1,3,2056
B13,0,3,2056
B18,0,2,2057
B05,1,3,2065
B06,1,2,2066
B16,1,2,2068
B05,0,3,2070
B16,0,2,2071
B15,1,1,2071
B14,0,3,2071
B04,1,3,2071
B03,2,3,2071
B03,3,3,2071
B02,1,2,2071
B02,2,2,2071
B01,0,1,2071
B01,1,1,2071
B09,1,3,2074
B04,0,3,2074
B15,0,1,2075
B07,1,1,2084
B06,0,2,2084
B07,0,1,2090
B10,1,2,2097
B09,0,3,2097
B11,2,2,2103
B10,0,2,2103
B12,1,2,2104
B11,1,2,2104
B18,1,2,2105
B17,1,3,2110
B13,1,3,2111
B12,0,2,2111
B19,1,3,2113
B18,0,2,2113
B17,0,3,2114
B19,0,3,2117
B06,1,2,2121
B04,1,3,2125
B03,2,3,2125
B03,3,3,2127
B02,1,2,2127
B02,2,2,2127
B01,0,1,2127
B01,1,1,2127
B14,1,3,2129
B13,0,3,2129
B07,1,1,2130
B06,0,2,2130
B16,1,2,2132
B05,1,3,2133
B04,0,3,2133
B16,0,2,2135
B05,0,3,2138
B15,1,1,2142
B14,0,3,2142
B15,0,1,2146
B08,1,2,2147
B07,0,1,2147
B08,0,2,2149
B13,1,3,2153
B11,2,2,2154
B10,1,2,2155
B10,0,2,2158
B18,1,2,2163
B12,1,2,2167
B11,1,2,2167
B12,0,2,2170
B19,1,3,2178
B18,0,2,2178
B17,1,3,2181
B06,1,2,2182
B19,0,3,2183
B17,0,3,2186
B04,1,3,2186
B03,2,3,2186
B03,3,3,2186
B02,1,2,2186
B02,2,2,2186
B01,0,1,2186
B05,1,3,2190
B04,0,3,2190
B07,1,1,2193
B06,0,2,2193
B01,1,1,2193
B15,1,1,2194
B11,2,2,2195
B05,0,3,2195
B09,1,3,2196
B14,1,3,2197
B13,0,3,2197
B14,0,3,2200
B09,0,3,2201
B16,1,2,2204
B15,0,1,2204
B08,1,2,2204
B07,0,1,2204
B16,0,2,2207
B08,0,2,2207
B12,1,2,2218
B11,1,2,2218
B13,1,3,2229
B12,0,2,2229
B19,1,3,2236
B18,1,2,2236
B18,0,2,2240
B19,0,3,2241
B05,1,3,2242
B06,1,2,2246
B05,0,3,2246
B04,1,3,2246
B03,2,3,2246
B03,3,3,2246
B02,1,2,2246
B02,2,2,2246
B01,0,1,2246
B07,1,1,2249
B04,0,3,2249
B09,1,3,2251
B17,1,3,2252
B06,0,2,2252
B16,1,2,2253
B01,1,1,2253
B17,0,3,2257
B16,0,2,2257
B08,1,2,2260
B07,0,1,2260
B14,1,3,2263
B13,0,3,2263
B10,1,2,2263
B09,0,3,2263
B08,0,2,2263
B15,1,1,2264
B14,0,3,2266
B10,0,2,2267
B15,0,1,2268
B12,1,2,2274
B11,0,2,2274
B19,1,3,2293
B19,0,3,2299
B05,1,3,2301
B13,1,3,2302
B12,0,2,2302
B06,1,2,2302
B07,1,1,2306
B18,1,2,2307
B06,0,2,2308
B05,0,3,2309
B18,0,2,2311
B04,1,3,2312
B03,2,3,2312
B03,3,3,2312
B02,1,2,2312
B02,2,2,2312
B01,0,1,2312
B01,1,1,2312
B04,0,3,2314
B17,1,3,2316
B10,1,2,2317
B08,1,2,2318
B07,0,1,2318
B11,1,2,2319
B16,1,2,2320
B17,0,3,2321
B10,0,2,2321
B16,0,2,2323
B14,1,3,2323
B13,0,3,2323
B09,1,3,2323
B08,0,2,2323
B09,0,3,2330
B15,1,1,2332
B14,0,3,2332
B12,1,2,2337
B11,0,2,2337
B15,0,1,2338
B07,1,1,2351
B13,1,3,2360
B12,0,2,2360
B11,1,2,2362
B06,1,2,2368
B19,1,3,2369
B04,1,3,2370
B03,2,3,2370
B03,3,3,2370
B02,1,2,2370
B02,2,2,2370
B01,0,1,2370
B17,1,3,2371
B05,1,3,2372
B19,0,3,2373
B09,1,3,2373
B04,0,3,2373
B01,1,1,2373
B06,0,2,2375
B05,0,3,2376
B18,1,2,2378
B17,0,3,2378
B14,1,3,2378
B13,0,3,2378
B08,1,2,2378
B07,0,1,2378
B08,0,2,2381
B18,0,2,2383
B10,1,2,2386
B09,0,3,2386
B10,0,2,2389
B16,1,2,2394
B16,0,2,2397
B15,1,1,2397
B14,0,3,2397
B12,1,2,2397
B11,0,2,2397
B15,0,1,2402
B07,1,1,2419
B06,1,2,2420
B13,1,3,2421
B12,0,2,2421
B05,1,3,2423
B06,0,2,2425
B05,0,3,2428
B09,1,3,2430
B18,1,2,2431
B04,1,3,2431
B03,2,3,2431
B03,3,3,2431
B02,1,2,2431
B02,2,2,2431
B01,0,1,2431
B01,1,1,2431
B19,1,3,2432
B04,0,3,2434
B19,0,3,2435
B18,0,2,2436
B10,1,2,2442
B09,0,3,2442
B08,1,2,2442
B07,0,1,2442
B14,1,3,2443
B13,0,3,2443
B08,0,2,2444
B11,1,2,2451
B10,0,2,2451
B17,1,3,2454
B12,1,2,2458
B11,0,2,2458
B17,0,3,2459
B16,1,2,2463
B15,1,1,2464
B14,0,3,2464
B16,0,2,2466
B15,0,1,2469
B07,1,1,2480
B13,1,3,2485
B12,0,2,2485
B06,1,2,2486
B04,1,3,2491
B03,2,3,2491
B03,3,3,2491
B02,1,2,2491
B02,2,2,2491
B01,0,1,2491
B06,0,2,2494
B05,1,3,2494
B04,0,3,2494
B01,1,1,2496
B09,1,3,2498
B05,0,3,2498
B10,1,2,2502
B09,0,3,2502
B08,1,2,2504
B07,0,1,2504
B14,1,3,2505
B13,0,3,2505
B08,0,2,2507
B11,1,2,2508
B10,0,2,2508
B19,1,3,2509
B18,1,2,2511
B19,0,3,2514
B12,1,2,2514
B11,0,2,2514
B18,0,2,2515
B16,1,2,2516
B15,1,1,2519
B14,0,3,2519
B17,1,3,2520
B16,0,2,2520
B15,0,1,2523
B17,0,3,2525
B13,1,3,2541
B12,0,2,2541
B05,1,3,2551
B11,1,2,2552
B06,1,2,2552
B04,1,3,2553
B03,2,3,2553
B03,3,3,2553
B02,1,2,2553
B02,2,2,2554
B01,0,1,2554
B01,1,1,2554
B07,1,1,2555
B04,0,3,2556
B10,1,2,2557
B05,0,3,2557
B09,1,3,2558
B06,0,2,2559
B10,0,2,2560
B09,0,3,2564
B14,1,3,2566
B13,0,3,2566
B08,1,2,2568
B07,0,1,2568
B12,1,2,2569
B11,0,2,2569
B08,0,2,2570
B15,1,1,2576
B14,0,3,2576
B19,1,3,2577
B17,1,3,2579
B19,0,3,2580
B18,1,2,2580
B17,0,3,2584
B18,0,2,2585
B13,1,3,2585
B12,0,2,2585
B16,1,2,2586
B15,0,1,2586
B16,0,2,2588
B07,1,1,2608
B06,1,2,2608
B11,1,2,2609
B04,1,3,2611
B03,2,3,2611
B03,3,3,2611
B02,1,2,2611
B02,2,2,2611
B01,0,1,2611
B05,1,3,2613
B06,0,2,2614
B04,0,3,2615
B10,1,2,2618
B09,1,3,2619
B05,0,3,2619
B10,0,2,2620
B12,1,2,2621
B11,0,2,2621
B01,1,1,2621
B09,0,3,2624
B14,1,3,2630
B13,0,3,2630
B19,1,3,2633
B18,1,2,2633
B16,1,2,2633
B18,0,2,2637
B15,1,1,2637
B14,0,3,2637
B08,1,2,2637
B07,0,1,2637
B17,1,3,2638
B16,0,2,2638
B08,0,2,2639
B17,0,3,2643
B15,0,1,2644
B13,1,3,2647
B12,0,2,2647
B19,0,3,2650
B04,1,3,2666
B03,2,3,2666
B03,3,3,2666
B02,1,2,2666
B02,2,2,2666
B01,0,1,2666
B11,1,2,2667
B05,1,3,2671
B04,0,3,2671
B07,1,1,2672
B06,1,2,2674
B05,0,3,2676
B01,1,1,2677
B06,0,2,2679
B12,1,2,2680
B11,0,2,2680
B10,1,2,2681
B10,0,2,2685
B17,1,3,2686
B19,1,3,2690
B08,1,2,2692
B07,0,1,2692
B18,1,2,2695
B17,0,3,2695
B16,1,2,2695
B15,1,1,2696
B16,0,2,2698
B13,2,3,2699
B12,0,2,2699
B09,1,3,2699
B08,0,2,2699
B18,0,2,2700
B14,1,3,2700
B13,1,3,2700
B15,0,1,2701
B14,0,3,2703
B09,0,3,2706
B19,0,3,2709
B06,1,2,2721
B04,1,3,2724
B03,2,3,2724
B03,3,3,2724
B02,1,2,2724
B02,2,2,2724
B01,0,1,2724
B01,1,1,2731
B07,1,1,2733
B06,0,2,2733
B05,1,3,2733
B04,0,3,2733
B08,1,2,2735
B12,1,2,2737
B05,0,3,2737
B07,0,1,2739
B17,1,3,2740
B09,1,3,2742
B08,0,2,2742
B18,1,2,2748
B17,0,3,2748
B11,1,2,2749
B13,2,3,2750
B12,0,2,2750
B11,0,2,2754
B19,1,3,2759
B18,0,2,2759
B16,1,2,2759
B16,0,2,2762
B19,0,3,2765
B14,1,3,2765
B13,1,3,2765
B15,1,1,2767
B14,0,3,2768
B10,1,2,2771
B09,0,3,2771
B15,0,1,2772
B10,0,2,2774
B05,1,3,2787
B04,1,3,2787
B03,2,3,2787
B03,3,3,2787
B02,1,2,2787
B02,2,2,2787
B01,0,1,2787
B01,1,1,2787
B06,1,2,2790
B04,0,3,2791
B05,0,3,2792
B09,1,3,2797
B08,1,2,2798
B18,1,2,2799
B08,0,2,2800
B17,1,3,2808
B13,2,3,2810
B17,0,3,2813
B12,1,2,2813
B19,1,3,2817
B18,0,2,2817
B12,0,2,2817
B11,1,2,2821
B10,1,2,2821
B09,0,3,2821
B19,0,3,2822
B10,0,2,2824
B16,1,2,2827
B14,1,3,2827
B13,1,3,2827
B11,0,2,2827
B16,0,2,2830
B15,1,1,2830
B14,0,3,2830
B15,0,1,2834
B07,1,1,2842
B06,0,2,2842
B05,1,3,2845
B04,1,3,2845
B03,2,3,2845
B03,3,3,2845
B02,1,2,2845
B02,2,2,2845
B01,0,1,2845
B01,1,1,2845
B09,1,3,2847
B07,0,1,2848
B04,0,3,2848
B06,1,2,2854
B05,0,3,2854
B13,2,3,2861
B19,1,3,2864
B18,1,2,2867
B18,0,2,2871
B11,1,2,2872
B19,0,3,2875
B17,1,3,2878
B10,1,2,2881
B09,0,3,2881
B17,0,3,2883
B14,1,3,2884
B13,1,3,2884
B10,0,2,2885
B16,1,2,2894
B16,0,2,2897
B12,1,2,2898
B11,0,2,2898
B15,1,1,2899
B14,0,3,2899
B12,0,2,2901
B15,0,1,2903
B08,1,2,2903
B08,0,2,2905
B07,1,1,2906
B06,0,2,2906
B05,1,3,2908
B06,1,2,2910
B07,0,1,2913
B04,1,3,2913
B03,2,3,2913
B03,3,3,2913
B02,1,2,2913
B02,2,2,2913
B01,0,1,2913
B01,1,1,2913
B05,0,3,2914
B04,0,3,2916
B19,1,3,2924
B19,0,3,2928
B10,1,2,2935
B14,1,3,2943
B13,0,3,2943
B11,1,2,2944
B10,0,2,2944
B17,1,3,2948
B16,1,2,2950
B13,1,3,2951
B07,1,1,2951
B06,0,2,2951
B18,1,2,2952
B17,0,3,2952
B16,0,2,2953
B12,1,2,2953
B11,0,2,2953
B09,1,3,2954
B18,0,2,2956
B12,0,2,2956
B15,1,1,2959
B14,0,3,2959
B09,0,3,2959
B04,1,3,2961
B03,2,3,2961
B08,1,2,2962
B07,0,1,2962
B06,1,2,2962
B15,0,1,2965
B08,0,2,2965
B05,1,3,2972
B04,0,3,2972
B03,3,3,2973
B02,1,2,2973
B05,0,3,2977
B02,2,2,2981
B01,0,1,2981
B01,1,1,2981
B11,1,2,2993
B07,1,1,2997
B06,0,2,2997
B14,1,3,3001
B13,0,3,3001
B17,1,3,3009
B19,1,3,3011
B12,1,2,3011
B11,0,2,3011
B13,1,3,3012
B15,1,1,3014
B14,0,3,3014
B12,0,2,3014
B19,0,3,3016
B10,1,2,3017
B09,1,3,3017
B16,1,2,3020
B15,0,1,3020
B10,0,2,3020
B09,0,3,3022
B08,1,2,3022
B07,0,1,3022
B16,0,2,3023
B08,0,2,3024
B06,1,2,3027
B05,1,3,3028
B04,1,3,3030
B03,2,3,3030
B03,3,3,3030
B02,1,2,3030
B05,0,3,3032
B02,2,2,3032
B01,0,1,3032
B04,0,3,3033
B01,1,1,3037
B18,1,2,3053
B17,0,3,3053
B07,1,1,3055
B06,0,2,3055
B18,0,2,3057
B11,1,2,3063
B12,1,2,3064
B14,1,3,3065
B13,0,3,3065
B15,1,1,3069
B14,0,3,3069
B13,1,3,3069
B12,0,2,3069
B11,0,2,3070
B16,1,2,3073
B17,1,3,3075
B15,0,1,3075
B09,1,3,3075
B16,0,2,3076
B08,1,2,3081
B07,0,1,3081
B06,1,2,3082
B08,0,2,3084
B05,1,3,3085
B10,1,2,3088
B09,0,3,3088
B05,0,3,3090
B10,0,2,3091
B04,1,3,3093
B03,2,3,3093
B03,3,3,3093
B02,1,2,3093
B02,2,2,3093
B01,0,1,3093
B01,1,1,3093
B04,0,3,3096
B18,1,2,3103
B17,0,3,3103
B19,1,3,3105
B18,0,2,3108
B19,0,3,3110
B16,1,2,3120
B17,1,3,3123
B16,0,2,3123
B12,1,2,3129
B15,1,1,3132
B08,1,2,3132
B14,1,3,3133
B13,0,3,3133
B14,0,3,3135
B13,1,3,3135
B12,0,2,3135
B07,1,1,3135
B06,0,2,3135
B15,0,1,3136
B09,1,3,3136
B08,0,2,3136
B07,0,1,3140
B11,1,2,3141
B06,1,2,3142
B10,1,2,3144
B09,0,3,3144
B05,1,3,3146
B11,0,2,3147
B10,0,2,3147
B04,1,3,3150
B03,2,3,3150
B03,3,3,3150
B02,1,2,3150
B02,2,2,3150
B01,0,1,3150
B05,0,3,3151
B01,1,1,3151
B04,0,3,3153
B19,1,3,3155
B18,1,2,3156
B17,0,3,3156
B18,0,2,3159
B19,0,3,3170
B17,1,3,3173
B13,2,3,3185
B07,1,1,3185
B06,0,2,3185
B09,1,3,3186
B08,1,2,3193
B07,0,1,3193
B16,1,2,3195
B08,0,2,3195
B16,0,2,3197
B10,1,2,3198
B09,0,3,3198
B06,1,2,3200
B15,1,1,3201
B14,1,3,3203
B13,1,3,3203
B05,1,3,3203
B14,0,3,3205
B04,1,3,3205
B03,2,3,3205
B03,3,3,3205
B02,1,2,3205
B02,2,2,3205
B01,0,1,3205
B01,1,1,3205
B15,0,1,3207
B12,1,2,3207
B18,1,2,3208
B17,0,3,3208
B11,1,2,3208
B10,0,2,3208
B04,0,3,3208
B05,0,3,3209
B12,0,2,3210
B11,0,2,3213
B19,1,3,3216
B18,0,2,3216
B19,0,3,3226
B09,1,3,3240
B08,1,2,3242
B08,0,2,3245
B17,1,3,3249
B07,1,1,3251
B06,0,2,3251
B16,1,2,3252
B16,0,2,3255
B07,0,1,3256
B10,1,2,3259
B09,0,3,3259
B18,1,2,3261
B17,0,3,3261
B06,1,2,3261
B05,1,3,3261
B14,1,3,3263
B13,0,3,3263
B05,0,3,3264
B04,1,3,3266
B03,2,3,3266
B03,3,3,3266
B02,1,2,3266
B02,2,2,3266
B01,0,1,3266
B01,1,1,3266
B19,1,3,3267
B18,0,2,3267
B13,1,3,3267
B15,1,1,3269
B14,0,3,3269
B04,0,3,3269
B15,0,1,3275
B12,1,2,3276
B19,0,3,3278
B12,0,2,3279
B11,1,2,3282
B10,0,2,3282
B11,0,2,3288
B09,1,3,3294
B07,1,1,3297
B06,0,2,3297
B17,1,3,3310
B18,1,2,3314
B17,0,3,3314
B08,1,2,3315
B07,0,1,3315
B10,1,2,3317
B09,0,3,3317
B08,0,2,3317
B06,1,2,3319
B05,1,3,3325
B16,1,2,3329
B19,1,3,3330
B18,0,2,3330
B14,1,3,3330
B13,0,3,3330
B05,0,3,3330
B16,0,2,3332
B11,1,2,3334
B10,0,2,3334
B04,1,3,3334
B03,2,3,3334
B03,3,3,3334
B02,1,2,3334
B02,2,2,3334
B01,0,1,3334
B01,1,1,3334
B04,0,3,3337
B19,0,3,3338
B12,1,2,3343
B11,0,2,3343
B13,1,3,3345
B07,1,1,3345
B06,0,2,3345
B12,0,2,3346
B18,1,2,3370
B09,1,3,3371
B08,1,2,3374
B07,0,1,3374
B08,0,2,3377
B17,1,3,3381
B10,1,2,3381
B09,0,3,3381
B11,1,2,3382
B19,1,3,3384
B18,0,2,3384
B10,0,2,3384
B14,2,3,3386
B13,0,3,3386
B17,0,3,3387
B06,1,2,3389
B19,0,3,3391
B12,1,2,3393
B11,0,2,3393
B07,1,1,3393
B06,0,2,3394
B04,1,3,3397
B03,2,3,3397
B03,3,3,3397
B02,1,2,3397
B02,2,2,3397
B01,0,1,3397
B05,1,3,3405
B04,0,3,3405
B13,1,3,3407
B12,0,2,3407
B01,1,1,3407
B05,0,3,3411
B11,1,2,3426
B08,1,2,3427
B07,0,1,3427
B09,1,3,3432
B08,0,2,3432
B10,1,2,3434
B10,0,2,3437
B09,0,3,3438
B07,1,1,3446
B18,1,2,3448
B19,1,3,3449
B19,0,3,3452
B18,0,2,3453
B14,3,3,3454
B13,0,3,3454
B04,1,3,3459
B03,2,3,3459
B03,3,3,3459
B02,1,2,3459
B02,2,2,3459
B01,0,1,3459
B01,1,1,3460
B12,1,2,3461
B11,0,2,3461
B05,1,3,3462
B04,0,3,3463
B06,1,2,3469
B05,0,3,3469
B13,1,3,3472
B12,0,2,3472
B06,0,2,3474
B11,1,2,3479
B09,1,3,3484
B08,1,2,3485
B07,0,1,3485
B08,0,2,3487
B10,1,2,3497
B09,0,3,3497
B10,0,2,3500
B19,1,3,3510
B15,1,1,3510
B14,2,3,3510
B04,1,3,3510
B03,2,3,3510
B14,3,3,3512
B13,0,3,3512
B12,1,2,3512
B11,0,2,3512
B15,0,1,3515
B19,0,3,3517
B06,1,2,3517
B03,3,3,3517
B02,1,2,3517
B02,2,2,3517
B01,0,1,3517
B01,1,1,3517
B05,1,3,3523
B04,0,3,3523
B05,0,3,3528
B07,1,1,3531
B06,0,2,3531
B13,1,3,3533
B12,0,2,3533
B09,1,3,3540
B08,1,2,3543
B07,0,1,3543
B08,0,2,3545
B11,1,2,3549
B10,1,2,3557
B09,0,3,3557
B10,0,2,3560
B16,1,2,3567
B16,0,2,3569
B12,1,2,3570
B11,0,2,3570
B15,1,1,3571
B14,2,3,3571
B05,1,3,3572
B14,3,3,3574
B13,0,3,3574
B15,0,1,3576
B13,1,3,3577
B12,0,2,3577
B04,1,3,3577
B03,2,3,3577
B03,3,3,3577
B02,1,2,3577
B02,2,2,3577
B01,0,1,3577
B01,1,1,3577
B04,0,3,3580
B07,1,1,3582
B06,1,2,3588
B05,0,3,3588
B06,0,2,3594
B08,1,2,3601
B07,0,1,3601
B09,1,3,3603
B08,0,2,3603
B17,1,3,3607
B17,0,3,3612
B11,1,2,3617
B10,1,2,3622
B09,0,3,3622
B13,2,3,3624
B10,0,2,3625
B16,1,2,3629
B12,1,2,3631
B11,0,2,3631
B16,0,2,3632
B15,1,1,3634
B14,2,3,3634
B12,0,2,3635
B05,1,3,3635
B15,0,1,3639
B14,3,3,3639
B13,1,3,3639
B06,1,2,3642
B05,0,3,3642
B04,1,3,3651
B03,2,3,3651
B03,3,3,3651
B02,1,2,3651
B02,2,2,3651
B01,0,1,3651
B01,1,1,3651
B04,0,3,3654
B07,1,1,3657
B06,0,2,3657
B09,1,3,3658
B18,1,2,3662
B08,1,2,3665
B07,0,1,3665
B18,0,2,3667
B08,0,2,3669
B11,1,2,3674
B10,1,2,3675
B09,0,3,3675
B10,0,2,3677
B15,1,1,3686
B14,2,3,3686
B17,1,3,3687
B13,2,3,3687
B17,0,3,3692
B16,1,2,3693
B15,0,1,3693
B12,1,2,3694
B11,0,2,3694
B06,1,2,3694
B16,0,2,3695
B14,3,3,3697
B13,1,3,3697
B12,0,2,3698
B04,1,3,3710
B03,2,3,3710
B03,3,3,3710
B02,1,2,3710
B02,2,2,3710
B01,0,1,3710
B01,1,1,3710
B19,1,3,3713
B07,1,1,3714
B06,0,2,3714
B09,1,3,3717
B19,0,3,3718
B11,1,2,3720
B10,1,2,3731
B09,0,3,3731
B08,1,2,3732
B07,0,1,3732
B10,0,2,3734
B08,0,2,3735
B05,1,3,3740
B04,0,3,3740
B18,1,2,3743
B05,0,3,3745
B18,0,2,3747
B17,1,3,3747
B12,1,2,3748
B11,0,2,3748
B16,1,2,3749
B13,2,3,3749
B12,0,2,3752
B17,0,3,3753
B16,0,2,3753
B15,1,1,3753
B14,2,3,3753
B15,0,1,3757
B14,3,3,3762
B13,1,3,3762
B04,1,3,3773
B03,2,3,3773
B03,3,3,3773
B02,1,2,3773
B02,2,2,3773
B01,0,1,3773
B01,1,1,3773
B07,1,1,3781
B08,1,2,3786
B07,0,1,3787
B09,1,3,3789
B08,0,2,3789
B10,1,2,3790
B05,1,3,3792
B04,0,3,3792
B09,0,3,3793
B17,1,3,3796
B13,2,3,3799
B06,1,2,3802
B05,0,3,3802
B18,1,2,3803
B17,0,3,3803
B19,1,3,3804
B18,0,2,3807
B06,0,2,3808
B19,0,3,3809
B12,1,2,3811
B12,0,2,3814
B15,1,1,3815
B14,2,3,3815
B16,1,2,3818
B15,0,1,3819
B16,0,2,3821
B04,1,3,3826
B03,2,3,3826
B03,3,3,3826
B02,1,2,3826
B02,2,2,3832
B01,0,1,3832
B01,1,1,3832
B14,3,3,3833
B13,1,3,3833
B09,1,3,3840
B10,2,2,3843
B09,0,3,3845
B05,1,3,3845
B04,0,3,3845
B08,1,2,3846
B08,0,2,3848
B06,1,2,3848
B05,0,3,3852
B18,1,2,3854
B19,1,3,3862
B18,0,2,3862
B19,0,3,3867
B13,2,3,3867
B16,1,2,3871
B15,1,1,3871
B14,2,3,3871
B17,1,3,3875
B16,0,2,3875
B15,0,1,3876
B07,1,1,3879
B06,0,2,3879
B17,0,3,3880
B04,1,3,3880
B03,2,3,3880
B03,3,3,3880
B02,1,2,3880
B07,0,1,3884
B02,2,2,3891
B01,0,1,3891
B01,1,1,3893
B09,1,3,3895
B14,3,3,3896
B13,1,3,3896
B05,1,3,3899
B04,0,3,3899
B06,1,2,3905
B05,0,3,3905
B19,1,3,3906
B16,1,2,3919
B19,0,3,3921
B11,1,2,3924
B10,1,2,3924
B10,2,2,3924
B09,0,3,3924
B11,0,2,3930
B17,1,3,3931
B16,0,2,3931
B07,1,1,3932
B06,0,2,3932
B15,1,1,3933
B14,2,3,3933
B18,1,2,3934
B17,0,3,3936
B18,0,2,3938
B15,0,1,3939
B04,1,3,3946
B03,2,3,3946
B03,3,3,3946
B02,1,2,3946
B06,1,2,3951
B14,3,3,3952
B13,0,3,3952
B05,1,3,3957
B04,0,3,3957
B08,1,2,3958
B07,0,1,3958
B02,2,2,3958
B01,0,1,3958
B01,1,1,3958
B08,0,2,3960
B05,0,3,3962
B19,0,3,3973
B11,1,2,3976
B10,1,2,3976
B07,1,1,3979
B06,0,2,3979
B10,2,2,3984
B18,1,2,3985
B17,1,3,3987
B12,1,2,3987
B11,0,2,3987
B16,1,2,3988
B16,0,2,3991
B12,0,2,3991
B19,1,3,3993
B18,0,2,3993
B17,0,3,3993
B15,1,1,4001
B14,2,3,4001
B04,1,3,4002
B03,2,3,4002
B03,3,3,4002
B02,1,2,4002
B02,2,2,4002
B01,0,1,4002
B15,0,1,4006
B01,1,1,4010
B09,1,3,4011
B06,1,2,4013
B14,3,3,4014
B05,1,3,4014
B04,0,3,4014
B09,0,3,4018
B05,0,3,4020
B08,1,2,4022
B07,0,1,4022
B08,0,2,4024
B19,0,3,4032
B11,1,2,4032
B10,1,2,4032
B07,1,1,4033
B06,0,2,4033
B17,1,3,4034
B19,1,3,4041
B12,1,2,4044
B11,0,2,4044
B13,1,3,4048
B12,0,2,4048
B13,0,3,4052
B18,1,2,4061
B17,0,3,4061
B16,1,2,4064
B04,1,3,4064
B03,2,3,4064
B03,3,3,4064
B02,1,2,4064
B02,2,2,4064
B01,0,1,4064
B01,1,1,4064
B18,0,2,4065
B15,1,1,4066
B14,2,3,4066
B16,0,2,4067
B06,1,2,4070
B15,0,1,4071
B09,1,3,4075
B19,0,3,4079
B05,1,3,4079
B04,0,3,4079
B08,1,2,4083
B07,0,1,4083
B05,0,3,4084
B08,0,2,4086
B10,2,2,4088
B09,0,3,4088
B07,1,1,4097
B06,0,2,4097
B13,1,3,4103
B11,1,2,4103
B10,1,2,4103
B18,1,2,4111
B14,3,3,4115
B13,0,3,4115
B04,1,3,4116
B03,2,3,4116
B19,1,3,4118
B18,0,2,4118
B15,1,1,4121
B14,2,3,4121
B03,3,3,4121
B02,1,2,4121
B02,2,2,4121
B01,0,1,4121
B16,1,2,4124
B15,0,1,4125
B17,1,3,4126
B16,0,2,4127
B01,1,1,4128
B19,0,3,4129
B17,0,3,4130
B05,1,3,4130
B04,0,3,4130
B08,1,2,4131
B07,0,1,4131
B06,1,2,4137
B05,0,3,4137
B10,2,2,4144
B09,1,3,4149
B08,0,2,4149
B11,2,2,4153
B10,1,2,4153
B09,0,3,4155
B07,1,1,4158
B06,0,2,4158
B19,1,3,4170
B16,1,2,4170
B04,1,3,4172
B03,2,3,4172
B03,3,3,4175
B02,1,2,4175
B14,3,3,4177
B17,1,3,4180
B16,0,2,4180
B02,2,2,4180
B01,0,1,4180
B01,1,1,4180
B18,1,2,4182
B17,0,3,4184
B08,1,2,4184
B07,0,1,4184
B18,0,2,4186
B05,1,3,4186
B04,0,3,4186
B15,1,1,4187
B14,2,3,4187
B19,0,3,4190
B15,0,1,4192
B06,1,2,4196
B05,0,3,4196
B09,1,3,4201
B08,0,2,4201
B10,2,2,4216
B09,0,3,4216
B04,1,3,4219
B03,2,3,4219
B07,1,1,4223
B06,0,2,4223
B03,3,3,4229
B02,1,2,4229
B02,2,2,4232
B01,0,1,4232
B01,1,1,4232
B17,1,3,4233
B18,1,2,4243
B17,0,3,4243
B16,1,2,4245
B16,0,2,4247
B06,1,2,4248
B08,1,2,4250
B07,0,1,4250
B05,1,3,4252
B04,0,3,4252
B09,1,3,4254
B08,0,2,4254
B05,0,3,4257
B15,1,1,4262
B14,1,3,4262
B15,0,1,4268
B12,1,2,4284
B11,1,2,4284
B11,2,2,4284
B10,1,2,4284
B10,2,2,4284
B09,0,3,4284
B07,1,1,4284
B06,0,2,4284
B12,0,2,4287
B04,1,3,4287
B03,2,3,4287
B03,3,3,4287
B02,1,2,4287
B02,2,2,4287
B01,0,1,4287
B01,1,1,4288
B18,2,2,4295
B17,1,3,4298
B17,0,3,4302
B09,1,3,4303
B05,1,3,4304
B04,0,3,4304
B08,1,2,4305
B07,0,1,4305
B08,0,2,4308
B06,1,2,4308
B05,0,3,4309
B15,1,1,4320
B14,0,3,4320
B07,1,1,4334
B06,0,2,4334
B13,1,3,4340
B13,0,3,4345
B12,1,2,4346
B11,1,2,4346
B11,2,2,4346
B10,1,2,4346
B10,2,2,4346
B09,0,3,4346
B12,0,2,4349
B04,1,3,4349
B03,2,3,4349
B03,3,3,4349
B02,1,2,4349
B02,2,2,4349
B01,0,1,4349
B01,1,1,4349
B08,1,2,4354
B07,0,1,4354
B16,1,2,4356
B15,0,1,4356
B16,0,2,4359
B09,1,3,4360
B08,0,2,4360
B06,1,2,4360
B05,1,3,4362
B04,0,3,4362
B05,0,3,4367
B15,1,1,4381
B07,1,1,4390
B06,0,2,4390
B13,1,3,4398
B12,1,2,4400
B11,1,2,4400
B12,0,2,4403
B04,1,3,4403
B03,2,3,4403
B03,3,3,4403
B02,1,2,4403
B02,2,2,4403
B01,0,1,4403
B01,1,1,4403
B16,1,2,4407
B15,0,1,4407
B08,1,2,4411
B07,0,1,4411
B11,2,2,4412
B10,1,2,4412
B10,2,2,4412
B09,0,3,4412
B09,1,3,4413
B08,0,2,4414
B17,1,3,4417
B16,0,2,4417
B14,1,3,4418
B13,0,3,4418
B14,0,3,4421
B05,1,3,4421
B04,0,3,4421
B06,1,2,4424
B05,0,3,4426
B19,1,3,4436
B18,1,2,4436
B18,2,2,4436
B17,0,3,4436
B07,1,1,4439
B06,0,2,4439
B19,0,3,4442
B09,2,3,4454
B12,1,2,4458
B11,1,2,4458
B04,1,3,4464
B03,2,3,4464
B03,3,3,4464
B02,1,2,4464
B02,2,2,4464
B01,0,1,4464
B01,1,1,4464
B13,1,3,4468
B12,0,2,4468
B16,1,2,4470
B08,1,2,4473
B07,0,1,4473
B08,0,2,4476
B06,1,2,4479
B15,1,1,4480
B14,1,3,4480
B13,0,3,4480
B14,0,3,4482
B15,0,1,4484
B05,1,3,4486
B04,0,3,4486
B19,1,3,4491
B18,1,2,4491
B18,2,2,4491
B05,0,3,4491
B19,0,3,4495
B07,1,1,4501
B06,0,2,4501
B12,1,2,4514
B11,0,2,4514
B04,1,3,4519
B03,2,3,4519
B03,3,3,4519
B02,1,2,4519
B02,2,2,4519
B01,0,1,4519
B01,1,1,4520
B13,1,3,4523
B12,0,2,4523
B09,3,3,4527
B08,1,2,4531
B07,0,1,4531
B08,0,2,4535
B15,1,1,4540
B16,2,2,4542
B06,1,2,4542
B15,0,1,4544
B14,1,3,4544
B13,0,3,4544
B05,1,3,4544
B04,0,3,4544
B14,0,3,4547
B05,0,3,4550
B19,1,3,4563
B18,1,2,4563
B19,0,3,4568
B12,1,2,4571
B08,1,2,4574
B04,1,3,4576
B03,2,3,4576
B03,3,3,4577
B02,1,2,4577
B02,2,2,4577
B01,0,1,4577
B01,1,1,4577
B13,1,3,4583
B12,0,2,4583
B07,1,1,4584
B06,0,2,4584
B07,0,1,4591
B05,1,3,4603
B04,0,3,4603
B06,1,2,4604
B15,1,1,4605
B05,0,3,4608
B14,1,3,4610
B13,0,3,4610
B14,0,3,4612
B19,1,3,4614
B18,0,2,4614
B19,0,3,4619
B11,1,2,4630
B10,1,2,4630
B10,2,2,4630
B09,2,3,4630
B09,3,3,4630
B08,0,2,4630
B11,0,2,4634
B07,1,1,4634
B06,0,2,4634
B04,1,3,4635
B03,2,3,4635
B13,1,3,4645
B08,1,2,4653
B07,0,1,4653
B06,1,2,4657
B05,1,3,4662
B04,0,3,4662
B05,0,3,4668
B14,1,3,4670
B13,0,3,4670
B19,0,3,4675
B19,1,3,4677
B11,1,2,4684
B10,1,2,4684
B10,2,2,4684
B09,2,3,4684
B09,3,3,4687
B08,0,2,4687
B03,3,3,4687
B02,1,2,4687
B02,2,2,4687
B01,0,1,4687
B01,1,1,4687
B04,1,3,4688
B03,2,3,4688
B07,1,1,4694
B06,0,2,4694
B12,1,2,4697
B11,0,2,4697
B12,0,2,4700
B06,1,2,4711
B05,1,3,4716
B04,0,3,4716
B08,1,2,4720
B07,0,1,4720
B05,0,3,4722
B14,2,3,4728
B19,0,3,4733
B03,3,3,4735
B02,1,2,4735
B11,1,2,4742
B10,1,2,4742
B10,2,2,4742
B09,2,3,4742
B09,3,3,4742
B08,0,2,4742
B04,1,3,4744
B03,2,3,4744
B02,2,2,4746
B01,0,1,4746
B13,1,3,4748
B01,1,1,4751
B13,0,3,4752
B07,1,1,4752
B06,0,2,4752
B12,1,2,4764
B11,0,2,4764
B12,0,2,4767
B08,1,2,4776
B07,0,1,4776
B05,1,3,4780
B04,0,3,4780
B11,1,2,4784
B10,1,2,4784
B06,1,2,4786
B05,0,3,4786
B03,3,3,4786
B02,1,2,4786
B19,0,3,4794
B04,1,3,4798
B03,2,3,4798
B10,2,2,4800
B09,2,3,4800
B09,3,3,4800
B08,0,2,4800
B14,3,3,4808
B02,2,2,4812
B01,0,1,4812
B01,1,1,4812
B12,1,2,4818
B11,0,2,4818
B07,1,1,4818
B06,0,2,4818
B13,1,3,4820
B12,0,2,4821
B13,0,3,4824
B17,1,3,4828
B16,1,2,4828
B16,2,2,4828
B15,0,1,4828
B15,1,1,4828
B14,2,3,4828
B06,1,2,4830
B17,0,3,4834
B11,1,2,4838
B10,1,2,4838
B08,1,2,4838
B07,0,1,4838
B05,1,3,4840
B04,0,3,4840
B05,0,3,4846
B04,1,3,4852
B03,1,3,4852
B10,2,2,4856
B09,2,3,4856
B09,3,3,4856
B08,0,2,4856
B03,2,3,4865
B02,1,2,4865
B02,2,2,4865
B01,0,1,4865
B01,1,1,4865
B07,1,1,4866
B06,0,2,4866
B13,1,3,4870
B12,1,2,4880
B11,0,2,4880
B17,1,3,4881
B16,1,2,4881
B16,2,2,4881
B15,0,1,4881
B12,0,2,4883
B15,1,1,4884
B14,1,3,4884
B14,2,3,4886
B13,0,3,4886
B11,1,2,4887
B10,1,2,4887
B18,1,2,4888
B17,0,3,4888
B08,1,2,4891
B07,0,1,4891
B18,0,2,4892
B05,1,3,4898
B04,0,3,4898
B06,1,2,4900
B05,0,3,4902
B10,2,2,4907
B09,2,3,4907
B09,3,3,4907
B08,0,2,4907
B04,1,3,4910
B03,1,3,4910
B03,2,3,4916
B02,1,2,4916
B02,2,2,4916
B01,0,1,4916
B01,1,1,4922
B07,1,1,4925
B06,0,2,4925
B11,2,2,4926
B10,1,2,4926
B13,1,3,4935
B17,1,3,4938
B16,1,2,4938
B16,2,2,4938
B15,0,1,4938
B18,1,2,4940
B19,1,3,4941
B17,0,3,4943
B15,1,1,4943
B14,1,3,4943
B12,1,2,4944
B11,1,2,4944
B19,0,3,4945
B18,0,2,4945
B14,2,3,4945
B13,0,3,4945
B12,0,2,4947
B08,1,2,4950
B07,0,1,4950
B10,2,2,4959
B09,2,3,4959
B09,3,3,4961
B08,0,2,4961
B05,1,3,4965
B04,0,3,4965
B03,3,3,4969
B02,1,2,4969
B04,1,3,4971
B03,2,3,4971
B02,2,2,4974
B01,0,1,4974
B01,1,1,4974
B11,2,2,4979
B10,1,2,4979
B17,1,3,4983
B16,1,2,4983
B18,1,2,4992
B17,0,3,4992
B06,1,2,4992
B05,0,3,4992
B16,2,2,4994
B15,0,1,4994
B07,1,1,4994
B13,1,3,4998
B12,1,2,4999
B11,1,2,4999
B06,0,2,4999
B12,0,2,5002
B19,1,3,5005
B18,0,2,5005
B14,3,3,5005
B13,0,3,5005
B15,1,1,5006
B14,2,3,5006
B19,0,3,5008
B10,2,2,5011
B09,2,3,5011
B09,3,3,5011
B08,1,2,5017
B07,0,1,5017
B08,0,2,5019
B03,3,3,5022
B02,1,2,5022
B05,1,3,5024
B04,0,3,5024
B11,2,2,5028
B10,1,2,5028
B02,2,2,5031
B01,0,1,5031
B01,1,1,5034
B04,1,3,5035
B03,2,3,5035
B17,1,3,5036
B16,1,2,5036
B13,1,3,5047
B18,1,2,5050
B17,0,3,5050
B06,1,2,5050
B05,0,3,5050
B16,2,2,5051
B15,0,1,5051
B19,1,3,5054
B18,0,2,5055
B07,1,1,5058
B06,0,2,5058
B19,0,3,5059
B12,1,2,5059
B11,1,2,5059
B12,0,2,5062
B10,2,2,5062
B09,2,3,5062
B09,3,3,5063
B15,1,1,5068
B14,1,3,5068
B14,2,3,5070
B13,0,3,5070
B03,3,3,5077
B02,1,2,5077
B17,1,3,5079
B16,1,2,5079
B05,1,3,5080
B04,0,3,5080
B08,1,2,5082
B07,0,1,5082
B08,0,2,5085
B11,2,2,5087
B10,1,2,5087
B04,1,3,5092
B03,2,3,5092
B18,1,2,5100
B17,0,3,5100
B06,1,2,5102
B05,0,3,5102
B16,2,2,5104
B15,0,1,5104
B13,1,3,5109
B19,1,3,5114
B18,0,2,5114
B12,1,2,5117
B11,1,2,5117
B10,2,2,5119
B09,2,3,5119
B12,0,2,5120
B07,1,1,5122
B06,0,2,5122
B03,3,3,5128
B02,0,2,5128
B14,3,3,5129
B13,0,3,5129
B05,1,3,5130
B04,0,3,5130
B19,0,3,5132
B15,1,1,5137
B14,2,3,5137
B11,2,2,5137
B10,1,2,5137
B08,1,2,5137
B07,0,1,5137
B17,1,3,5139
B16,1,2,5139
B09,3,3,5142
B08,0,2,5142
B04,1,3,5148
B03,2,3,5148
B18,1,2,5149
B17,0,3,5149
B16,2,2,5153
B15,0,1,5153
B06,1,2,5163
B05,0,3,5163
B19,1,3,5165
B18,0,2,5165
B12,1,2,5177
B11,1,2,5177
B10,2,2,5177
B09,2,3,5177
B05,1,3,5180
B04,0,3,5180
B17,1,3,5183
B16,1,2,5183
B07,1,1,5184
B06,0,2,5184
B19,0,3,5186
B13,1,3,5186
B12,0,2,5186
B14,3,3,5189
B13,0,3,5190
B03,3,3,5190
B11,2,2,5195
B10,1,2,5195
B02,1,2,5196
B01,0,1,5196
B01,1,1,5196
B09,3,3,5198
B08,1,2,5199
B07,0,1,5199
B02,0,2,5199
B15,1,1,5202
B14,2,3,5202
B08,0,2,5202
B04,1,3,5204
B03,2,3,5204
B18,1,2,5207
B17,0,3,5207
B06,1,2,5208
B05,0,3,5208
B16,2,2,5212
B15,0,1,5212
B19,1,3,5216
B18,0,2,5216
B05,1,3,5225
B04,0,3,5225
B07,1,1,5230
B06,0,2,5230
B10,2,2,5231
B09,2,3,5231
B19,0,3,5234
B17,1,3,5235
B16,1,2,5235
B12,1,2,5236
B11,1,2,5236
B13,1,3,5242
B12,0,2,5242
B11,2,2,5248
B10,1,2,5248
B02,1,2,5248
B01,0,1,5248
B09,3,3,5249
B08,1,2,5251
B07,0,1,5251
B08,0,2,5253
B14,3,3,5254
B13,0,3,5254
B18,1,2,5255
B17,0,3,5255
B03,3,3,5255
B02,0,2,5255
B01,1,1,5255
B06,1,2,5256
B05,0,3,5256
B04,1,3,5259
B03,2,3,5259
B16,2,2,5263
B15,1,1,5272
B14,2,3,5272
B17,1,3,5276
B16,1,2,5276
B15,0,1,5278
B05,1,3,5279
B04,0,3,5279
B19,1,3,5284
B18,0,2,5284
B07,1,1,5285
B06,0,2,5285
B10,2,2,5292
B09,2,3,5292
B02,1,2,5295
B01,0,1,5295
B12,1,2,5297
B11,1,2,5297
B09,3,3,5298
B13,1,3,5300
B12,0,2,5300
B11,2,2,5300
B10,1,2,5300
B18,1,2,5302
B17,0,3,5302
B19,0,3,5303
B03,3,3,5304
B02,0,2,5304
B06,1,2,5307
B05,0,3,5307
B04,1,3,5311
B03,2,3,5311
B01,1,1,5314
B08,1,2,5316
B07,0,1,5316
B17,1,3,5317
B16,0,2,5317
B08,0,2,5318
B14,3,3,5325
B13,0,3,5325
B16,1,2,5330
B05,1,3,5331
B04,0,3,5331
B15,1,1,5334
B14,2,3,5334
B19,1,3,5335
B18,0,2,5335
B15,0,1,5337
B07,1,1,5338
B06,0,2,5338
B02,1,2,5342
B01,0,1,5342
B10,2,2,5349
B09,2,3,5349
B12,1,2,5355
B11,1,2,5355
B11,2,2,5355
B10,1,2,5355
B18,1,2,5357
B17,0,3,5357
B03,3,3,5358
B02,0,2,5358
B13,1,3,5359
B12,0,2,5359
B17,1,3,5362
B16,0,2,5362
B01,1,1,5373
B04,1,3,5375
B03,2,3,5375
B19,0,3,5379
B09,3,3,5380
B08,1,2,5384
B07,0,1,5384
B08,0,2,5386
B14,3,3,5390
B13,0,3,5390
B05,2,3,5390
B04,0,3,5390
B19,1,3,5393
B18,0,2,5393
B16,1,2,5393
B15,1,1,5394
B14,2,3,5394
B15,0,1,5399
B02,1,2,5402
B01,0,1,5402
B07,1,1,5406
B10,2,2,5407
B09,2,3,5407
B03,3,3,5410
B02,0,2,5410
B18,1,2,5411
B17,0,3,5411
B12,1,2,5413
B11,1,2,5413
B11,2,2,5413
B10,1,2,5413
B17,1,3,5414
B16,0,2,5414
B13,1,3,5425
B12,0,2,5425
B01,1,1,5426
B06,1,2,5428
B05,1,3,5428
B06,0,2,5433
B09,3,3,5438
B04,1,3,5438
B03,2,3,5438
B14,3,3,5442
B13,0,3,5442
B05,2,3,5442
B04,0,3,5442
B08,1,2,5444
B07,0,1,5444
B08,0,2,5446
B16,1,2,5448
B19,1,3,5449
B02,1,2,5450
B01,0,1,5450
B19,2,3,5454
B18,0,2,5454
B15,1,1,5454
B14,2,3,5454
B15,0,1,5459
B03,3,3,5463
B02,0,2,5463
B18,1,2,5466
B17,0,3,5466
B12,1,2,5467
B11,1,2,5467
B11,2,2,5468
B10,0,2,5468
B17,1,3,5470
B16,0,2,5470
B10,1,2,5471
B09,2,3,5471
B01,1,1,5475
B13,1,3,5477
B12,0,2,5477
B06,1,2,5481
B05,1,3,5481
B07,1,1,5489
B06,0,2,5489
B08,1,2,5494
B04,1,3,5494
B03,2,3,5494
B09,3,3,5495
B07,0,1,5495
B08,0,2,5496
B05,2,3,5497
B04,0,3,5497
B02,1,2,5501
B01,0,1,5501
B19,1,3,5505
B19,2,3,5508
B18,0,2,5508
B14,3,3,5508
B13,0,3,5508
B16,1,2,5511
B15,1,1,5511
B14,2,3,5511
B03,3,3,5514
B02,0,2,5514
B15,0,1,5515
B12,1,2,5520
B11,1,2,5520
B11,2,2,5520
B10,0,2,5520
B10,1,2,5524
B09,2,3,5524
B01,1,1,5524
B18,1,2,5525
B17,0,3,5525
B17,1,3,5526
B16,0,2,5526
B13,1,3,5527
B12,0,2,5527
B06,1,2,5531
B05,1,3,5531
B09,3,3,5537
B07,1,1,5551
B06,0,2,5551
B05,2,3,5551
B02,1,2,5553
B01,0,1,5553
B04,1,3,5556
B03,2,3,5556
B19,1,3,5557
B04,0,3,5559
B08,1,2,5561
B07,0,1,5561
B08,0,2,5563
B19,2,3,5565
B18,0,2,5565
B03,3,3,5570
B02,0,2,5570
B16,1,2,5572
B01,1,1,5572
B14,3,3,5575
B13,0,3,5575
B13,1,3,5575
B17,2,3,5578
B16,0,2,5578
B18,1,2,5579
B17,1,3,5579
B15,1,1,5580
B14,2,3,5580
B10,2,2,5580
B09,2,3,5580
B12,1,2,5583
B11,1,2,5583
B11,2,2,5583
B10,1,2,5583
B06,1,2,5585
B05,1,3,5585
B15,0,1,5586
B12,0,2,5586
B07,1,1,5594
B06,0,2,5594
B09,3,3,5605
B19,1,3,5608
B02,1,2,5611
B01,0,1,5611
B19,2,3,5618
B18,0,2,5618
B04,1,3,5621
B03,2,3,5621
B03,3,3,5621
B02,0,2,5621
B08,1,2,5624
B07,0,1,5624
B05,2,3,5626
B04,0,3,5626
B08,0,2,5627
B17,2,3,5629
B01,1,1,5630
B18,1,2,5632
B17,1,3,5632
B10,2,2,5633
B09,2,3,5633
B14,3,3,5638
B13,0,3,5638
B06,1,2,5639
B05,1,3,5639
B13,1,3,5640
B07,1,1,5642
B12,1,2,5643
B11,1,2,5643
B11,2,2,5643
B10,1,2,5643
B16,1,2,5644
B06,0,2,5644
B12,0,2,5645
B16,0,2,5647
B15,1,1,5649
B14,2,3,5649
B02,1,2,5649
B01,0,1,5649
B15,0,1,5653
B19,1,3,5661
B09,3,3,5670
B08,1,2,5677
B07,0,1,5677
B05,2,3,5678
B19,2,3,5680
B18,0,2,5680
B08,0,2,5680
B18,1,2,5683
B17,0,3,5683
B04,1,3,5683
B03,2,3,5683
B03,3,3,5683
B02,0,2,5683
B04,0,3,5686
B01,1,1,5686
B06,1,2,5691
B05,1,3,5691
B10,2,2,5694
B09,2,3,5694
B17,1,3,5697
B14,3,3,5699
B13,0,3,5699
B07,1,1,5701
B06,0,2,5701
B16,1,2,5703
B13,1,3,5704
B12,1,2,5704
B11,1,2,5704
B11,2,2,5704
B10,1,2,5704
B16,0,2,5706
B12,0,2,5707
B02,1,2,5708
B01,0,1,5708
B19,1,3,5715
B15,1,1,5722
B14,2,3,5722
B09,3,3,5727
B15,0,1,5728
B19,2,3,5731
B18,0,2,5731
B18,1,2,5731
B17,0,3,5731
B08,1,2,5737
B07,0,1,5737
B06,1,2,5737
B05,0,3,5737
B08,0,2,5739
B01,1,1,5740
B05,1,3,5744
B13,2,3,5753
B10,2,2,5753
B09,2,3,5753
B07,1,1,5754
B06,0,2,5754
B17,1,3,5758
B14,3,3,5759
B13,1,3,5759
B02,2,2,5761
B01,0,1,5761
B12,1,2,5762
B11,1,2,5762
B11,2,2,5762
B10,1,2,5762
B12,0,2,5767
B19,1,3,5775
B15,1,1,5779
B14,2,3,5779
B18,2,2,5780
B17,0,3,5780
B16,1,2,5781
B06,1,2,5782
B05,0,3,5782
B04,1,3,5782
B03,2,3,5782
B03,3,3,5782
B02,1,2,5782
B16,0,2,5784
B15,0,1,5784
B04,0,3,5785
B19,2,3,5788
B18,1,2,5788
B09,3,3,5793
B01,1,1,5794
B08,1,2,5795
B07,0,1,5795
B08,0,2,5798
B07,1,1,5811
B06,0,2,5811
B12,1,2,5814
B11,1,2,5814
B11,2,2,5814
B10,0,2,5814
B10,1,2,5815
B09,2,3,5815
B14,3,3,5816
B13,0,3,5816
B13,1,3,5824
B12,0,2,5824
B02,2,2,5827
B01,0,1,5827
B18,2,2,5830
B05,1,3,5833
B17,1,3,5835
B19,1,3,5836
B16,1,2,5837
B06,1,2,5838
B19,2,3,5839
B18,1,2,5839
B15,1,1,5839
B14,2,3,5839
B05,0,3,5839
B17,0,3,5840
B16,0,2,5840
B04,1,3,5840
B03,2,3,5840
B03,3,3,5840
B02,1,2,5840
B04,0,3,5843
B15,0,1,5845
B08,1,2,5845
B07,0,1,5845
B09,3,3,5849
B08,0,2,5849
B01,1,1,5849
B07,1,1,5869
B06,0,2,5869
B14,3,3,5875
B13,0,3,5875
B12,1,2,5875
B11,1,2,5875
B11,2,2,5875
B10,0,2,5875
B02,2,2,5878
B01,0,1,5878
B10,1,2,5881
B09,2,3,5881
B19,1,3,5883
B06,1,2,5884
B19,2,3,5885
B18,0,2,5885
B13,1,3,5888
B12,0,2,5888
B17,1,3,5892
B16,1,2,5895
B16,0,2,5897
B05,1,3,5897
B01,1,1,5898
B08,1,2,5899
B07,0,1,5899
B18,1,2,5900
B17,0,3,5900
B04,1,3,5900
B03,2,3,5900
B03,3,3,5900
B02,1,2,5900
B15,1,1,5903
B14,2,3,5903
B09,3,3,5903
B08,0,2,5903
B05,0,3,5903
B04,0,3,5903
B15,0,1,5908
B07,1,1,5929
B06,0,2,5929
B12,1,2,5931
B11,1,2,5931
B11,2,2,5931
B10,0,2,5931
B14,3,3,5934
B13,0,3,5934
B10,1,2,5936
B09,2,3,5936
B19,1,3,5939
B02,2,2,5940
B01,0,1,5940
B09,3,3,5946
B19,2,3,5947
B18,0,2,5947
B17,1,3,5947
B13,1,3,5948
B12,0,2,5948
B01,1,1,5952
B06,1,2,5953
B05,1,3,5958
B18,1,2,5960
B17,0,3,5960
B16,1,2,5962
B08,1,2,5963
B07,0,1,5963
B05,0,3,5963
B16,0,2,5965
B08,0,2,5965
B04,1,3,5965
B03,2,3,5965
B03,3,3,5965
B02,1,2,5965
B04,0,3,5968
B15,1,1,5969
B14,2,3,5969
B15,0,1,5973
B12,1,2,5983
B11,1,2,5983
B11,2,2,5983
B10,0,2,5983
B07,1,1,5983
B06,0,2,5983
B14,3,3,5989
B13,0,3,5989
B02,2,2,5991
B01,0,1,5991
B19,3,3,5999
B18,0,2,5999
B13,1,3,5999
B12,0,2,5999
B19,2,3,6006
B18,1,2,6008
B17,1,3,6015
B10,1,2,6016
B09,2,3,6016
B09,3,3,6016
B06,1,2,6017
B17,0,3,6020
B08,1,2,6021
B07,0,1,6021
B05,1,3,6022
B08,0,2,6023
B01,1,1,6023
B05,0,3,6027
B04,1,3,6027
B03,2,3,6027
B03,3,3,6027
B02,1,2,6027
B16,1,2,6030
B15,1,1,6030
B14,2,3,6030
B04,0,3,6030
B16,0,2,6033
B15,0,1,6035
B14,3,3,6039
B13,0,3,6039
B13,1,3,6039
B02,2,2,6047
B01,0,1,6047
B12,1,2,6048
B11,1,2,6048
B11,2,2,6048
B10,0,2,6048
B07,1,1,6049
B06,0,2,6049
B12,0,2,6051
B19,3,3,6052
B18,0,2,6052
B19,2,3,6057
B10,1,2,6068
B09,2,3,6068
B09,3,3,6068
B08,1,2,6070
B07,0,1,6070
B01,1,1,6071
B08,0,2,6072
B18,1,2,6076
B06,1,2,6081
B16,1,2,6082
B04,1,3,6085
B03,2,3,6085
B03,3,3,6085
B02,1,2,6085
B17,1,3,6086
B16,0,2,6086
B17,0,3,6092
B15,1,1,6092
B14,2,3,6092
B15,0,1,6097
B02,2,2,6098
B01,0,1,6098
B14,3,3,6104
B13,0,3,6104
B07,1,1,6107
B06,0,2,6107
B12,1,2,6108
B11,1,2,6108
B11,2,2,6108
B10,0,2,6108
B19,2,3,6112
B19,3,3,6112
B18,0,2,6112
B10,1,2,6113
B09,2,3,6113
B13,1,3,6121
B12,0,2,6121
B01,1,1,6122
B08,1,2,6128
B07,0,1,6128
B09,3,3,6131
B08,0,2,6131
B17,1,3,6139
B04,2,3,6142
B03,2,3,6142
B03,3,3,6142
B02,1,2,6142
B18,1,2,6145
B17,0,3,6145
B15,1,1,6149
B14,2,3,6149
B16,1,2,6154
B15,0,1,6154
B16,0,2,6157
B02,2,2,6158
B01,0,1,6158
B07,1,1,6166
B14,3,3,6168
B13,0,3,6168
B01,1,1,6170
B19,2,3,6172
B19,3,3,6172
B18,0,2,6172
B13,1,3,6175
B12,1,2,6175
B11,1,2,6175
B11,2,2,6175
B10,0,2,6175
B10,1,2,6175
B09,2,3,6175
B12,0,2,6179
B09,3,3,6185
B08,1,2,6185
B07,0,1,6185
B08,0,2,6187
B18,1,2,6200
B15,1,1,6202
B14,2,3,6202
B16,1,2,6209
B15,0,1,6209
B17,1,3,6211
B16,0,2,6212
B04,3,3,6214
B03,2,3,6214
B03,3,3,6214
B02,1,2,6214
B02,2,2,6214
B01,0,1,6214
B17,0,3,6216
B19,2,3,6225
B12,1,2,6231
B11,1,2,6231
B11,2,2,6231
B10,0,2,6231
B14,3,3,6232
B13,0,3,6232
B19,3,3,6234
B18,0,2,6234
B10,1,2,6234
B09,2,3,6234
B13,1,3,6236
B12,0,2,6236
B08,1,2,6237
B01,1,1,6237
B09,3,3,6239
B08,0,2,6240
B16,1,2,6261
B15,1,1,6266
B14,2,3,6266
B18,1,2,6270
B15,0,1,6271
B17,1,3,6274
B16,0,2,6274
B19,2,3,6277
B17,0,3,6278
B19,3,3,6287
B18,0,2,6287
B14,3,3,6287
B13,0,3,6287
B12,1,2,6293
B11,1,2,6293
B11,2,2,6293
B10,0,2,6293
B10,1,2,6293
B09,2,3,6293
B09,3,3,6293
B13,1,3,6300
B12,0,2,6300
B16,1,2,6320
B15,1,1,6327
B14,2,3,6327
B15,0,1,6331
B17,1,3,6336
B16,0,2,6336
B19,2,3,6338
B18,1,2,6339
B17,0,3,6340
B19,3,3,6351
B18,0,2,6351
B14,3,3,6352
B13,0,3,6352
B12,1,2,6352
B11,1,2,6352
B11,2,2,6352
B10,0,2,6352
B10,1,2,6355
B09,2,3,6355
B15,1,1,6381
B14,2,3,6381
B17,1,3,6384
B16,1,2,6384
B16,0,2,6386
B15,0,1,6386
B19,2,3,6391
B13,1,3,6391
B12,0,2,6391
B18,1,2,6399
B17,0,3,6399
B19,3,3,6404
B18,0,2,6404
B05,1,3,6404
B04,2,3,6404
B04,3,3,6404
B03,2,3,6404
B03,3,3,6404
B02,1,2,6404
B02,2,2,6404
B01,0,1,6404
B01,1,1,6404
B05,0,3,6409
B14,3,3,6416
B13,0,3,6416
B10,2,2,6416
B09,1,3,6416
B17,1,3,6433
B19,2,3,6436
B15,1,1,6438
B14,2,3,6438
B16,1,2,6439
B16,0,2,6442
B15,0,1,6443
B13,1,3,6446
B18,1,2,6460
B17,0,3,6460
B06,1,2,6460
B05,1,3,6463
B04,2,3,6463
B06,0,2,6466
B05,0,3,6468
B19,3,3,6469
B18,0,2,6469
B04,3,3,6469
B03,2,3,6469
B03,3,3,6469
B02,1,2,6469
B02,2,2,6469
B01,0,1,6469
B01,1,1,6469
B19,2,3,6486
B16,1,2,6487
B14,3,3,6487
B13,0,3,6487
B17,1,3,6500
B16,0,2,6500
B15,1,1,6501
B14,2,3,6501
B15,0,1,6506
B18,1,2,6510
B17,0,3,6510
B07,1,1,6510
B06,1,2,6514
B05,1,3,6515
B04,2,3,6515
B07,0,1,6516
B05,0,3,6519
B06,0,2,6520
B19,3,3,6524
B18,0,2,6524
B04,3,3,6529
B03,2,3,6529
B03,3,3,6530
B02,1,2,6530
B02,2,2,6530
B01,0,1,6530
B17,1,3,6544
B14,3,3,6544
B19,2,3,6549
B16,1,2,6556
B16,0,2,6558
B15,1,1,6562
B14,2,3,6562
B06,1,2,6566
B15,0,1,6567
B18,1,2,6568
B17,0,3,6568
B08,1,2,6574
B05,1,3,6575
B04,2,3,6575
B08,0,2,6576
B05,0,3,6580
B19,3,3,6581
B18,0,2,6581
B07,1,1,6584
B06,0,2,6584
B04,3,3,6584
B03,2,3,6584
B03,3,3,6584
B02,1,2,6584
B12,1,2,6586
B11,1,2,6586
B11,2,2,6586
B10,1,2,6586
B10,2,2,6586
B09,0,3,6586
B02,2,2,6587
B07,0,1,6589
B12,0,2,6590
B19,2,3,6608
B16,1,2,6611
B18,1,2,6618
B17,1,3,6618
B16,0,2,6618
B15,1,1,6621
B14,1,3,6621
B17,0,3,6624
B15,0,1,6627
B09,1,3,6627
B06,1,2,6627
B19,3,3,6641
B18,0,2,6641
B12,1,2,6642
B11,1,2,6642
B11,2,2,6642
B10,1,2,6642
B05,1,3,6643
B04,2,3,6643
B04,3,3,6643
B03,2,3,6643
B03,3,3,6643
B02,1,2,6643
B08,1,2,6646
B05,0,3,6647
B08,0,2,6649
B10,2,2,6650
B09,0,3,6650
B07,1,1,6651
B06,0,2,6651
B07,0,1,6656
B13,1,3,6663
B12,0,2,6663
B19,2,3,6667
B13,0,3,6668
B17,1,3,6677
B16,1,2,6680
B18,1,2,6683
B17,0,3,6683
B16,0,2,6683
B15,1,1,6685
B14,0,3,6685
B15,0,1,6689
B12,1,2,6699
B11,1,2,6699
B19,3,3,6700
B18,0,2,6700
B09,1,3,6700
B07,1,1,6702
B05,1,3,6704
B04,2,3,6704
B04,3,3,6704
B03,2,3,6704
B03,3,3,6704
B02,0,2,6704
B01,1,1,6708
B11,2,2,6709
B10,1,2,6709
B10,2,2,6709
B09,0,3,6709
B06,1,2,6712
B05,0,3,6712
B01,0,1,6712
B08,1,2,6713
B07,0,1,6713
B08,0,2,6716
B06,0,2,6718
B19,2,3,6721
B14,1,3,6723
B17,1,3,6728
B13,1,3,6730
B12,0,2,6730
B13,0,3,6733
B18,1,2,6740
B17,0,3,6740
B16,1,2,6747
B16,0,2,6750
B19,3,3,6752
B18,0,2,6752
B15,1,1,6756
B14,0,3,6756
B12,1,2,6758
B11,1,2,6758
B01,1,1,6759
B15,0,1,6760
B06,1,2,6762
B05,1,3,6762
B04,2,3,6762
B04,3,3,6762
B03,2,3,6762
B02,1,2,6762
B11,2,2,6763
B10,1,2,6763
B10,2,2,6763
B01,0,1,6763
B08,1,2,6765
B05,0,3,6766
B09,1,3,6767
B08,0,2,6768
B09,0,3,6773
B07,1,1,6773
B06,0,2,6773
B19,2,3,6774
B07,0,1,6777
B13,1,3,6781
B12,0,2,6781
B18,1,2,6790
B17,1,3,6793
B17,0,3,6799
B19,3,3,6803
B18,0,2,6803
B14,1,3,6805
B13,0,3,6805
B01,1,1,6805
B15,1,1,6808
B14,0,3,6808
B02,2,2,6811
B01,0,1,6811
B09,1,3,6818
B12,1,2,6819
B11,1,2,6819
B11,2,2,6822
B10,1,2,6822
B06,1,2,6822
B05,1,3,6827
B04,2,3,6827
B04,3,3,6827
B03,1,3,6827
B16,1,2,6828
B15,0,1,6828
B16,0,2,6830
B05,0,3,6831
B07,1,1,6832
B06,0,2,6832
B13,1,3,6833
B12,0,2,6833
B10,2,2,6833
B09,0,3,6833
B08,1,2,6838
B07,0,1,6838
B03,2,3,6838
B02,1,2,6838
B19,2,3,6840
B08,0,2,6840
B18,1,2,6850
B01,1,1,6854
B19,3,3,6861
B18,0,2,6861
B14,1,3,6861
B13,0,3,6861
B15,1,1,6871
B14,0,3,6871
B05,1,3,6872
B04,2,3,6872
B02,2,2,6874
B01,0,1,6874
B12,1,2,6879
B11,1,2,6879
B16,1,2,6880
B15,0,1,6880
B11,2,2,6880
B10,1,2,6880
B07,1,1,6881
B06,1,2,6885
B05,0,3,6885
B13,1,3,6887
B12,0,2,6887
B04,3,3,6888
B03,1,3,6888
B17,1,3,6890
B16,0,2,6890
B08,1,2,6891
B07,0,1,6891
B06,0,2,6891
B19,2,3,6892
B10,2,2,6896
B17,0,3,6897
B09,1,3,6901
B08,0,2,6901
B09,0,3,6907
B01,1,1,6911
B19,3,3,6913
B14,1,3,6924
B13,0,3,6924
B05,1,3,6928
B04,2,3,6928
B16,1,2,6931
B12,1,2,6934
B11,1,2,6934
B11,2,2,6934
B10,1,2,6934
B17,1,3,6938
B16,0,2,6938
B15,1,1,6938
B14,0,3,6938
B13,1,3,6939
B12,0,2,6939
B06,1,2,6939
B05,0,3,6939
B15,0,1,6943
B18,1,2,6947
B17,0,3,6947
B08,1,2,6948
B19,2,3,6950
B18,0,2,6950
B09,1,3,6950
B07,1,1,6950
B06,0,2,6950
B08,0,2,6951
B04,3,3,6951
B03,0,3,6951
B07,0,1,6957
B10,2,2,6960
B09,0,3,6960
B17,1,3,6984
B05,1,3,6984
B04,2,3,6984
B13,2,3,6994
B06,1,2,6995
B05,0,3,6995
B16,1,2,6996
B12,1,2,6996
B11,1,2,6996
B11,2,2,6996
B10,1,2,6996
B07,1,1,6997
B18,1,2,6998
B17,0,3,6998
B16,0,2,6998
B15,1,1,6999
B14,1,3,6999
B13,1,3,6999
B12,0,2,7000
B06,0,2,7000
B09,1,3,7001
B14,0,3,7002
B19,1,3,7003
B15,0,1,7004
B04,3,3,7008
B19,2,3,7012
B18,0,2,7012
B10,2,2,7013
B09,0,3,7013
B08,1,2,7025
B07,0,1,7025
B08,0,2,7028
B17,1,3,7038
B05,1,3,7039
B04,2,3,7039
B07,1,1,7048
B18,1,2,7049
B17,0,3,7049
B13,2,3,7049
B19,1,3,7051
B16,1,2,7055
B14,1,3,7057
B13,1,3,7057
B16,0,2,7058
B12,1,2,7058
B11,1,2,7058
B11,2,2,7058
B10,1,2,7058
B06,1,2,7060
B05,0,3,7060
B12,0,2,7061
B19,2,3,7062
B18,0,2,7062
B10,2,2,7065
B03,1,3,7065
B02,1,2,7065
B02,2,2,7065
B01,0,1,7065
B01,1,1,7065
B15,1,1,7066
B14,0,3,7066
B06,0,2,7067
B03,0,3,7068
B15,0,1,7070
B09,1,3,7078
B09,0,3,7084
B08,1,2,7085
B07,0,1,7085
B08,0,2,7088
B17,1,3,7098
B05,1,3,7101
B04,1,3,7101
B18,1,2,7109
B17,0,3,7109
B12,1,2,7110
B11,1,2,7110
B11,2,2,7110
B10,1,2,7110
B03,1,3,7113
B02,1,2,7113
B07,1,1,7116
B19,1,3,7119
B19,2,3,7121
B18,0,2,7121
B14,1,3,7121
B13,0,3,7121
B06,1,2,7121
B05,0,3,7121
B02,2,2,7121
B01,0,1,7121
B01,1,1,7121
B15,1,1,7124
B14,0,3,7124
B13,1,3,7127
B12,0,2,7127
B06,0,2,7127
B16,1,2,7128
B15,0,1,7129
B04,2,3,7129
B03,0,3,7129
B16,0,2,7131
B09,1,3,7138
B10,2,2,7143
B08,1,2,7143
B07,0,1,7143
B09,0,3,7144
B08,0,2,7145
B05,1,3,7156
B04,1,3,7156
B18,1,2,7165
B12,1,2,7166
B11,1,2,7166
B11,2,2,7166
B10,1,2,7166
B03,1,3,7170
B02,1,2,7170
B07,1,1,7175
B06,1,2,7177
B05,0,3,7177
B02,2,2,7177
B01,0,1,7177
B01,1,1,7177
B19,1,3,7181
B13,2,3,7181
B12,0,2,7181
B06,0,2,7182
B19,2,3,7183
B18,0,2,7183
B16,1,2,7184
B15,1,1,7187
B15,0,1,7192
B14,1,3,7194
B13,1,3,7194
B04,2,3,7194
B03,0,3,7194
B17,1,3,7197
B16,0,2,7197
B14,0,3,7197
B17,0,3,7800
B08,1,2,7802
B07,0,1,7802
B09,1,3,7803
B08,0,2,7804
B10,2,2,7807
B09,0,3,7809
B05,1,3,7816
B04,1,3,7816
B03,1,3,7823
B02,1,2,7823
B06,1,2,7825
B05,0,3,7825
B12,1,2,7827
B11,1,2,7827
B11,2,2,7827
B10,1,2,7827
B07,1,1,7828
B06,0,2,7829
B02,2,2,7830
B01,0,1,7830
B01,1,1,7830
B19,3,3,7835
B13,2,3,7844
B12,0,2,7844
B19,2,3,7846
B16,1,2,7846
B18,1,2,7854
B08,1,2,7854
B07,0,1,7854
B17,1,3,7856
B16,0,2,7856
B09,1,3,7857
B08,0,2,7857
B18,0,2,7858
B14,1,3,7858
B13,1,3,7858
B17,0,3,7861
B04,2,3,7863
B03,0,3,7863
B15,1,1,7865
B14,0,3,7865
B15,0,1,7871
B06,1,2,7873
B05,1,3,7873
B04,1,3,7873
B10,2,2,7877
B09,0,3,7877
B05,0,3,7877
B03,1,3,7881
B02,1,2,7881
B02,2,2,7886
B01,0,1,7886
B12,1,2,7892
B11,1,2,7892
B11,2,2,7892
B10,1,2,7892
B01,1,1,7896
B09,1,3,7905
B07,1,1,7906
B06,0,2,7906
B13,2,3,7907
B12,0,2,7907
B17,1,3,7912
B19,1,3,7914
B18,1,2,7919
B17,0,3,7919
B04,2,3,7926
B03,0,3,7926
B19,2,3,7927
B18,0,2,7927
B16,1,2,7929
B08,1,2,7931
B07,0,1,7931
B05,1,3,7931
B04,1,3,7931
B16,0,2,7932
B15,1,1,7933
B08,0,2,7933
B14,1,3,7934
B13,1,3,7934
B03,1,3,7935
B02,1,2,7935
B14,0,3,7937
B15,0,1,7938
B06,1,2,7938
B05,0,3,7938
B02,2,2,7943
B01,0,1,7943
B10,2,2,7945
B09,0,3,7945
B01,1,1,7950
B13,2,3,7962
B12,1,2,7962
B11,1,2,7962
B11,2,2,7962
B10,1,2,7962
B12,0,2,7966
B07,1,1,7971
B06,0,2,7971
B17,1,3,7974
B18,1,2,7975
B17,0,3,7980
B08,1,2,7982
B07,0,1,7982
B09,1,3,7984
B03,2,3,7984
B02,1,2,7984
B08,0,2,7985
B19,1,3,7989
B04,2,3,7991
B03,1,3,7991
B02,2,2,7992
B01,0,1,7992
B06,1,2,7994
B15,1,1,7995
B14,1,3,7995
B13,1,3,7995
B14,0,3,7998
B05,1,3,7998
B04,1,3,7998
B19,2,3,8000
B18,0,2,8000
B05,0,3,8003
B16,1,2,8004
B15,0,1,8004
B16,0,2,8006
B10,2,2,8007
B09,0,3,8007
B12,1,2,8014
B11,1,2,8014
B11,2,2,8014
B10,1,2,8014
B13,2,3,8016
B12,0,2,8017
B01,1,1,8018
B09,1,3,8033
B07,1,1,8035
B06,0,2,8035
B18,1,2,8040
B08,1,2,8042
B07,0,1,8042
B08,0,2,8044
B04,2,3,8045
B03,0,3,8045
B03,1,3,8045
B02,1,2,8045
B02,2,2,8045
B01,0,1,8045
B06,1,2,8055
B14,1,3,8056
B13,1,3,8056
B15,1,1,8059
B14,0,3,8059
B19,3,3,8062
B18,0,2,8062
B16,1,2,8066
B15,0,1,8066
B05,1,3,8067
B04,1,3,8067
B17,1,3,8069
B16,0,2,8069
B13,2,3,8069
B12,1,2,8069
B11,1,2,8069
B11,2,2,8069
B10,0,2,8069
B19,2,3,8072
B12,0,2,8072
B10,1,2,8073
B09,0,3,8073
B05,0,3,8073
B17,0,3,8074
B01,1,1,8080
B07,1,1,8094
B06,0,2,8094
B09,1,3,8101
B04,2,3,8108
B03,0,3,8108
B03,1,3,8111
B02,1,2,8111
B02,2,2,8111
B01,0,1,8111
B08,1,2,8115
B07,0,1,8115
B15,1,1,8117
B08,0,2,8117
B17,1,3,8118
B14,1,3,8118
B13,1,3,8118
B05,1,3,8118
B04,1,3,8118
B14,0,3,8122
B19,3,3,8123
B13,2,3,8124
B16,1,2,8127
B15,0,1,8127
B16,0,2,8129
B12,1,2,8132
B11,1,2,8132
B11,2,2,8132
B10,0,2,8132
B01,1,1,8133
B18,1,2,8134
B17,0,3,8134
B06,1,2,8135
B05,0,3,8135
B12,0,2,8136
B18,0,2,8138
B10,1,2,8145
B09,0,3,8145
B07,1,1,8145
B06,0,2,8145
B19,2,3,8152
B09,1,3,8164
B03,2,3,8169
B02,1,2,8169
B02,2,2,8169
B01,0,1,8169
B08,1,2,8172
B07,0,1,8172
B08,0,2,8175
B04,2,3,8179
B03,1,3,8179
B14,1,3,8183
B13,1,3,8183
B01,1,1,8184
B12,1,2,8186
B11,1,2,8186
B11,2,2,8186
B10,0,2,8186
B16,1,2,8187
B05,1,3,8187
B04,1,3,8187
B19,3,3,8188
B17,1,3,8193
B16,0,2,8193
B06,1,2,8196
B05,0,3,8196
B15,1,1,8199
B14,0,3,8199
B13,2,3,8202
B12,0,2,8202
B15,0,1,8203
B10,1,2,8206
B09,0,3,8206
B07,1,1,8206
B06,0,2,8206
B18,1,2,8216
B17,0,3,8216
B18,0,2,8220
B03,2,3,8220
B02,1,2,8220
B02,2,2,8222
B01,0,1,8222
B09,1,3,8233
B06,1,2,8239
B14,1,3,8240
B13,1,3,8240
B19,2,3,8243
B04,2,3,8244
B03,1,3,8244
B17,1,3,8249
B12,1,2,8249
B11,1,2,8249
B11,2,2,8249
B10,0,2,8249
B16,1,2,8255
B05,1,3,8255
B04,1,3,8255
B16,0,2,8257
B05,0,3,8260
B15,1,1,8262
B14,0,3,8262
B10,1,2,8264
B09,0,3,8264
B15,0,1,8267
B18,1,2,8268
B17,0,3,8268
B08,1,2,8275
B07,0,1,8275
B07,1,1,8275
B06,0,2,8275
B08,0,2,8278
B03,2,3,8278
B02,1,2,8278
B02,2,2,8278
B13,2,3,8282
B12,0,2,8282
B19,3,3,8289
B18,0,2,8289
B04,2,3,8293
B03,1,3,8293
B14,1,3,8304
B13,1,3,8304
B17,1,3,8306
B06,1,2,8307
B12,1,2,8313
B11,1,2,8313
B11,2,2,8313
B10,0,2,8313
B05,1,3,8313
B04,1,3,8313
B16,1,2,8316
B05,0,3,8318
B16,0,2,8319
B18,1,2,8321
B17,0,3,8321
B10,1,2,8322
B19,2,3,8326
B03,2,3,8332
B02,1,2,8332
B08,1,2,8333
B07,0,1,8333
B15,1,1,8334
B14,0,3,8334
B09,1,3,8334
B08,0,2,8337
B15,0,1,8339
B01,1,1,8339
B09,0,3,8340
B07,1,1,8340
B06,0,2,8340
B01,0,1,8343
B19,3,3,8347
B18,0,2,8347
B04,2,3,8357
B03,1,3,8357
B14,1,3,8361
B13,0,3,8361
B13,1,3,8364
B12,0,2,8364
B17,1,3,8365
B06,1,2,8369
B05,1,3,8374
B04,1,3,8374
B12,1,2,8375
B11,1,2,8375
B11,2,2,8375
B10,0,2,8375
B05,0,3,8378
B18,1,2,8381
B17,0,3,8381
B09,1,3,8381
B03,2,3,8385
B02,0,2,8385
B16,1,2,8389
B02,1,2,8390
B16,0,2,8391
B15,1,1,8395
B14,0,3,8395
B08,1,2,8395
B07,0,1,8395
B07,1,1,8395
B06,0,2,8395
B10,1,2,8396
B09,0,3,8396
B08,0,2,8397
B15,0,1,8400
B01,1,1,8400
B01,0,1,8403
B19,2,3,8414
B19,3,3,8414
B18,0,2,8414
B14,1,3,8417
B13,0,3,8417
B04,2,3,8421
B03,1,3,8421
B06,1,2,8428
B05,1,3,8430
B04,1,3,8430
B12,2,2,8431
B11,1,2,8431
B11,2,2,8431
B10,0,2,8431
B18,1,2,8436
B05,0,3,8436
B03,2,3,8436
B02,0,2,8436
B09,1,3,8446
B08,1,2,8446
B07,0,1,8446
B07,1,1,8446
B06,0,2,8446
B16,1,2,8447
B08,0,2,8448
B01,1,1,8451
B17,1,3,8454
B16,0,2,8454
B15,1,1,8455
B14,0,3,8455
B10,1,2,8457
B09,0,3,8457
B17,0,3,8460
B15,0,1,8460
B13,1,3,8465
B12,1,2,8465
B14,1,3,8472
B13,0,3,8472
B02,1,2,8472
B01,0,1,8472
B04,2,3,8477
B03,1,3,8477
B06,1,2,8486
B12,2,2,8487
B11,1,2,8487
B19,2,3,8488
B19,3,3,8488
B18,0,2,8488
B03,2,3,8489
B02,0,2,8489
B05,1,3,8490
B04,1,3,8490
B09,1,3,8491
B11,2,2,8493
B10,0,2,8493
B05,0,3,8495
B08,1,2,8499
B07,0,1,8499
B07,1,1,8499
B06,0,2,8499
B08,0,2,8502
B01,1,1,8506
B18,1,2,8509
B10,1,2,8511
B09,0,3,8511
B17,1,3,8515
B13,1,3,8515
B12,1,2,8515
B16,1,2,8517
B15,1,1,8520
B14,0,3,8520
B16,0,2,8521
B17,0,3,8522
B15,0,1,8526
B02,1,2,8527
B01,0,1,8527
B04,2,3,8529
B03,1,3,8529
B14,1,3,8540
B13,0,3,8540
B12,2,2,8543
B11,1,2,8543
B03,2,3,8543
B02,0,2,8543
B06,1,2,8549
B01,1,1,8549
B05,1,3,8550
B04,1,3,8550
B19,2,3,8554
B19,3,3,8554
B18,0,2,8554
B11,2,2,8555
B10,0,2,8555
B05,0,3,8555
B09,1,3,8561
B08,1,2,8561
B07,0,1,8561
B07,1,1,8561
B06,0,2,8561
B08,0,2,8563
B10,1,2,8566
B09,0,3,8566
B13,1,3,8570
B12,1,2,8570
B18,1,2,8573
B16,1,2,8574
B15,1,1,8579
B14,0,3,8579
B02,1,2,8581
B01,0,1,8581
B17,1,3,8582
B16,0,2,8582
B15,0,1,8584
B04,2,3,8586
B03,1,3,8586
B17,0,3,8587
B01,1,1,8600
B12,2,2,8601
B11,1,2,8601
B05,1,3,8603
B04,1,3,8603
B03,2,3,8604
B02,0,2,8604
B14,1,3,8607
B13,0,3,8607
B06,1,2,8608
B05,0,3,8608
B09,1,3,8611
B08,1,2,8616
B07,0,1,8616
B07,1,1,8616
B06,0,2,8616
B08,0,2,8618
B13,1,3,8622
B12,1,2,8622
B17,1,3,8625
B02,1,2,8633
B01,0,1,8633
B16,1,2,8634
B16,0,2,8637
B18,2,2,8641
B17,0,3,8641
B15,1,1,8645
B14,0,3,8645
B10,2,2,8645
B09,0,3,8645
B04,2,3,8645
B03,1,3,8645
B15,0,1,8649
B11,2,2,8652
B10,1,2,8652
B12,2,2,8654
B11,1,2,8654
B05,1,3,8658
B04,1,3,8658
B03,2,3,8663
B02,0,2,8663
B06,1,2,8664
B05,0,3,8664
B01,1,1,8665
B09,1,3,8667
B14,1,3,8670
B13,0,3,8670
B08,1,2,8671
B07,0,1,8671
B08,0,2,8673
B07,1,1,8678
B06,0,2,8678
B17,1,3,8683
B02,1,2,8685
B01,0,1,8685
B15,1,1,8695
B14,0,3,8695
B11,2,2,8696
B10,0,2,8696
B10,1,2,8700
B09,0,3,8700
B16,1,2,8701
B15,0,1,8701
B16,0,2,8704
B04,2,3,8708
B03,1,3,8708
B05,1,3,8711
B04,1,3,8711
B03,2,3,8715
B02,0,2,8715
B01,1,1,8716
B09,1,3,8718
B13,1,3,8719
B12,1,2,8719
B12,2,2,8719
B11,1,2,8719
B06,1,2,8726
B05,0,3,8726
B14,1,3,8734
B13,0,3,8734
B08,1,2,8738
B07,0,1,8738
B07,1,1,8738
B06,0,2,8738
B08,0,2,8741
B15,1,1,8745
B14,0,3,8745
B10,2,2,8747
B09,0,3,8747
B11,2,2,8749
B10,1,2,8749
B02,1,2,8749
B01,0,1,8749
B17,2,3,8755
B16,1,2,8761
B15,0,1,8761
B16,0,2,8764
B13,1,3,8767
B12,1,2,8767
B04,2,3,8768
B03,1,3,8768
B03,2,3,8773
B02,0,2,8773
B01,1,1,8774
B05,1,3,8776
B04,1,3,8776
B06,1,2,8780
B05,0,3,8780
B12,2,2,8781
B11,1,2,8781
B19,2,3,8784
B19,3,3,8784
B18,1,2,8784
B18,2,2,8784
B17,1,3,8784
B09,1,3,8789
B14,1,3,8794
B13,0,3,8794
B11,2,2,8795
B10,0,2,8795
B15,1,1,8803
B14,0,3,8803
B10,1,2,8803
B09,0,3,8803
B16,1,2,8807
B15,0,1,8808
B02,1,2,8808
B01,0,1,8808
B08,1,2,8810
B07,0,1,8810
B07,1,1,8810
B06,0,2,8810
B08,0,2,8813
B13,1,3,8817
B12,1,2,8817
B17,2,3,8820
B16,0,2,8820
B04,2,3,8826
B03,1,3,8826
B01,1,1,8828
B03,2,3,8832
B02,0,2,8832
B06,1,2,8834
B12,2,2,8851
B11,1,2,8851
B14,1,3,8852
B13,0,3,8852
B16,1,2,8857
B11,2,2,8857
B10,0,2,8857
B15,1,1,8866
B14,0,3,8866
B13,1,3,8867
B12,1,2,8867
B10,1,2,8867
B09,1,3,8868
B17,3,3,8869
B16,0,2,8869
B15,0,1,8871
B08,1,2,8871
B07,0,1,8871
B07,1,1,8871
B06,0,2,8871
B02,1,2,8872
B01,0,1,8872
B08,0,2,8874
B09,0,3,8875
B19,2,3,8884
B19,3,3,8884
B18,1,2,8884
B18,2,2,8884
B17,2,3,8884
B01,1,1,8886
B04,3,3,8889
B03,1,3,8889
B03,2,3,8889
B02,0,2,8889
B12,2,2,8907
B11,1,2,8907
B11,2,2,8907
B10,0,2,8907
B16,1,2,8919
B09,1,3,8920
B02,1,2,8921
B01,0,1,8921
B14,1,3,8922
B13,0,3,8922
B15,1,1,8926
B14,0,3,8926
B10,1,2,8926
B09,0,3,8926
B08,1,2,8927
B07,0,1,8927
B07,1,1,8927
B08,0,2,8929
B15,0,1,8931
B13,1,3,8934
B12,1,2,8934
B03,3,3,8942
B02,0,2,8942
B01,1,1,8945
B17,3,3,8950
B16,0,2,8950
B12,2,2,8961
B11,1,2,8961
B11,2,2,8961
B10,0,2,8961
B19,2,3,8971
B19,3,3,8971
B18,1,2,8971
B18,2,2,8971
B17,2,3,8971
B02,1,2,8974
B01,0,1,8974
B14,1,3,8978
B13,0,3,8978
B15,1,1,8980
B14,0,3,8980
B09,1,3,8982
B16,1,2,8984
B15,0,1,8984
B10,1,2,8988
B09,0,3,8988
B13,1,3,8989
B12,1,2,8989
B08,1,2,8991
B07,0,1,8991
B08,0,2,8993
B17,3,3,8998
B16,0,2,8998
B01,1,1,9004
B12,2,2,9016
B11,1,2,9016
B11,2,2,9019
B10,0,2,9019
B02,2,2,9029
B01,0,1,9029
B13,2,3,9032
B12,1,2,9032
B14,1,3,9037
B13,1,3,9037
B16,1,2,9038
B15,1,1,9040
B14,0,3,9040
B15,0,1,9045
B10,1,2,9045
B08,1,2,9048
B09,1,3,9049
B08,0,2,9051
B09,0,3,9053
B01,1,1,9055
B19,2,3,9069
B19,3,3,9069
B18,1,2,9069
B18,2,2,9069
B17,2,3,9069
B17,3,3,9069
B16,0,2,9069
B12,2,2,9074
B11,1,2,9074
B11,2,2,9074
B10,0,2,9074
B13,2,3,9088
B12,1,2,9088
B16,1,2,9091
B15,1,1,9100
B10,1,2,9100
B09,1,3,9102
B15,0,1,9106
B09,0,3,9107
B14,1,3,9109
B13,1,3,9109
B14,0,3,9111
B12,2,2,9133
B11,1,2,9133
B11,2,2,9133
B10,0,2,9133
B05,1,3,9135
B04,2,3,9135
B04,3,3,9135
B03,2,3,9135
B03,3,3,9135
B02,1,2,9135
B02,2,2,9135
B01,0,1,9135
B01,1,1,9135
B05,0,3,9141
B13,2,3,9148
B12,1,2,9148
B16,2,2,9160
B10,1,2,9164
B19,2,3,9171
B19,3,3,9171
B18,1,2,9171
B18,2,2,9171
B17,2,3,9171
B17,3,3,9171
B16,1,2,9171
B14,1,3,9174
B13,1,3,9174
B15,1,1,9179
B14,0,3,9179
B15,0,1,9185
B05,1,3,9187
B04,2,3,9187
B06,1,2,9190
B05,0,3,9190
B06,0,2,9195
B04,3,3,9197
B03,2,3,9197
B03,3,3,9198
B02,1,2,9198
B02,2,2,9198
B01,0,1,9198
B01,1,1,9198
B13,2,3,9202
B12,0,2,9202
B12,1,2,9227
B11,1,2,9227
B11,2,2,9227
B10,0,2,9227
B16,2,2,9232
B15,1,1,9237
B05,1,3,9237
B04,2,3,9237
B14,1,3,9239
B13,1,3,9239
B06,1,2,9240
B15,0,1,9241
B14,0,3,9242
B05,0,3,9242
B19,2,3,9245
B19,3,3,9245
B18,1,2,9245
B18,2,2,9245
B17,2,3,9245
B17,3,3,9245
B16,1,2,9245
B07,1,1,9245
B06,0,2,9246
B07,0,1,9250
B04,3,3,9252
B03,2,3,9252
B03,3,3,9253
B02,1,2,9253
B02,2,2,9253
B01,0,1,9253
B01,1,1,9255
B13,2,3,9262
B12,0,2,9262
B12,1,2,9285
B11,1,2,9285
B11,2,2,9285
B16,2,2,9294
B05,1,3,9294
B04,2,3,9294
B06,1,2,9295
B14,1,3,9296
B13,1,3,9296
B07,1,1,9298
B05,0,3,9299
B15,1,1,9300
B14,0,3,9300
B06,0,2,9301
B15,0,1,9305
B04,3,3,9309
B03,2,3,9309
B03,3,3,9309
B02,1,2,9309
B02,2,2,9317
B01,0,1,9317
B01,1,1,9317
B08,1,2,9319
B07,0,1,9319
B08,0,2,9322
B13,2,3,9326
B12,0,2,9326
B19,2,3,9332
B19,3,3,9332
B18,1,2,9332
B18,2,2,9332
B17,2,3,9332
B17,3,3,9332
B16,1,2,9332
B12,1,2,9343
B11,1,2,9343
B06,1,2,9354
B05,1,3,9355
B04,2,3,9355
B14,1,3,9356
B13,1,3,9356
B16,2,2,9358
B04,3,3,9359
B03,2,3,9359
B03,3,3,9360
B02,1,2,9360
B05,0,3,9361
B15,1,1,9363
B14,0,3,9363
B15,0,1,9368
B02,2,2,9372
B01,0,1,9372
B13,2,3,9373
B12,0,2,9373
B08,1,2,9374
B01,1,1,9374
B09,1,3,9375
B08,0,2,9377
B07,1,1,9377
B06,0,2,9377
B09,0,3,9381
B07,0,1,9383
B12,1,2,9397
B11,0,2,9397
B05,1,3,9411
B04,2,3,9411
B14,1,3,9416
B13,1,3,9416
B04,3,3,9419
B03,2,3,9419
B03,3,3,9419
B02,1,2,9419
B06,1,2,9423
B05,0,3,9423
B02,2,2,9426
B01,0,1,9426
B01,1,1,9426
B19,2,3,9435
B19,3,3,9435
B18,1,2,9435
B18,2,2,9435
B17,2,3,9435
B17,3,3,9435
B16,1,2,9435
B16,2,2,9435
B15,1,1,9435
B14,0,3,9435
B09,1,3,9437
B15,0,1,9441
B10,1,2,9442
B09,0,3,9442
B08,1,2,9442
B13,2,3,9443
B12,0,2,9443
B10,0,2,9445
B08,0,2,9445
B12,1,2,9446
B05,1,3,9465
B04,2,3,9465
B06,2,2,9482
B05,0,3,9482
B04,3,3,9482
B03,2,3,9482
B03,3,3,9482
B02,1,2,9482
B02,2,2,9482
B01,0,1,9482
B14,1,3,9486
B13,1,3,9486
B01,1,1,9493
B09,1,3,9496
B13,2,3,9500
B12,0,2,9500
B10,1,2,9500
B11,1,2,9501
B09,0,3,9502
B15,1,1,9504
B14,0,3,9504
B10,0,2,9504
B19,2,3,9508
B19,3,3,9508
B18,1,2,9508
B18,2,2,9508
B17,2,3,9508
B17,3,3,9508
B16,1,2,9508
B16,2,2,9508
B11,0,2,9508
B15,0,1,9509
B05,1,3,9524
B04,2,3,9524
B04,3,3,9529
B03,2,3,9529
B03,3,3,9531
B02,1,2,9531
B07,1,1,9537
B06,1,2,9537
B06,2,2,9538
B05,0,3,9538
B07,0,1,9542
B02,2,2,9543
B01,0,1,9543
B01,1,1,9543
B13,3,3,9547
B14,1,3,9548
B13,2,3,9548
B10,1,2,9559
B15,1,1,9563
B14,0,3,9563
B12,1,2,9570
B12,0,2,9573
B05,1,3,9584
B04,2,3,9584
B04,3,3,9585
B03,2,3,9585
B03,3,3,9585
B02,1,2,9585
B19,2,3,9589
B19,3,3,9589
B18,1,2,9589
B18,2,2,9589
B17,2,3,9589
B17,3,3,9589
B16,1,2,9589
B16,2,2,9589
B15,0,1,9589
B02,2,2,9591
B01,0,1,9591
B01,1,1,9591
B08,1,2,9595
B08,0,2,9597
B14,1,3,9601
B13,1,3,9601
B11,1,2,9610
B10,0,2,9610
B11,0,2,9615
B15,1,1,9624
B14,0,3,9624
B13,2,3,9624
B07,1,1,9640
B06,1,2,9640
B06,2,2,9640
B05,0,3,9640
B05,1,3,9641
B04,2,3,9641
B07,0,1,9646
B09,1,3,9648
B04,3,3,9649
B03,2,3,9649
B03,3,3,9649
B02,1,2,9649
B02,2,2,9649
B01,0,1,9649
B01,1,1,9649
B09,0,3,9652
B11,1,2,9654
B14,1,3,9658
B13,1,3,9658
B19,2,3,9674
B19,3,3,9674
B18,1,2,9674
B18,2,2,9674
B17,2,3,9674
B17,3,3,9674
B16,1,2,9674
B16,2,2,9674
B15,0,1,9674
B12,1,2,9681
B11,0,2,9681
B12,0,2,9685
B15,1,1,9686
B14,0,3,9686
B05,2,3,9686
B04,2,3,9686
B07,1,1,9690
B06,1,2,9690
B06,2,2,9694
B05,1,3,9694
B04,3,3,9705
B03,2,3,9705
B03,3,3,9705
B02,1,2,9705
B02,2,2,9706
B01,0,1,9706
B01,1,1,9706
B10,1,2,9708
B10,0,2,9711
B14,1,3,9713
B13,0,3,9713
B08,1,2,9715
B07,0,1,9715
B08,0,2,9717
B07,1,1,9735
B06,1,2,9735
B05,2,3,9737
B04,2,3,9737
B12,1,2,9738
B13,1,3,9747
B12,0,2,9747
B06,2,2,9757
B05,1,3,9757
B04,3,3,9759
B03,2,3,9759
B03,3,3,9759
B02,1,2,9759
B02,2,2,9763
B01,0,1,9763
B01,1,1,9763
B11,1,2,9764
B09,1,3,9765
B09,0,3,9770
B19,2,3,9771
B19,3,3,9771
B18,1,2,9771
B18,2,2,9771
B17,2,3,9771
B17,3,3,9771
B16,1,2,9771
B16,2,2,9771
B15,0,1,9771
B15,1,1,9771
B14,0,3,9771
B11,0,2,9771
B14,1,3,9775
B13,0,3,9775
B08,1,2,9777
B07,0,1,9777
B08,0,2,9779
B07,1,1,9780
B06,1,2,9780
B05,2,3,9787
B04,2,3,9787
B13,1,3,9799
B06,2,2,9808
B05,1,3,9808
B04,3,3,9826
B03,2,3,9826
B03,3,3,9826
B02,1,2,9826
B02,2,2,9826
B01,0,1,9826
B01,1,1,9826
B10,1,2,9832
B08,1,2,9832
B07,0,1,9832
B07,1,1,9832
B06,1,2,9832
B10,0,2,9834
B09,1,3,9834
B08,0,2,9834
B05,2,3,9836
B04,2,3,9836
B14,2,3,9837
B13,0,3,9837
B09,0,3,9841
B12,1,2,9846
B12,0,2,9850
B19,2,3,9852
B19,3,3,9852
B18,1,2,9852
B18,2,2,9852
B17,2,3,9852
B17,3,3,9852
B16,1,2,9852
B16,2,2,9852
B15,0,1,9852
B15,1,1,9852
B14,1,3,9852
B06,2,2,9863
B05,1,3,9863
B11,1,2,9876
B11,0,2,9881
B08,1,2,9883
B07,0,1,9883
B07,1,1,9886
B06,1,2,9886
B09,1,3,9889
B08,0,2,9889
B04,3,3,9893
B03,2,3,9893
B03,3,3,9893
B02,1,2,9893
B02,2,2,9893
B01,0,1,9893
B01,1,1,9893
B05,2,3,9894
B04,2,3,9894
B10,1,2,9898
B09,0,3,9898
B10,0,2,9901
B14,2,3,9902
B06,2,2,9917
B05,1,3,9917
B09,1,3,9941
B19,2,3,9943
B19,3,3,9943
B18,1,2,9943
B18,2,2,9943
B17,2,3,9943
B17,3,3,9943
B16,1,2,9943
B16,2,2,9943
B15,0,1,9943
B15,1,1,9943
B14,1,3,9943
B11,1,2,9947
B08,1,2,9949
B07,0,1,9949
B07,1,1,9949
B06,1,2,9949
B08,0,2,9952
B04,3,3,9952
B03,2,3,9952
B03,3,3,9952
B02,1,2,9952
B02,2,2,9952
B01,0,1,9952
B01,1,1,9952
B10,1,2,9956
B09,0,3,9956
B10,0,2,9959
B05,2,3,9961
B04,2,3,9961
B06,2,2,9968
B05,1,3,9968
B13,1,3,9993
B13,0,3,9997
B09,1,3,10003
B08,1,2,10006
B07,0,1,10006
B07,1,1,10006
B06,1,2,10006
B05,2,3,10006
B04,1,3,10006
B08,0,2,10008
B10,1,2,10009
B09,0,3,10009
B04,2,3,10014
B03,2,3,10014
B03,3,3,10014
B02,1,2,10014
B02,2,2,10014
B01,0,1,10014
B01,1,1,10014
B11,2,2,10015
B10,0,2,10015
B06,2,2,10018
B05,1,3,10018
B19,2,3,10036
B19,3,3,10036
B18,1,2,10036
B09,1,3,10056
B14,2,3,10061
B08,1,2,10064
B07,0,1,10064
B07,1,1,10064
B06,1,2,10064
B08,0,2,10066
B04,3,3,10066
B03,2,3,10066
B10,1,2,10067
B09,0,3,10067
B05,2,3,10067
B04,2,3,10067
B03,3,3,10068
B02,1,2,10068
B02,2,2,10068
B01,0,1,10068
B06,2,2,10071
B05,1,3,10071
B01,1,1,10075
B09,1,3,10116
B08,1,2,10116
B07,0,1,10116
B07,1,1,10116
B06,1,2,10116
B08,0,2,10118
B05,2,3,10118
B04,1,3,10118
B10,2,2,10120
B09,0,3,10122
B06,2,2,10128
B05,1,3,10128
B04,2,3,10131
B03,2,3,10131
B03,3,3,10131
B02,1,2,10131
B02,2,2,10131
B01,0,1,10131
B01,1,1,10140
B09,1,3,10158
B18,2,2,10164
B17,2,3,10164
B17,3,3,10164
B16,1,2,10164
B16,2,2,10164
B15,0,1,10164
B15,1,1,10164
B14,1,3,10164
B08,1,2,10164
B07,0,1,10164
B08,0,2,10167
B07,1,1,10172
B06,1,2,10172
B05,2,3,10173
B04,1,3,10173
B06,2,2,10183
B05,1,3,10183
B04,2,3,10184
B03,2,3,10184
B03,3,3,10188
B02,1,2,10188
B02,2,2,10188
B01,0,1,10188
B01,1,1,10203
B09,2,3,10215
B08,1,2,10226
B07,0,1,10226
B08,0,2,10229
B05,2,3,10232
B04,1,3,10232
B07,1,1,10238
B06,1,2,10238
B06,2,2,10238
B05,1,3,10238
B04,2,3,10249
B03,2,3,10249
B03,3,3,10249
B02,1,2,10249
B02,2,2,10249
B01,0,1,10249
B01,1,1,10265
B09,3,3,10276
B05,2,3,10280
B04,1,3,10280
B08,1,2,10299
B07,0,1,10299
B07,1,1,10299
B06,1,2,10299
B06,2,2,10299
B05,1,3,10299
B08,0,2,10303
B12,1,2,10308
B11,1,2,10308
B11,2,2,10308
B10,1,2,10308
B10,2,2,10308
B09,2,3,10308
B12,0,2,10311
B04,2,3,10312
B03,2,3,10312
B03,3,3,10312
B02,1,2,10312
B02,2,2,10312
B01,0,1,10312
B01,1,1,10312
B05,2,3,10335
B04,1,3,10335
B13,1,3,10363
B09,3,3,10363
B08,1,2,10365
B07,0,1,10365
B07,1,1,10365
B06,1,2,10365
B06,2,2,10365
B05,1,3,10365
B13,0,3,10367
B08,0,2,10367
B12,1,2,10368
B11,1,2,10368
B11,2,2,10368
B10,1,2,10368
B10,2,2,10368
B09,2,3,10368
B12,0,2,10372
B04,2,3,10377
B03,2,3,10377
B03,3,3,10395
B02,1,2,10395
B02,2,2,10395
B01,0,1,10395
B01,1,1,10395
B05,2,3,10396
B04,1,3,10396
B09,3,3,10417
B13,1,3,10421
B08,1,2,10423
B07,0,1,10423
B08,0,2,10425
B07,1,1,10426
B06,1,2,10426
B06,2,2,10426
B05,1,3,10426
B12,1,2,10428
B11,1,2,10428
B11,2,2,10428
B10,1,2,10428
B10,2,2,10428
B09,2,3,10428
B12,0,2,10431
B14,2,3,10433
B13,0,3,10433
B04,2,3,10435
B03,2,3,10435
B05,2,3,10446
B04,1,3,10446
B03,3,3,10454
B02,1,2,10454
B02,2,2,10454
B01,0,1,10454
B01,1,1,10454
B09,3,3,10477
B12,1,2,10478
B11,1,2,10478
B11,2,2,10481
B10,1,2,10481
B08,1,2,10486
B07,0,1,10486
B07,1,1,10486
B06,1,2,10486
B06,2,2,10486
B05,1,3,10486
B08,0,2,10489
B10,2,2,10491
B09,2,3,10491
B13,1,3,10494
B12,0,2,10494
B04,2,3,10494
B03,2,3,10494
B14,3,3,10495
B05,2,3,10496
B04,1,3,10496
B13,0,3,10498
B03,3,3,10507
B02,1,2,10507
B02,2,2,10507
B01,0,1,10507
B01,1,1,10517
B08,1,2,10536
B07,0,1,10536
B07,1,1,10536
B06,1,2,10536
B06,2,2,10536
B05,1,3,10536
B12,1,2,10539
B11,1,2,10539
B11,2,2,10539
B10,1,2,10539
B13,1,3,10543
B12,0,2,10543
B09,3,3,10545
B08,0,2,10545
B10,2,2,10551
B09,2,3,10551
B04,2,3,10552
B03,2,3,10552
B03,3,3,10560
B02,1,2,10560
B02,2,2,10560
B01,0,1,10560
B05,2,3,10561
B04,1,3,10561
B19,2,3,10566
B19,3,3,10566
B18,1,2,10566
B18,2,2,10566
B17,2,3,10566
B17,3,3,10566
B16,1,2,10566
B16,2,2,10566
B15,0,1,10566
B15,1,1,10566
B14,2,3,10566
B14,3,3,10566
B13,0,3,10566
B01,1,1,10571
B08,1,2,10599
B07,0,1,10599
B07,1,1,10599
B06,1,2,10599
B06,2,2,10599
B05,1,3,10599
B09,3,3,10600
B08,0,2,10601
B12,1,2,10604
B11,1,2,10604
B04,2,3,10607
B03,2,3,10607
B13,1,3,10608
B12,0,2,10608
B03,3,3,10614
B02,1,2,10614
B02,2,2,10617
B01,0,1,10617
B01,1,1,10623
B19,2,3,10640
B19,3,3,10640
B18,1,2,10640
B18,2,2,10640
B17,2,3,10640
B17,3,3,10640
B16,1,2,10640
B16,2,2,10640
B15,0,1,10640
B15,1,1,10640
B14,2,3,10640
B14,3,3,10640
B13,0,3,10640
B08,1,2,10660
B07,0,1,10660
B13,1,3,10661
B07,1,1,10666
B06,1,2,10666
B06,2,2,10666
B05,0,3,10666
B12,1,2,10670
B11,0,2,10670
B12,0,2,10673
B11,1,2,10682
B10,1,2,10682
B10,2,2,10682
B09,2,3,10682
B09,3,3,10682
B08,0,2,10682
B08,1,2,10714
B07,0,1,10714
B12,1,2,10729
B11,0,2,10729
B07,1,1,10729
B06,1,2,10729
B06,2,2,10729
B13,2,3,10734
B12,0,2,10734
B19,2,3,10738
B19,3,3,10738
B18,1,2,10738
B18,2,2,10738
B17,2,3,10738
B17,3,3,10738
B16,1,2,10738
B16,2,2,10738
B15,0,1,10738
B15,1,1,10738
B14,2,3,10738
B14,3,3,10738
B13,1,3,10738
B11,1,2,10740
B10,1,2,10740
B10,2,2,10740
B09,2,3,10740
B09,3,3,10740
B08,0,2,10740
B08,1,2,10765
B07,0,1,10765
B07,1,1,10779
B06,1,2,10779
B13,2,3,10785
B04,3,3,10789
B03,2,3,10789
B03,3,3,10789
B02,1,2,10789
B02,2,2,10789
B01,0,1,10789
B01,1,1,10789
B12,1,2,10790
B11,0,2,10790
B12,0,2,10793
B11,1,2,10795
B10,1,2,10795
B10,2,2,10795
B09,2,3,10795
B09,3,3,10799
B08,0,2,10799
B19,2,3,10816
B19,3,3,10816
B18,1,2,10816
B18,2,2,10816
B17,2,3,10816
B17,3,3,10816
B16,1,2,10816
B16,2,2,10816
B15,0,1,10816
B15,1,1,10816
B14,2,3,10816
B14,3,3,10816
B13,1,3,10816
B08,1,2,10830
B07,0,1,10830
B13,2,3,10837
B11,2,2,10837
B10,1,2,10837
B12,1,2,10845
B11,1,2,10845
B07,1,1,10845
B06,0,2,10845
B12,0,2,10848
B10,2,2,10855
B09,2,3,10855
B09,3,3,10861
B08,0,2,10861
B08,1,2,10880
B07,0,1,10880
B11,2,2,10892
B10,1,2,10892
B13,3,3,10896
B07,1,1,10904
B19,2,3,10912
B19,3,3,10912
B18,1,2,10912
B18,2,2,10912
B17,2,3,10912
B17,3,3,10912
B16,1,2,10912
B16,2,2,10912
B15,0,1,10912
B15,1,1,10912
B14,2,3,10912
B14,3,3,10912
B13,2,3,10912
B12,1,2,10914
B11,1,2,10914
B12,0,2,10917
B10,2,2,10918
B09,2,3,10918
B09,3,3,10918
B08,0,2,10918
B11,2,2,10939
B10,1,2,10939
B08,1,2,10947
B07,0,1,10947
B12,1,2,10967
B11,1,2,10967
B13,3,3,10975
B12,0,2,10975
B10,2,2,10977
B09,2,3,10977
B09,3,3,10977
B08,0,2,10977
B11,2,2,10990
B10,1,2,10990
B08,1,2,10992
B12,1,2,11027
B11,1,2,11027
B10,2,2,11033
B09,2,3,11033
B09,3,3,11033
B08,0,2,11033
B11,2,2,11044
B10,1,2,11044
B05,1,3,11056
B04,2,3,11056
B04,3,3,11056
B03,2,3,11056
B03,3,3,11056
B02,1,2,11056
B02,2,2,11056
B01,0,1,11056
B01,1,1,11056
B05,0,3,11062
B12,2,2,11090
B11,1,2,11090
B11,2,2,11091
B10,0,2,11091
B10,1,2,11093
B09,2,3,11093
B09,3,3,11093
B06,1,2,11115
B05,1,3,11115
B04,2,3,11115
B04,3,3,11115
B03,2,3,11115
B03,3,3,11115
B02,1,2,11115
B02,2,2,11115
B01,0,1,11115
B01,1,1,11115
B06,0,2,11121
B05,0,3,11121
B10,2,2,11150
B09,2,3,11150
B07,1,1,11172
B05,1,3,11172
B04,2,3,11172
B04,3,3,11172
B03,2,3,11172
B03,3,3,11172
B02,1,2,11172
B02,2,2,11172
B01,0,1,11172
B01,1,1,11172
B06,1,2,11173
B07,0,1,11176
B05,0,3,11177
B06,0,2,11180
B08,1,2,11230
B06,1,2,11230
B08,0,2,11233
B05,1,3,11237
B04,2,3,11237
B04,3,3,11237
B03,2,3,11237
B03,3,3,11237
B02,1,2,11237
B02,2,2,11237
B01,0,1,11237
B01,1,1,11237
B07,1,1,11242
B06,0,2,11242
B05,0,3,11242
B07,0,1,11247
B19,2,3,11249
B19,3,3,11249
B18,1,2,11249
B18,2,2,11249
B17,2,3,11249
B17,3,3,11249
B16,1,2,11249
B16,2,2,11249
B15,0,1,11249
B15,1,1,11249
B14,2,3,11249
B14,3,3,11249
B13,2,3,11249
B13,3,3,11249
B12,1,2,11249
B12,2,2,11249
B11,1,2,11249
B11,2,2,11249
B10,1,2,11249
B10,2,2,11249
B09,1,3,11249
B09,2,3,11281
B05,1,3,11288
B04,2,3,11288
B06,1,2,11293
B05,0,3,11294
B04,3,3,11297
B03,2,3,11297
B08,1,2,11303
B08,0,2,11306
B07,1,1,11309
B06,0,2,11309
B07,0,1,11315
B05,1,3,11344
B04,2,3,11344
B06,1,2,11345
B05,0,3,11349
B19,2,3,11355
B19,3,3,11355
B18,1,2,11355
B18,2,2,11355
B17,2,3,11355
B17,3,3,11355
B16,1,2,11355
B16,2,2,11355
B15,0,1,11355
B15,1,1,11355
B14,2,3,11355
B14,3,3,11355
B13,2,3,11355
B13,3,3,11355
B12,1,2,11355
B12,2,2,11355
B11,1,2,11355
B11,2,2,11355
B10,1,2,11355
B10,2,2,11355
B09,1,3,11355
B09,2,3,11357
B04,3,3,11361
B03,1,3,11361
B07,1,1,11371
B06,0,2,11371
B03,2,3,11382
B02,1,2,11382
B02,2,2,11382
B01,0,1,11382
B01,1,1,11382
B08,1,2,11387
B07,0,1,11387
B08,0,2,11390
B06,1,2,11400
B05,1,3,11400
B04,2,3,11400
B05,0,3,11405
B04,3,3,11415
B03,1,3,11415
B07,1,1,11420
B06,0,2,11420
B19,2,3,11431
B19,3,3,11431
B18,1,2,11431
B18,2,2,11431
B17,2,3,11431
B17,3,3,11431
B16,1,2,11431
B16,2,2,11431
B15,0,1,11431
B15,1,1,11431
B14,2,3,11431
B14,3,3,11431
B13,2,3,11431
B13,3,3,11431
B12,1,2,11431
B12,2,2,11431
B11,1,2,11431
B09,3,3,11433
B03,2,3,11436
B02,1,2,11436
B11,2,2,11437
B10,1,2,11437
B10,2,2,11437
B09,2,3,11437
B08,1,2,11440
B07,0,1,11440
B02,2,2,11441
B01,0,1,11441
B08,0,2,11442
B01,1,1,11442
B06,1,2,11452
B05,1,3,11453
B04,2,3,11453
B05,0,3,11461
B04,3,3,11467
B03,1,3,11467
B03,2,3,11482
B02,1,2,11482
B07,1,1,11483
B06,0,2,11483
B02,2,2,11491
B01,0,1,11491
B08,1,2,11497
B07,0,1,11497
B01,1,1,11503
B05,1,3,11504
B04,2,3,11504
B06,1,2,11510
B05,0,3,11510
B19,2,3,11514
B19,3,3,11514
B18,1,2,11514
B18,2,2,11514
B17,2,3,11514
B17,3,3,11514
B16,1,2,11514
B16,2,2,11514
B15,0,1,11514
B15,1,1,11514
B14,2,3,11514
B14,3,3,11514
B13,2,3,11514
B13,3,3,11514
B12,1,2,11514
B12,2,2,11514
B11,1,2,11514
B11,2,2,11514
B10,1,2,11514
B10,2,2,11514
B09,1,3,11514
B04,3,3,11531
B03,1,3,11531
B07,1,1,11534
B06,0,2,11534
B03,2,3,11540
B02,1,2,11540
B08,2,2,11546
B07,0,1,11546
B02,2,2,11546
B01,0,1,11546
B01,1,1,11556
B05,1,3,11557
B04,2,3,11557
B09,2,3,11558
B08,1,2,11558
B06,1,2,11559
B05,0,3,11561
B04,3,3,11589
B03,1,3,11589
B03,2,3,11593
B02,1,2,11593
B19,2,3,11599
B19,3,3,11599
B18,1,2,11599
B18,2,2,11599
B17,2,3,11599
B17,3,3,11599
B16,1,2,11599
B16,2,2,11599
B15,0,1,11599
B15,1,1,11599
B14,2,3,11599
B14,3,3,11599
B13,2,3,11599
B13,3,3,11599
B12,1,2,11599
B12,2,2,11599
B11,1,2,11599
B11,2,2,11599
B10,1,2,11599
B10,2,2,11599
B09,1,3,11599
B02,2,2,11606
B01,0,1,11606
B06,2,2,11607
B01,1,1,11608
B07,1,1,11609
B06,1,2,11609
B05,1,3,11610
B04,2,3,11610
B08,2,2,11611
B07,0,1,11614
B05,0,3,11615
B09,2,3,11616
B08,1,2,11616
B03,3,3,11648
B02,1,2,11648
B04,3,3,11652
B03,2,3,11652
B02,2,2,11657
B01,0,1,11657
B06,2,2,11662
B09,3,3,11664
B08,0,2,11664
B07,1,1,11667
B06,1,2,11667
B05,1,3,11667
B04,2,3,11667
B08,1,2,11668
B07,0,1,11672
B05,0,3,11672
B01,1,1,11672
B03,3,3,11704
B02,1,2,11704
B04,3,3,11713
B03,2,3,11713
B07,1,1,11719
B06,0,2,11719
B02,2,2,11719
B01,0,1,11719
B06,1,2,11725
B01,1,1,11733
B08,2,2,11738
B07,0,1,11738
B03,3,3,11760
B02,1,2,11760
B07,1,1,11773
B06,0,2,11773
B02,2,2,11774
B01,0,1,11774
B19,2,3,11789
B19,3,3,11789
B18,1,2,11789
B18,2,2,11789
B17,2,3,11789
B17,3,3,11789
B16,1,2,11789
B16,2,2,11789
B15,0,1,11789
B15,1,1,11789
B14,2,3,11789
B01,1,1,11798
B14,3,3,11847
B13,2,3,11847
B13,3,3,11847
B12,1,2,11847
B12,2,2,11847
B11,1,2,11847
B11,2,2,11847
B10,1,2,11847
B10,2,2,11847
B09,2,3,11847
B09,3,3,11847
B08,1,2,11847
B08,2,2,11847
B07,0,1,11847
B07,1,1,11847
B19,2,3,11883
B19,3,3,11883
B18,1,2,11883
B18,2,2,11883
B17,2,3,11883
B17,3,3,11883
B16,1,2,11883
B16,2,2,11883
B15,0,1,11883
B15,1,1,11883
B14,2,3,11883
B05,1,3,11920
B04,2,3,11920
B04,3,3,11920
B03,2,3,11920
B03,3,3,11920
B02,1,2,11920
B02,2,2,11920
B01,0,1,11920
B01,1,1,11920
B05,0,3,11926
B14,3,3,11944
B13,2,3,11944
B13,3,3,11944
B12,1,2,11944
B12,2,2,11944
B11,1,2,11944
B11,2,2,11944
B10,1,2,11944
B10,2,2,11944
B09,2,3,11944
B09,3,3,11944
B08,1,2,11944
B08,2,2,11944
B07,0,1,11944
B19,2,3,11965
B19,3,3,11965
B18,1,2,11965
B18,2,2,11965
B17,2,3,11965
B17,3,3,11965
B16,1,2,11965
B16,2,2,11965
B15,0,1,11965
B15,1,1,11965
B14,2,3,11965
B06,1,2,11980
B05,1,3,11980
B04,2,3,11980
B04,3,3,11982
B03,2,3,11982
B03,3,3,11982
B02,1,2,11982
B02,2,2,11982
B01,0,1,11982
B01,1,1,11982
B05,0,3,11984
B06,0,2,11988
B14,3,3,12014
B13,2,3,12014
B13,3,3,12014
B12,1,2,12014
B12,2,2,12014
B11,1,2,12014
B11,2,2,12014
B10,1,2,12014
B10,2,2,12014
B09,2,3,12014
B09,3,3,12014
B08,1,2,12014
B08,2,2,12018
B05,1,3,12029
B04,2,3,12029
B06,1,2,12035
B05,0,3,12035
B04,3,3,12035
B03,2,3,12035
B03,3,3,12035
B02,1,2,12035
B02,2,2,12035
B01,0,1,12035
B01,1,1,12035
B07,1,1,12041
B06,0,2,12042
B19,2,3,12045
B19,3,3,12045
B18,1,2,12045
B18,2,2,12045
B17,2,3,12045
B17,3,3,12045
B16,1,2,12045
B16,2,2,12045
B15,0,1,12045
B15,1,1,12045
B14,2,3,12045
B07,0,1,12046
B14,3,3,12068
B13,2,3,12068
B13,3,3,12068
B12,1,2,12068
B12,2,2,12076
B11,1,2,12076
B11,2,2,12076
B10,1,2,12076
B10,2,2,12076
B09,2,3,12076
B09,3,3,12076
B08,1,2,12076
B05,1,3,12080
B04,2,3,12080
B06,1,2,12091
B05,0,3,12091
B04,3,3,12098
B03,2,3,12098
B03,3,3,12098
B02,1,2,12098
B02,2,2,12098
B01,0,1,12098
B01,1,1,12098
B07,1,1,12102
B06,0,2,12102
B08,2,2,12118
B07,0,1,12118
B19,2,3,12132
B19,3,3,12132
B18,1,2,12132
B18,2,2,12132
B17,2,3,12132
B17,3,3,12132
B16,1,2,12132
B16,2,2,12132
B15,0,1,12132
B15,1,1,12132
B14,2,3,12132
B14,3,3,12132
B13,2,3,12132
B13,3,3,12132
B12,1,2,12132
B05,1,3,12135
B04,2,3,12135
B12,2,2,12136
B11,1,2,12136
B11,2,2,12136
B10,1,2,12136
B10,2,2,12136
B09,2,3,12136
B09,3,3,12136
B08,1,2,12136
B06,1,2,12143
B05,0,3,12143
B07,1,1,12157
B06,0,2,12157
B04,3,3,12157
B03,2,3,12157
B03,3,3,12157
B02,1,2,12157
B02,2,2,12157
B01,0,1,12157
B01,1,1,12157
B08,2,2,12181
B07,0,1,12181
B05,1,3,12192
B04,2,3,12192
B06,1,2,12195
B05,0,3,12197
B07,1,1,12210
B06,0,2,12210
B04,3,3,12212
B03,2,3,12212
B03,3,3,12212
B02,1,2,12212
B19,2,3,12215
B19,3,3,12215
B18,1,2,12215
B18,2,2,12215
B17,2,3,12215
B17,3,3,12215
B16,1,2,12215
B16,2,2,12215
B15,0,1,12215
B15,1,1,12215
B14,2,3,12215
B14,3,3,12215
B13,2,3,12215
B13,3,3,12215
B12,1,2,12215
B12,2,2,12215
B11,1,2,12215
B11,2,2,12215
B10,1,2,12215
B10,2,2,12215
B09,2,3,12215
B09,3,3,12215
B08,1,2,12215
B02,2,2,12219
B01,0,1,12219
B01,1,1,12219
B08,2,2,12233
B07,0,1,12233
B06,1,2,12239
B05,1,3,12248
B04,2,3,12248
B05,0,3,12252
B04,3,3,12267
B03,2,3,12267
B03,3,3,12267
B02,1,2,12267
B07,1,1,12272
B06,0,2,12272
B02,2,2,12282
B01,0,1,12282
B01,1,1,12282
B19,2,3,12303
B19,3,3,12303
B18,1,2,12303
B18,2,2,12303
B17,2,3,12303
B17,3,3,12303
B16,1,2,12303
B16,2,2,12303
B15,0,1,12303
B15,1,1,12303
B14,2,3,12303
B14,3,3,12303
B13,2,3,12303
B13,3,3,12303
B12,1,2,12303
B12,2,2,12303
B11,1,2,12303
B11,2,2,12303
B10,1,2,12303
B10,2,2,12303
B09,2,3,12303
B09,3,3,12303
B08,1,2,12303
B08,2,2,12303
B07,0,1,12303
B06,1,2,12305
B05,1,3,12314
B04,2,3,12314
B05,0,3,12319
B04,3,3,12323
B03,2,3,12323
B03,3,3,12324
B02,1,2,12324
B07,1,1,12333
B06,0,2,12333
B02,2,2,12348
B01,0,1,12348
B01,1,1,12348
B05,1,3,12376
B04,2,3,12376
B04,3,3,12376
B03,2,3,12376
B03,3,3,12376
B02,1,2,12376
B06,1,2,12379
B05,0,3,12381
B02,2,2,12401
B01,0,1,12401
B19,2,3,12403
B19,3,3,12403
B18,1,2,12403
B18,2,2,12403
B17,2,3,12403
B17,3,3,12403
B16,1,2,12403
B16,2,2,12403
B15,0,1,12403
B15,1,1,12403
B14,2,3,12403
B14,3,3,12403
B13,2,3,12403
B13,3,3,12403
B12,1,2,12403
B12,2,2,12403
B11,1,2,12403
B11,2,2,12403
B10,1,2,12403
B10,2,2,12403
B09,2,3,12403
B09,3,3,12403
B08,1,2,12403
B08,2,2,12403
B07,0,1,12403
B07,1,1,12403
B06,0,2,12403
B01,1,1,12403
B05,1,3,12427
B04,2,3,12427
B04,3,3,12437
B03,2,3,12437
B03,3,3,12437
B02,1,2,12437
B06,1,2,12438
B05,0,3,12438
B02,2,2,12465
B01,0,1,12465
B01,1,1,12465
B19,2,3,12485
B19,3,3,12485
B18,1,2,12485
B18,2,2,12485
B17,2,3,12485
B17,3,3,12485
B16,1,2,12485
B16,2,2,12485
B15,0,1,12485
B15,1,1,12485
B14,2,3,12485
B14,3,3,12485
B13,2,3,12485
B13,3,3,12485
B12,1,2,12485
B12,2,2,12485
B11,1,2,12485
B11,2,2,12485
B10,1,2,12485
B10,2,2,12485
B09,2,3,12485
B09,3,3,12485
B08,1,2,12485
B08,2,2,12485
B07,0,1,12485
B07,1,1,12485
B06,0,2,12485
B06,1,2,12486
B05,1,3,12495
B04,2,3,12495
B05,0,3,12500
B04,3,3,12500
B03,2,3,12500
B03,3,3,12500
B02,1,2,12500
B02,2,2,12522
B01,0,1,12522
B01,1,1,12522
B06,2,2,12547
B05,1,3,12553
B04,2,3,12553
B04,3,3,12554
B03,2,3,12554
B03,3,3,12554
B02,1,2,12554
B05,0,3,12558
B02,2,2,12576
B01,0,1,12576
B01,1,1,12576
B19,2,3,12578
B19,3,3,12578
B18,1,2,12578
B18,2,2,12578
B17,2,3,12578
B17,3,3,12578
B16,1,2,12578
B16,2,2,12578
B15,0,1,12578
B15,1,1,12578
B14,2,3,12578
B14,3,3,12578
B13,2,3,12578
B13,3,3,12578
B12,1,2,12578
B12,2,2,12578
B11,1,2,12578
B11,2,2,12578
B10,1,2,12578
B10,2,2,12578
B09,2,3,12578
B09,3,3,12578
B08,1,2,12578
B08,2,2,12578
B07,0,1,12578
B07,1,1,12578
B06,1,2,12578
B05,1,3,12605
B04,2,3,12605
B06,2,2,12606
B05,0,3,12610
B04,3,3,12610
B03,2,3,12610
B03,3,3,12610
B02,1,2,12610
B19,2,3,12663
B19,3,3,12663
B18,1,2,12663
B18,2,2,12663
B17,2,3,12663
B17,3,3,12663
B16,1,2,12663
B16,2,2,12663
B15,0,1,12663
B15,1,1,12663
B14,2,3,12663
B14,3,3,12663
B13,2,3,12663
B13,3,3,12663
B12,1,2,12663
B12,2,2,12663
B11,1,2,12663
B11,2,2,12663
B10,1,2,12663
B10,2,2,12663
B09,2,3,12663
B09,3,3,12663
B08,1,2,12663
B08,2,2,12663
B07,0,1,12663
B07,1,1,12663
B06,1,2,12663
B06,2,2,12667
B05,1,3,12667
B04,2,3,12667
B04,3,3,12668
B03,2,3,12668
B03,3,3,12668
B02,0,2,12668
B05,0,3,12672
B05,1,3,12714
B04,2,3,12714
B04,3,3,12734
B03,2,3,12734
B03,3,3,12734
B19,2,3,12750
B19,3,3,12750
B18,1,2,12750
B18,2,2,12750
B17,2,3,12750
B17,3,3,12750
B16,1,2,12750
B16,2,2,12750
B15,0,1,12750
B15,1,1,12750
B14,2,3,12750
B14,3,3,12750
B13,2,3,12750
B13,3,3,12750
B12,1,2,12750
B12,2,2,12750
B11,1,2,12750
B11,2,2,12750
B10,1,2,12750
B10,2,2,12750
B09,2,3,12750
B09,3,3,12750
B08,1,2,12750
B08,2,2,12750
B07,0,1,12750
B07,1,1,12750
B06,1,2,12750
B06,2,2,12750
B05,0,3,12750
B05,1,3,12806
B04,2,3,12806
B04,3,3,12806
B03,2,3,12806
B19,2,3,12846
B19,3,3,12846
B18,1,2,12846
B18,2,2,12846
B17,2,3,12846
B17,3,3,12846
B16,1,2,12846
B16,2,2,12846
B15,0,1,12846
B15,1,1,12846
B14,2,3,12846
B14,3,3,12846
B13,2,3,12846
B13,3,3,12846
B12,1,2,12846
B12,2,2,12846
B11,1,2,12846
B11,2,2,12846
B10,1,2,12846
B10,2,2,12846
B09,2,3,12846
B09,3,3,12846
B08,1,2,12846
B08,2,2,12846
B07,0,1,12846
B07,1,1,12846
B06,1,2,12846
B06,2,2,12846
B05,0,3,12846
B05,1,3,12861
B04,2,3,12861
B04,3,3,12861
B03,1,3,12861
B05,2,3,12928
B04,2,3,12928
B04,3,3,12928
B03,0,3,12928
B19,2,3,12930
B19,3,3,12930
B18,1,2,12930
B18,2,2,12930
B17,2,3,12930
B17,3,3,12930
B16,1,2,12930
B16,2,2,12930
B15,0,1,12930
B15,1,1,12930
B14,2,3,12930
B14,3,3,12930
B13,2,3,12930
B13,3,3,12930
B12,1,2,12930
B12,2,2,12930
B11,1,2,12930
B11,2,2,12930
B10,1,2,12930
B10,2,2,12930
B09,2,3,12930
B09,3,3,12930
B08,1,2,12930
B08,2,2,12930
B07,0,1,12930
B07,1,1,12930
B06,1,2,12930
B06,2,2,12930
B05,1,3,12930
B05,2,3,12987
B04,2,3,12987
B04,3,3,12989
B05,3,3,13052
B04,2,3,13052
B19,2,3,13097
B19,3,3,13097
B18,1,2,13097
B18,2,2,13097
B17,2,3,13097
B17,3,3,13097
B16,1,2,13097
B16,2,2,13097
B15,0,1,13097
B15,1,1,13097
B14,2,3,13097
B14,3,3,13097
B13,2,3,13097
B13,3,3,13097
B12,1,2,13097
B12,2,2,13097
B11,1,2,13097
B11,2,2,13097
B10,1,2,13097
B10,2,2,13097
B09,2,3,13097
B09,3,3,13097
B08,1,2,13097
B08,2,2,13097
B07,0,1,13097
B07,1,1,13097
B06,1,2,13097
B06,2,2,13097
B05,2,3,13097
B05,3,3,13110
B04,1,3,13110
B02,1,2,13121
B01,0,1,13121
B01,1,1,13121
B02,0,2,13123
B19,2,3,13165
B19,3,3,13165
B18,1,2,13165
B18,2,2,13165
B17,2,3,13165
B17,3,3,13165
B16,1,2,13165
B16,2,2,13165
B15,0,1,13165
B15,1,1,13165
B14,2,3,13165
B14,3,3,13165
B13,2,3,13165
B13,3,3,13165
B12,1,2,13165
B12,2,2,13165
B11,1,2,13165
B11,2,2,13165
B10,1,2,13165
B10,2,2,13165
B09,2,3,13165
B09,3,3,13165
B08,1,2,13165
B08,2,2,13165
B07,0,1,13165
B07,1,1,13165
B06,1,2,13165
B06,2,2,13165
B05,2,3,13165
B05,3,3,13166
B04,0,3,13166
B03,1,3,13176
B02,1,2,13177
B01,0,1,13177
B01,1,1,13177
B03,0,3,13179
B02,0,2,13180
B03,1,3,13228
B04,1,3,13229
B03,0,3,13231
B02,1,2,13232
B01,0,1,13232
B01,1,1,13232
B02,0,2,13235
B19,2,3,13265
B19,3,3,13265
B18,1,2,13265
B18,2,2,13265
B17,2,3,13265
B17,3,3,13265
B16,1,2,13265
B16,2,2,13265
B15,0,1,13265
B15,1,1,13265
B14,2,3,13265
B14,3,3,13265
B13,2,3,13265
B13,3,3,13265
B12,1,2,13265
B12,2,2,13265
B11,1,2,13265
B11,2,2,13265
B10,1,2,13265
B10,2,2,13265
B09,2,3,13265
B09,3,3,13265
B08,1,2,13265
B08,2,2,13265
B07,0,1,13265
B07,1,1,13265
B06,1,2,13265
B06,2,2,13265
B05,2,3,13265
B05,3,3,13265
B04,0,3,13265
B02,1,2,13274
B01,0,1,13274
B04,1,3,13288
B03,1,3,13289
B02,0,2,13289
B03,0,3,13292
B01,1,1,13298
B02,1,2,13333
B01,0,1,13333
B19,2,3,13341
B19,3,3,13341
B18,1,2,13341
B18,2,2,13341
B17,2,3,13341
B17,3,3,13341
B16,1,2,13341
B16,2,2,13341
B15,0,1,13341
B15,1,1,13341
B14,2,3,13341
B14,3,3,13341
B13,2,3,13341
B13,3,3,13341
B12,1,2,13341
B12,2,2,13341
B11,1,2,13341
B11,2,2,13341
B10,1,2,13341
B10,2,2,13341
B09,2,3,13341
B09,3,3,13341
B08,1,2,13341
B08,2,2,13341
B07,0,1,13341
B07,1,1,13341
B06,1,2,13341
B06,2,2,13341
B05,2,3,13341
B05,3,3,13341
B04,0,3,13341
B04,1,3,13342
B03,1,3,13343
B02,0,2,13343
B03,0,3,13346
B01,1,1,13352
B02,1,2,13381
B01,0,1,13381
B04,2,3,13395
B03,1,3,13395
B02,0,2,13395
B03,0,3,13398
B01,1,1,13401
B19,2,3,13421
B19,3,3,13421
B18,1,2,13421
B18,2,2,13421
B17,2,3,13421
B17,3,3,13421
B16,1,2,13421
B16,2,2,13421
B15,0,1,13421
B15,1,1,13421
B14,2,3,13421
B14,3,3,13421
B13,2,3,13421
B13,3,3,13421
B12,1,2,13421
B12,2,2,13421
B11,1,2,13421
B11,2,2,13421
B10,1,2,13421
B10,2,2,13421
B09,2,3,13421
B09,3,3,13421
B08,1,2,13421
B08,2,2,13421
B07,0,1,13421
B07,1,1,13421
B06,1,2,13421
B06,2,2,13421
B05,2,3,13421
B05,3,3,13421
B04,1,3,13421
B02,1,2,13441
B01,0,1,13441
B03,1,3,13446
B02,0,2,13446
B04,2,3,13463
B03,0,3,13463
B03,1,3,13494
B02,1,2,13495
B02,0,2,13498
B01,1,1,13517
B01,0,1,13520
B04,3,3,13525
B03,0,3,13525
B19,2,3,13539
B19,3,3,13539
B18,1,2,13539
B18,2,2,13539
B17,2,3,13539
B17,3,3,13539
B16,1,2,13539
B16,2,2,13539
B15,0,1,13539
B15,1,1,13539
B14,2,3,13539
B14,3,3,13539
B13,2,3,13539
B13,3,3,13539
B12,1,2,13539
B12,2,2,13539
B11,1,2,13539
B11,2,2,13539
B10,1,2,13539
B10,2,2,13539
B09,2,3,13539
B09,3,3,13539
B08,1,2,13539
B08,2,2,13539
B07,0,1,13539
B07,1,1,13539
B06,1,2,13539
B06,2,2,13539
B05,2,3,13539
B05,3,3,13539
B04,2,3,13539
B03,1,3,13549
B02,1,2,13574
B02,0,2,13577
B01,1,1,13577
B01,0,1,13580
B04,3,3,13586
B03,0,3,13586
B01,1,1,13625
B02,1,2,13629
B01,0,1,13629
B03,1,3,13634
B02,0,2,13634
B19,2,3,13648
B19,3,3,13648
B18,1,2,13648
B18,2,2,13648
B17,2,3,13648
B17,3,3,13648
B16,1,2,13648
B16,2,2,13648
B15,0,1,13648
B15,1,1,13648
B14,2,3,13648
B14,3,3,13648
B13,2,3,13648
B13,3,3,13648
B12,1,2,13648
B12,2,2,13648
B11,1,2,13648
B11,2,2,13648
B10,1,2,13648
B10,2,2,13648
B09,2,3,13648
B09,3,3,13648
B08,1,2,13648
B08,2,2,13648
B07,0,1,13648
B07,1,1,13648
B06,1,2,13648
B06,2,2,13648
B05,2,3,13648
B05,3,3,13648
B04,2,3,13648
B04,3,3,13653
B03,0,3,13653
B01,1,1,13680
B02,1,2,13687
B01,0,1,13687
B03,1,3,13689
B02,0,2,13690
B01,1,1,14219
B02,1,2,14267
B01,0,1,14267
B01,1,1,14283
B03,2,3,14320
B02,0,2,14320
B02,1,2,14321
B01,0,1,14321
B01,1,1,14340
B03,3,3,14369
B02,0,2,14369
B02,1,2,14382
B01,0,1,14382
B01,1,1,14394
B19,2,3,16224
B19,3,3,16224
B18,1,2,16224
B18,2,2,16224
B17,2,3,16224
B17,3,3,16224
B16,1,2,16224
B02,2,2,16237
B01,0,1,16237
B01,1,1,16251
B16,2,2,16278
B15,0,1,16278
B15,1,1,16278
B14,2,3,16278
B14,3,3,16278
B13,2,3,16278
B13,3,3,16319
B12,1,2,16319
B12,2,2,16319
B11,1,2,16319
B11,2,2,16319
B10,1,2,16319
B10,2,2,16319
B09,2,3,16319
B09,3,3,16319
B08,1,2,16319
B08,2,2,16319
B07,0,1,16319
B07,1,1,16319
B06,1,2,16319
B06,2,2,16319
B05,2,3,16319
B05,3,3,16319
B04,2,3,16319
B04,3,3,16319
B03,2,3,16319
B19,2,3,16321
B19,3,3,16321
B18,1,2,16321
B18,2,2,16321
B17,2,3,16321
B17,3,3,16321
B16,1,2,16321
B16,2,2,16331
B15,0,1,16331
B15,1,1,16342
B14,2,3,16342
B14,3,3,16342
B13,2,3,16342
B13,3,3,16370
B12,1,2,16370
B12,2,2,16378
B11,1,2,16378
B11,2,2,16386
B10,1,2,16386
B10,2,2,16386
B09,2,3,16386
B09,3,3,16386
B08,1,2,16386
B08,2,2,16386
B07,0,1,16386
B07,1,1,16386
B06,1,2,16386
B06,2,2,16386
B05,2,3,16386
B05,3,3,16386
B04,2,3,16386
B04,3,3,16390
B03,1,3,16390
B19,2,3,16618
B19,3,3,16618
B18,1,2,16618
B18,2,2,16618
B17,2,3,16618
B17,3,3,16618
B16,1,2,16618
B16,2,2,16618
B15,0,1,16618
B15,1,1,16618
B14,2,3,16618
B14,3,3,16618
B13,2,3,16618
B13,3,3,16618
B12,1,2,16618
B12,2,2,16618
B11,1,2,16618
B11,2,2,16618
B10,1,2,16618
B10,2,2,16618
B09,2,3,16618
B09,3,3,16618
B08,1,2,16618
B08,2,2,16618
B07,0,1,16618
B07,1,1,16618
B06,1,2,16618
B06,2,2,16618
B05,2,3,16618
B05,3,3,16618
B04,2,3,16618
B04,3,3,16618
B03,0,3,16618
B19,2,3,16713
B19,3,3,16713
B18,1,2,16713
B18,2,2,16713
B17,2,3,16713
B17,3,3,16713
B16,1,2,16713
B16,2,2,16713
B15,0,1,16713
B15,1,1,16713
B14,2,3,16713
B14,3,3,16713
B13,2,3,16713
B13,3,3,16713
B12,1,2,16713
B12,2,2,16713
B11,1,2,16713
B11,2,2,16713
B10,1,2,16713
B10,2,2,16713
B09,2,3,16713
B09,3,3,16713
B08,1,2,16713
B08,2,2,16713
B07,0,1,16713
B07,1,1,16713
B06,1,2,16713
B06,2,2,16713
B05,2,3,16713
B05,3,3,16713
B04,2,3,16713
B04,3,3,16713
B19,2,3,16816
B19,3,3,16816
B18,1,2,16816
B18,2,2,16816
B17,2,3,16816
B17,3,3,16816
B16,1,2,16816
B16,2,2,16816
B15,0,1,16816
B15,1,1,16816
B14,2,3,16816
B14,3,3,16816
B13,2,3,16816
B13,3,3,16816
B12,1,2,16816
B12,2,2,16816
B11,1,2,16816
B11,2,2,16816
B10,1,2,16816
B10,2,2,16816
B09,2,3,16816
B09,3,3,16816
B08,1,2,16816
B08,2,2,16816
B07,0,1,16816
B07,1,1,16816
B06,1,2,16816
B06,2,2,16816
B05,2,3,16816
B05,3,3,16816
B04,2,3,16816
B03,1,3,16822
B02,1,2,16822
B02,2,2,16822
B01,0,1,16822
B01,1,1,16822
B03,0,3,16824
B03,1,3,16882
B02,1,2,16882
B02,2,2,16882
B01,0,1,16882
B01,1,1,16882
B04,3,3,16883
B03,0,3,16885
B19,2,3,16898
B19,3,3,16898
B18,1,2,16898
B18,2,2,16898
B17,2,3,16898
B17,3,3,16898
B16,1,2,16898
B16,2,2,16898
B15,0,1,16898
B15,1,1,16898
B14,2,3,16898
B14,3,3,16898
B13,2,3,16898
B13,3,3,16898
B12,1,2,16898
B12,2,2,16898
B11,1,2,16898
B11,2,2,16898
B10,1,2,16898
B10,2,2,16898
B09,2,3,16898
B09,3,3,16898
B08,1,2,16898
B08,2,2,16898
B07,0,1,16898
B07,1,1,16898
B06,1,2,16898
B06,2,2,16898
B05,2,3,16898
B05,3,3,16898
B04,2,3,16898
B03,1,3,16929
B02,1,2,16929
B02,2,2,16942
B01,0,1,16942
B04,3,3,16946
B03,0,3,16946
B01,1,1,16968
B03,1,3,16983
B02,1,2,16983
B19,2,3,16989
B19,3,3,16989
B18,1,2,16989
B18,2,2,16989
B17,2,3,16989
B17,3,3,16989
B16,1,2,16989
B16,2,2,16989
B15,0,1,16989
B15,1,1,16989
B14,2,3,16989
B14,3,3,16989
B13,2,3,16989
B13,3,3,16989
B12,1,2,16989
B12,2,2,16989
B11,1,2,16989
B11,2,2,16989
B10,1,2,16989
B10,2,2,16989
B09,2,3,16989
B09,3,3,16989
B08,1,2,16989
B08,2,2,16989
B07,0,1,16989
B07,1,1,16989
B06,1,2,16989
B06,2,2,16989
B05,2,3,16989
B05,3,3,16989
B04,2,3,16989
B02,2,2,16996
B01,0,1,16996
B04,3,3,17008
B03,0,3,17008
B01,1,1,17016
B03,1,3,17036
B02,1,2,17036
B02,2,2,17052
B01,0,1,17052
B01,1,1,17073
B19,2,3,17088
B19,3,3,17088
B18,1,2,17088
B18,2,2,17088
B17,2,3,17088
B17,3,3,17088
B16,1,2,17088
B16,2,2,17088
B15,0,1,17088
B15,1,1,17088
B14,2,3,17088
B14,3,3,17088
B13,2,3,17088
B13,3,3,17088
B12,1,2,17088
B12,2,2,17088
B11,1,2,17088
B11,2,2,17088
B10,1,2,17088
B10,2,2,17088
B09,2,3,17088
B09,3,3,17088
B08,1,2,17088
B08,2,2,17088
B07,0,1,17088
B07,1,1,17088
B06,1,2,17088
B06,2,2,17088
B05,2,3,17088
B05,3,3,17088
B04,2,3,17088
B04,3,3,17088
B03,0,3,17088
B03,1,3,17088
B02,1,2,17088
B02,2,2,17101
B01,0,1,17101
B01,1,1,17125
B03,2,3,17147
B02,1,2,17147
B02,2,2,17150
B01,0,1,17150
B19,2,3,17173
B19,3,3,17173
B18,1,2,17173
B18,2,2,17173
B17,2,3,17173
B17,3,3,17173
B16,1,2,17173
B16,2,2,17173
B15,0,1,17173
B15,1,1,17173
B14,2,3,17173
B14,3,3,17173
B13,2,3,17173
B13,3,3,17173
B12,1,2,17173
B12,2,2,17173
B11,1,2,17173
B11,2,2,17173
B10,1,2,17173
B10,2,2,17173
B09,2,3,17173
B09,3,3,17173
B08,1,2,17173
B08,2,2,17173
B07,0,1,17173
B07,1,1,17173
B06,1,2,17173
B06,2,2,17173
B05,2,3,17173
B05,3,3,17173
B04,2,3,17173
B04,3,3,17173
B03,1,3,17173
B01,1,1,17179
B03,2,3,17203
B02,1,2,17203
B02,2,2,17205
B01,0,1,17205
B01,1,1,17226
B19,2,3,17247
B19,3,3,17247
B18,1,2,17247
B18,2,2,17247
B17,2,3,17247
B17,3,3,17247
B16,1,2,17247
B16,2,2,17247
B15,0,1,17247
B15,1,1,17247
B14,2,3,17247
B14,3,3,17247
B13,2,3,17247
B13,3,3,17247
B12,1,2,17247
B12,2,2,17247
B11,1,2,17247
B11,2,2,17247
B10,1,2,17247
B10,2,2,17247
B09,2,3,17247
B09,3,3,17247
B08,1,2,17247
B08,2,2,17247
B07,0,1,17247
B07,1,1,17247
B06,1,2,17247
B06,2,2,17247
B05,2,3,17247
B05,3,3,17247
B04,2,3,17247
B04,3,3,17247
B03,1,3,17247
B03,2,3,17254
B02,1,2,17254
B02,2,2,17262
B01,0,1,17262
B01,1,1,17283
B03,3,3,17310
B02,1,2,17310
B02,2,2,17315
B01,0,1,17315
B19,2,3,17320
B19,3,3,17320
B18,1,2,17320
B18,2,2,17320
B17,2,3,17320
B17,3,3,17320
B16,1,2,17320
B16,2,2,17320
B15,0,1,17320
B15,1,1,17320
B14,2,3,17320
B14,3,3,17320
B13,2,3,17320
B13,3,3,17320
B12,1,2,17320
B12,2,2,17320
B11,1,2,17320
B11,2,2,17320
B10,1,2,17320
B10,2,2,17320
B09,2,3,17320
B09,3,3,17320
B08,1,2,17320
B08,2,2,17320
B07,0,1,17320
B07,1,1,17320
B06,1,2,17320
B06,2,2,17320
B05,2,3,17320
B05,3,3,17320
B04,2,3,17320
B04,3,3,17320
B03,2,3,17320
B01,1,1,17337
B03,3,3,17358
B02,1,2,17358
B02,2,2,17367
B01,0,1,17367
B01,1,1,17384
B19,2,3,17399
B19,3,3,17399
B18,1,2,17399
B18,2,2,17399
B17,2,3,17399
B17,3,3,17399
B16,1,2,17399
B16,2,2,17399
B15,0,1,17399
B15,1,1,17399
B14,2,3,17399
B14,3,3,17399
B13,2,3,17399
B13,3,3,17399
B12,1,2,17399
B12,2,2,17399
B11,1,2,17399
B11,2,2,17399
B10,1,2,17399
B10,2,2,17399
B09,2,3,17399
B09,3,3,17399
B08,1,2,17399
B08,2,2,17399
B07,0,1,17399
B07,1,1,17399
B06,1,2,17399
B06,2,2,17399
B05,2,3,17399
B05,3,3,17399
B04,2,3,17399
B04,3,3,17399
B03,2,3,17399
B03,3,3,17409
B02,1,2,17409
B02,2,2,17416
B01,0,1,17416
B01,1,1,17433
B19,2,3,17502
B19,3,3,17502
B18,1,2,17502
B18,2,2,17502
B17,2,3,17502
B17,3,3,17502
B16,1,2,17502
B16,2,2,17502
B15,0,1,17502
B15,1,1,17502
B14,2,3,17502
B14,3,3,17502
B13,2,3,17502
B13,3,3,17502
B12,1,2,17502
B12,2,2,17502
B11,1,2,17502
B11,2,2,17502
B10,1,2,17502
B10,2,2,17502
B09,2,3,17502
B09,3,3,17502
B08,1,2,17502
B08,2,2,17502
B07,0,1,17502
B07,1,1,17502
B06,1,2,17502
B06,2,2,17502
B05,2,3,17502
B05,3,3,17502
B04,2,3,17502
B04,3,3,17502
B03,2,3,17502
B03,3,3,17502
B02,1,2,17502
B02,2,2,17502
B01,0,1,17502
B01,1,1,17502
B19,2,3,17587
B19,3,3,17587
B18,1,2,17587
B18,2,2,17587
B17,2,3,17587
B17,3,3,17587
B16,1,2,17587
B16,2,2,17587
B15,0,1,17587
B15,1,1,17587
B14,2,3,17587
B14,3,3,17587
B13,2,3,17587
B13,3,3,17587
B12,1,2,17587
B12,2,2,17587
B11,1,2,17587
B11,2,2,17587
B10,1,2,17587
B10,2,2,17587
B09,2,3,17587
B09,3,3,17587
B08,1,2,17587
B08,2,2,17587
B07,0,1,17587
B07,1,1,17587
B06,1,2,17587
B06,2,2,17587
B05,2,3,17587
B05,3,3,17587
B04,2,3,17587
B04,3,3,17587
B03,2,3,17587
B03,3,3,17587
B02,1,2,17587
B02,2,2,17587
B01,0,1,17587
B01,1,1,17587
B19,2,3,17671
B19,3,3,17671
B18,1,2,17671
B18,2,2,17671
B17,2,3,17671
B17,3,3,17671
B16,1,2,17671
B16,2,2,17671
B15,0,1,17671
B15,1,1,17671
B14,2,3,17671
B14,3,3,17671
B13,2,3,17671
B13,3,3,17671
B12,1,2,17671
B12,2,2,17671
B11,1,2,17671
B11,2,2,17671
B10,1,2,17671
B10,2,2,17671
B09,2,3,17671
B09,3,3,17671
B08,1,2,17671
B08,2,2,17671
B07,0,1,17671
B07,1,1,17671
B06,1,2,17671
B06,2,2,17671
B05,2,3,17671
B05,3,3,17671
B04,2,3,17671
B04,3,3,17671
B03,2,3,17671
B03,3,3,17671
B02,1,2,17671
B02,2,2,17671
B01,0,1,17671
B01,1,1,17671
B19,2,3,17750
B19,3,3,17750
B18,1,2,17750
B18,2,2,17750
B17,2,3,17750
B17,3,3,17750
B16,1,2,17750
B16,2,2,17750
B15,0,1,17750
B15,1,1,17750
B14,2,3,17750
B14,3,3,17750
B13,2,3,17750
B13,3,3,17750
B12,1,2,17750
B12,2,2,17750
B11,1,2,17750
B11,2,2,17750
B10,1,2,17750
B10,2,2,17750
B09,2,3,17750
B09,3,3,17750
B08,1,2,17750
B08,2,2,17750
B07,0,1,17750
B07,1,1,17750
B06,1,2,17750
B06,2,2,17750
B05,2,3,17750
B05,3,3,17750
B04,2,3,17750
B04,3,3,17750
B03,2,3,17750
B03,3,3,17750
B02,1,2,17750
B02,2,2,17750
B01,0,1,17750
B01,1,1,17750
B19,2,3,17842
B19,3,3,17842
B18,1,2,17842
B18,2,2,17842
B17,2,3,17842
B17,3,3,17842
B16,1,2,17842
B16,2,2,17842
B15,0,1,17842
B15,1,1,17842
B14,2,3,17842
B14,3,3,17842
B13,2,3,17842
B13,3,3,17842
B12,1,2,17842
B12,2,2,17842
B11,1,2,17842
B11,2,2,17842
B10,1,2,17842
B10,2,2,17842
B09,2,3,17842
B09,3,3,17842
B08,1,2,17842
B08,2,2,17842
B07,0,1,17842
B07,1,1,17842
B06,1,2,17842
B06,2,2,17842
B05,2,3,17842
B05,3,3,17842
B04,2,3,17842
B04,3,3,17842
B03,2,3,17842
B03,3,3,17842
B02,1,2,17842
B02,2,2,17842
B01,0,1,17842
B01,1,1,17842
B19,2,3,17941
B19,3,3,17941
B18,1,2,17941
B18,2,2,17941
B17,2,3,17941
B17,3,3,17941
B16,1,2,17941
B16,2,2,17941
B15,0,1,17941
B15,1,1,17941
B14,2,3,17941
B14,3,3,17941
B13,2,3,17941
B13,3,3,17941
B12,1,2,17941
B12,2,2,17941
B11,1,2,17941
B11,2,2,17941
B10,1,2,17941
B10,2,2,17941
B09,2,3,17941
B09,3,3,17941
B08,1,2,17941
B08,2,2,17941
B07,0,1,17941
B07,1,1,17941
B06,1,2,17941
B06,2,2,17941
B05,2,3,17941
B05,3,3,17941
B04,2,3,17941
B04,3,3,17941
B03,2,3,17941
B03,3,3,17941
B02,1,2,17941
B02,2,2,17941
B01,0,1,17941
B01,1,1,17941
B19,2,3,18017
B19,3,3,18017
B18,1,2,18017
B18,2,2,18017
B17,2,3,18017
B17,3,3,18017
B16,1,2,18017
B16,2,2,18017
B15,0,1,18017
B15,1,1,18017
B14,2,3,18017
B19,2,3,18099
B19,3,3,18099
B18,1,2,18099
B18,2,2,18099
B17,2,3,18099
B17,3,3,18099
B16,1,2,18099
B16,2,2,18099
B15,0,1,18099
B15,1,1,18099
B14,1,3,18099
B19,2,3,18187
B19,3,3,18187
B18,1,2,18187
B18,2,2,18187
B17,2,3,18187
B17,3,3,18187
B16,1,2,18187
B16,2,2,18187
B15,0,1,18187
B15,1,1,18187
B14,0,3,18187
B19,2,3,18271
B19,3,3,18271
B18,1,2,18271
B18,2,2,18271
B17,2,3,18271
B17,3,3,18271
B16,1,2,18271
B16,2,2,18271
B15,0,1,18271
B15,1,1,18271
B19,2,3,18368
B19,3,3,18368
B18,1,2,18368
B18,2,2,18368
B17,2,3,18368
B17,3,3,18368
B16,1,2,18368
B16,2,2,18368
B15,0,1,18368
B19,2,3,18453
B19,3,3,18453
B18,1,2,18453
B18,2,2,18453
B17,2,3,18453
B17,3,3,18453
B16,1,2,18453
B16,2,2,18453
B14,1,3,18540
B13,2,3,18540
B13,3,3,18540
B12,1,2,18540
B12,2,2,18540
B11,1,2,18540
B11,2,2,18540
B10,1,2,18540
B10,2,2,18540
B09,2,3,18540
B09,3,3,18540
B08,1,2,18540
B08,2,2,18540
B07,0,1,18540
B07,1,1,18540
B06,1,2,18540
B06,2,2,18540
B05,2,3,18540
B05,3,3,18540
B04,2,3,18540
B04,3,3,18540
B03,2,3,18540
B03,3,3,18540
B02,1,2,18540
B02,2,2,18540
B01,0,1,18540
B01,1,1,18540
B14,0,3,18543
B19,2,3,18559
B19,3,3,18559
B18,1,2,18559
B18,2,2,18559
B17,2,3,18559
B17,3,3,18559
B16,1,2,18559
B14,1,3,18599
B13,2,3,18599
B13,3,3,18599
B12,1,2,18599
B12,2,2,18599
B11,1,2,18599
B11,2,2,18599
B10,1,2,18599
B10,2,2,18599
B09,2,3,18599
B09,3,3,18599
B08,1,2,18599
B08,2,2,18599
B07,0,1,18599
B07,1,1,18599
B06,1,2,18599
B06,2,2,18599
B05,2,3,18599
B05,3,3,18601
B04,2,3,18601
B04,3,3,18601
B03,2,3,18601
B03,3,3,18601
B02,1,2,18601
B02,2,2,18606
B01,0,1,18606
B01,1,1,18606
B15,1,1,18608
B14,0,3,18608
B15,0,1,18614
B14,1,3,18663
B13,2,3,18663
B19,2,3,18664
B19,3,3,18664
B18,1,2,18664
B18,2,2,18664
B17,2,3,18664
B17,3,3,18664
B16,0,2,18664
B16,1,2,18665
B15,1,1,18666
B14,0,3,18666
B13,3,3,18666
B12,1,2,18666
B12,2,2,18666
B11,1,2,18666
B11,2,2,18666
B10,1,2,18666
B10,2,2,18666
B09,2,3,18666
B09,3,3,18666
B08,1,2,18666
B15,0,1,18671
B08,2,2,18673
B07,0,1,18673
B07,1,1,18673
B06,1,2,18673
B06,2,2,18673
B05,2,3,18673
B05,3,3,18673
B04,2,3,18673
B16,2,2,18720
B15,1,1,18722
B15,0,1,18726
B14,1,3,18726
B13,2,3,18726
B14,0,3,18729
B13,3,3,18739
B12,1,2,18739
B12,2,2,18739
B11,1,2,18739
B11,2,2,18739
B10,1,2,18739
B10,2,2,18739
B09,2,3,18739
B09,3,3,18739
B08,1,2,18739
B08,2,2,18739
B07,0,1,18739
B07,1,1,18739
B06,1,2,18739
B06,2,2,18739
B05,2,3,18739
B05,3,3,18739
B04,1,3,18739
B04,2,3,18749
B03,2,3,18749
B03,3,3,18749
B02,1,2,18749
B02,2,2,18749
B01,0,1,18749
B01,1,1,18749
B19,2,3,18753
B19,3,3,18753
B18,1,2,18753
B18,2,2,18753
B17,2,3,18753
B17,3,3,18753
B16,1,2,18753
B16,2,2,18787
B15,1,1,18791
B15,0,1,18795
B14,1,3,18800
B13,2,3,18800
B14,0,3,18802
B13,3,3,18803
B12,1,2,18803
B12,2,2,18803
B11,1,2,18803
B11,2,2,18805
B10,1,2,18805
B10,2,2,18805
B09,2,3,18805
B09,3,3,18805
B08,1,2,18805
B08,2,2,18805
B07,0,1,18805
B07,1,1,18805
B06,1,2,18805
B06,2,2,18805
B05,2,3,18805
B05,3,3,18805
B04,1,3,18805
B04,2,3,18815
B03,2,3,18815
B03,3,3,18815
B02,1,2,18815
B02,2,2,18815
B01,0,1,18815
B01,1,1,18815
B19,2,3,18848
B19,3,3,18848
B18,1,2,18848
B18,2,2,18848
B17,2,3,18848
B17,3,3,18848
B16,1,2,18848
B16,2,2,18849
B14,1,3,18864
B13,2,3,18864
B13,3,3,18864
B12,1,2,18864
B12,2,2,18864
B11,1,2,18864
B11,2,2,18864
B10,1,2,18864
B10,2,2,18864
B09,2,3,18864
B09,3,3,18864
B08,1,2,18864
B15,1,1,18866
B14,0,3,18867
B15,0,1,18871
B08,2,2,18871
B07,0,1,18871
B07,1,1,18871
B06,1,2,18871
B06,2,2,18871
B05,2,3,18871
B05,3,3,18871
B04,1,3,18871
B04,2,3,18875
B03,2,3,18875
B03,3,3,18875
B02,1,2,18875
B02,2,2,18875
B01,0,1,18875
B01,1,1,18881
B15,1,1,18922
B14,1,3,18922
B13,2,3,18922
B13,3,3,18923
B12,1,2,18923
B12,2,2,18923
B11,1,2,18923
B11,2,2,18923
B10,1,2,18923
B10,2,2,18923
B09,2,3,18923
B09,3,3,18923
B08,1,2,18923
B08,2,2,18923
B07,0,1,18923
B07,1,1,18923
B06,1,2,18923
B14,0,3,18925
B06,2,2,18925
B05,2,3,18925
B05,3,3,18928
B04,1,3,18928
B19,2,3,18932
B19,3,3,18932
B18,1,2,18932
B18,2,2,18932
B17,2,3,18932
B17,3,3,18932
B16,1,2,18932
B16,2,2,18932
B15,0,1,18932
B14,1,3,18979
B13,2,3,18979
B13,3,3,18979
B12,1,2,18979
B12,2,2,18979
B11,1,2,18979
B15,1,1,18986
B14,0,3,18986
B11,2,2,18989
B10,1,2,18989
B10,2,2,18989
B09,2,3,18989
B09,3,3,18989
B08,1,2,18989
B08,2,2,18989
B07,0,1,18989
B07,1,1,18989
B06,1,2,18989
B06,2,2,18989
B05,2,3,18989
B05,3,3,18989
B04,0,3,18989
B19,2,3,19019
B19,3,3,19019
B18,1,2,19019
B18,2,2,19019
B17,2,3,19019
B17,3,3,19019
B16,1,2,19019
B16,2,2,19019
B15,0,1,19019
B14,1,3,19040
B13,2,3,19040
B13,3,3,19040
B12,1,2,19040
B12,2,2,19040
B11,1,2,19040
B11,2,2,19040
B10,1,2,19040
B10,2,2,19047
B09,2,3,19047
B09,3,3,19047
B08,1,2,19047
B15,1,1,19050
B14,0,3,19050
B08,2,2,19052
B07,0,1,19052
B07,1,1,19052
B06,1,2,19052
B06,2,2,19052
B05,2,3,19052
B05,3,3,19052
B14,1,3,19093
B13,2,3,19093
B13,3,3,19093
B12,1,2,19093
B19,2,3,19100
B19,3,3,19100
B18,1,2,19100
B18,2,2,19100
B17,2,3,19100
B17,3,3,19100
B16,1,2,19100
B16,2,2,19100
B15,0,1,19100
B12,2,2,19101
B11,1,2,19101
B11,2,2,19101
B10,1,2,19101
B15,1,1,19107
B14,0,3,19107
B10,2,2,19109
B09,2,3,19109
B09,3,3,19109
B08,1,2,19109
B08,2,2,19114
B07,0,1,19114
B07,1,1,19114
B06,1,2,19114
B06,2,2,19114
B05,2,3,19114
B14,1,3,19150
B13,2,3,19150
B13,3,3,19158
B12,1,2,19158
B12,2,2,19158
B11,1,2,19158
B11,2,2,19158
B10,1,2,19158
B10,2,2,19174
B09,2,3,19174
B09,3,3,19174
B08,1,2,19174
B08,2,2,19174
B07,0,1,19174
B07,1,1,19174
B06,1,2,19174
B06,2,2,19174
B05,1,3,19174
B19,2,3,19182
B19,3,3,19182
B18,1,2,19182
B18,2,2,19182
B17,2,3,19182
B17,3,3,19182
B16,1,2,19182
B16,2,2,19182
B15,0,1,19182
B15,1,1,19182
B14,0,3,19182
B14,1,3,19228
B13,2,3,19228
B13,3,3,19228
B12,1,2,19228
B12,2,2,19228
B11,1,2,19228
B11,2,2,19228
B10,1,2,19228
B10,2,2,19228
B09,2,3,19228
B09,3,3,19228
B08,1,2,19228
B08,2,2,19230
B07,0,1,19230
B07,1,1,19230
B06,1,2,19230
B06,2,2,19230
B05,0,3,19230
B19,2,3,19253
B19,3,3,19253
B18,1,2,19253
B18,2,2,19253
B17,2,3,19253
B17,3,3,19253
B16,1,2,19253
B16,2,2,19253
B15,0,1,19253
B15,1,1,19253
B14,0,3,19253
B14,1,3,19285
B13,2,3,19285
B13,3,3,19285
B12,1,2,19285
B12,2,2,19293
B11,1,2,19293
B11,2,2,19293
B10,1,2,19293
B10,2,2,19293
B09,2,3,19293
B09,3,3,19293
B08,1,2,19293
B08,2,2,19293
B07,0,1,19293
B07,1,1,19293
B06,1,2,19293
B06,2,2,19293
B19,2,3,19341
B19,3,3,19341
B18,1,2,19341
B18,2,2,19341
B17,2,3,19341
B17,3,3,19341
B16,1,2,19341
B16,2,2,19341
B15,0,1,19341
B15,1,1,19341
B14,0,3,19341
B14,1,3,19348
B13,2,3,19348
B13,3,3,19348
B12,1,2,19348
B12,2,2,19348
B11,1,2,19348
B11,2,2,19354
B10,1,2,19354
B10,2,2,19354
B09,2,3,19354
B09,3,3,19355
B08,1,2,19355
B08,2,2,19355
B07,0,1,19355
B07,1,1,19355
B06,1,2,19355
B04,1,3,19402
B03,2,3,19402
B03,3,3,19402
B02,1,2,19402
B02,2,2,19402
B01,0,1,19402
B01,1,1,19402
B04,0,3,19405
B14,2,3,19411
B13,2,3,19411
B13,3,3,19411
B12,1,2,19411
B12,2,2,19411
B11,1,2,19411
B19,2,3,19442
B19,3,3,19442
B18,1,2,19442
B18,2,2,19442
B17,2,3,19442
B17,3,3,19442
B16,1,2,19442
B16,2,2,19442
B15,0,1,19442
B15,1,1,19442
B14,1,3,19442
B04,1,3,19463
B03,2,3,19463
B03,3,3,19463
B02,1,2,19463
B02,2,2,19463
B01,0,1,19463
B01,1,1,19463
B14,2,3,19466
B13,2,3,19466
B11,2,2,19466
B10,1,2,19466
B10,2,2,19466
B09,2,3,19466
B09,3,3,19466
B08,1,2,19466
B08,2,2,19466
B07,0,1,19466
B07,1,1,19466
B06,0,2,19466
B05,1,3,19468
B04,0,3,19468
B13,3,3,19472
B12,1,2,19472
B12,2,2,19472
B11,1,2,19472
B05,0,3,19473
B19,2,3,19515
B19,3,3,19515
B18,1,2,19515
B18,2,2,19515
B17,2,3,19515
B17,3,3,19515
B16,1,2,19515
B16,2,2,19515
B15,0,1,19515
B15,1,1,19515
B14,1,3,19515
B11,2,2,19518
B10,1,2,19518
B14,2,3,19519
B13,2,3,19519
B10,2,2,19520
B09,2,3,19520
B09,3,3,19520
B08,1,2,19520
B04,1,3,19523
B03,2,3,19523
B03,3,3,19523
B02,1,2,19523
B02,2,2,19523
B01,0,1,19523
B01,1,1,19523
B05,1,3,19524
B13,3,3,19525
B12,1,2,19525
B04,0,3,19525
B06,1,2,19526
B05,0,3,19529
B12,2,2,19534
B11,1,2,19534
B08,2,2,19534
B07,0,1,19534
B07,1,1,19534
B06,0,2,19534
B11,2,2,19573
B10,1,2,19573
B10,2,2,19574
B09,2,3,19574
B09,3,3,19574
B08,1,2,19574
B04,1,3,19578
B03,2,3,19578
B03,3,3,19578
B02,1,2,19578
B02,2,2,19578
B01,0,1,19578
B06,1,2,19586
B05,1,3,19586
B04,0,3,19586
B01,1,1,19586
B14,3,3,19587
B13,2,3,19587
B13,3,3,19587
B12,1,2,19587
B08,2,2,19587
B07,0,1,19587
B05,0,3,19591
B12,2,2,19592
B11,1,2,19592
B19,2,3,19603
B19,3,3,19603
B18,1,2,19603
B18,2,2,19603
B17,2,3,19603
B17,3,3,19603
B16,1,2,19603
B16,2,2,19603
B15,0,1,19603
B15,1,1,19603
B14,2,3,19603
B07,1,1,19606
B06,0,2,19606
B11,2,2,19628
B10,1,2,19628
B10,2,2,19628
B09,2,3,19628
B09,3,3,19630
B08,1,2,19630
B04,1,3,19641
B03,2,3,19641
B03,3,3,19641
B02,1,2,19641
B02,2,2,19641
B01,0,1,19641
B01,1,1,19641
B05,1,3,19642
B04,0,3,19644
B06,1,2,19645
B05,0,3,19647
B14,3,3,19649
B13,2,3,19649
B13,3,3,19649
B12,1,2,19649
B12,2,2,19649
B11,1,2,19649
B08,2,2,19657
B07,0,1,19657
B07,1,1,19661
B06,0,2,19661
B11,2,2,19672
B10,1,2,19672
B10,2,2,19683
B09,2,3,19683
B09,3,3,19683
B08,1,2,19683
B19,2,3,19694
B19,3,3,19694
B18,1,2,19694
B18,2,2,19694
B17,2,3,19694
B17,3,3,19694
B16,1,2,19694
B16,2,2,19694
B15,0,1,19694
B15,1,1,19694
B14,2,3,19694
B06,1,2,19698
B05,1,3,19700
B04,1,3,19700
B03,2,3,19700
B03,3,3,19700
B02,1,2,19700
B02,2,2,19700
B01,0,1,19700
B01,1,1,19701
B04,0,3,19703
B05,0,3,19705
B08,2,2,19707
B07,0,1,19707
B14,3,3,19713
B13,2,3,19713
B13,3,3,19713
B12,1,2,19713
B12,2,2,19713
B11,1,2,19713
B07,1,1,19729
B06,0,2,19729
B11,2,2,19730
B10,1,2,19730
B10,2,2,19738
B09,2,3,19738
B09,3,3,19741
B08,1,2,19741
B06,1,2,19749
B05,1,3,19755
B05,0,3,19760
B04,1,3,19764
B03,2,3,19764
B03,3,3,19764
B02,1,2,19764
B02,2,2,19764
B01,0,1,19764
B01,1,1,19764
B04,0,3,19767
B08,2,2,19768
B07,0,1,19768
B07,1,1,19785
B06,0,2,19785
B19,2,3,19786
B19,3,3,19786
B18,1,2,19786
B18,2,2,19786
B17,2,3,19786
B17,3,3,19786
B16,1,2,19786
B16,2,2,19786
B15,0,1,19786
B15,1,1,19786
B14,2,3,19786
B14,3,3,19786
B13,2,3,19786
B13,3,3,19786
B12,1,2,19786
B12,2,2,19786
B11,1,2,19786
B11,2,2,19790
B10,1,2,19790
B10,2,2,19792
B09,2,3,19792
B09,3,3,19792
B08,1,2,19792
B06,1,2,19821
B05,1,3,19826
B08,2,2,19829
B07,0,1,19829
B05,0,3,19831
B04,1,3,19832
B03,2,3,19832
B03,3,3,19832
B02,1,2,19832
B02,2,2,19832
B01,0,1,19832
B01,1,1,19832
B04,0,3,19835
B07,1,1,19839
B06,0,2,19839
B19,2,3,19868
B19,3,3,19868
B18,1,2,19868
B18,2,2,19868
B17,2,3,19868
B17,3,3,19868
B16,1,2,19868
B16,2,2,19868
B15,0,1,19868
B15,1,1,19868
B14,2,3,19868
B14,3,3,19868
B13,2,3,19868
B13,3,3,19868
B12,1,2,19868
B12,2,2,19868
B11,1,2,19868
B11,2,2,19868
B10,1,2,19868
B10,2,2,19868
B09,2,3,19868
B09,3,3,19868
B08,1,2,19868
B06,1,2,19878
B08,2,2,19884
B07,0,1,19884
B05,1,3,19887
B07,1,1,19891
B06,0,2,19891
B05,0,3,19893
B04,1,3,19893
B03,2,3,19893
B03,3,3,19893
B02,1,2,19893
B02,2,2,19893
B01,0,1,19893
B01,1,1,19893
B04,0,3,19896
B06,1,2,19940
B05,1,3,19942
B05,0,3,19946
B04,1,3,19949
B03,2,3,19949
B03,3,3,19949
B02,1,2,19949
B04,0,3,19952
B02,2,2,19953
B01,0,1,19953
B01,1,1,19953
B19,2,3,19982
B19,3,3,19982
B18,1,2,19982
B18,2,2,19982
B17,2,3,19982
B17,3,3,19982
B16,1,2,19982
B16,2,2,19982
B15,0,1,19982
B15,1,1,19982
B14,2,3,19982
B14,3,3,19982
B13,2,3,19982
B13,3,3,19982
B12,1,2,19982
B12,2,2,19982
B11,1,2,19982
B11,2,2,19982
B10,1,2,19982
B10,2,2,19982
B09,2,3,19982
B09,3,3,19982
B08,1,2,19982
B08,2,2,19982
B07,0,1,19982
B07,1,1,19982
B06,0,2,19982
B04,1,3,20005
B03,2,3,20005
B03,3,3,20005
B02,1,2,20005
B02,2,2,20005
B01,0,1,20005
B01,1,1,20005
B05,1,3,20006
B06,1,2,20008
B04,0,3,20008
B05,0,3,20011
B19,2,3,20057
B19,3,3,20057
B18,1,2,20057
B18,2,2,20057
B17,2,3,20057
B17,3,3,20057
B16,1,2,20057
B16,2,2,20057
B15,0,1,20057
B15,1,1,20057
B14,2,3,20057
B14,3,3,20057
B13,2,3,20057
B13,3,3,20057
B12,1,2,20057
B12,2,2,20057
B11,1,2,20057
B11,2,2,20057
B10,1,2,20057
B10,2,2,20057
B09,2,3,20057
B09,3,3,20057
B08,1,2,20057
B08,2,2,20057
B07,0,1,20057
B07,1,1,20057
B06,0,2,20057
B05,1,3,20071
B06,1,2,20072
B05,0,3,20076
B04,1,3,20079
B03,2,3,20079
B03,3,3,20079
B02,1,2,20079
B02,2,2,20079
B01,0,1,20079
B01,1,1,20079
B04,0,3,20082
B04,1,3,20132
B03,2,3,20132
B06,2,2,20135
B03,3,3,20135
B02,1,2,20135
B02,2,2,20135
B01,0,1,20135
B01,1,1,20135
B19,2,3,20140
B19,3,3,20140
B18,1,2,20140
B18,2,2,20140
B17,2,3,20140
B17,3,3,20140
B16,1,2,20140
B16,2,2,20140
B15,0,1,20140
B15,1,1,20140
B14,2,3,20140
B14,3,3,20140
B13,2,3,20140
B13,3,3,20140
B12,1,2,20140
B12,2,2,20140
B11,1,2,20140
B11,2,2,20140
B10,1,2,20140
B10,2,2,20140
B09,2,3,20140
B09,3,3,20140
B08,1,2,20140
B08,2,2,20140
B07,0,1,20140
B07,1,1,20140
B06,1,2,20140
B05,1,3,20189
B04,0,3,20189
B04,1,3,20191
B03,2,3,20191
B03,3,3,20191
B02,1,2,20191
B05,0,3,20195
B02,2,2,20195
B01,0,1,20195
B01,1,1,20195
B19,2,3,20225
B19,3,3,20225
B18,1,2,20225
B18,2,2,20225
B17,2,3,20225
B17,3,3,20225
B16,1,2,20225
B16,2,2,20225
B15,0,1,20225
B15,1,1,20225
B14,2,3,20225
B14,3,3,20225
B13,2,3,20225
B13,3,3,20225
B12,1,2,20225
B12,2,2,20225
B11,1,2,20225
B11,2,2,20225
B10,1,2,20225
B10,2,2,20225
B09,2,3,20225
B09,3,3,20225
B08,1,2,20225
B08,2,2,20225
B07,0,1,20225
B07,1,1,20225
B06,0,2,20225
B05,1,3,20243
B04,0,3,20243
B04,1,3,20244
B03,2,3,20244
B06,1,2,20245
B05,0,3,20248
B03,3,3,20249
B02,1,2,20249
B02,2,2,20256
B01,0,1,20256
B01,1,1,20256
B19,2,3,20296
B19,3,3,20296
B18,1,2,20296
B18,2,2,20296
B17,2,3,20296
B17,3,3,20296
B16,1,2,20296
B16,2,2,20296
B15,0,1,20296
B15,1,1,20296
B14,2,3,20296
B14,3,3,20296
B13,2,3,20296
B13,3,3,20296
B12,1,2,20296
B12,2,2,20296
B11,1,2,20296
B11,2,2,20296
B10,1,2,20296
B10,2,2,20296
B09,2,3,20296
B09,3,3,20296
B08,1,2,20296
B08,2,2,20296
B07,0,1,20296
B07,1,1,20296
B06,0,2,20296
B06,1,2,20298
B05,1,3,20298
B04,0,3,20298
B04,1,3,20303
B03,2,3,20303
B03,3,3,20303
B02,1,2,20303
B05,0,3,20305
B02,2,2,20315
B01,0,1,20315
B01,1,1,20315
B05,1,3,20352
B04,0,3,20352
B04,1,3,20366
B03,2,3,20366
B03,3,3,20366
B02,1,2,20366
B06,2,2,20367
B05,0,3,20367
B19,2,3,20369
B19,3,3,20369
B18,1,2,20369
B18,2,2,20369
B17,2,3,20369
B17,3,3,20369
B16,1,2,20369
B16,2,2,20369
B15,0,1,20369
B15,1,1,20369
B14,2,3,20369
B14,3,3,20369
B13,2,3,20369
B13,3,3,20369
B12,1,2,20369
B12,2,2,20369
B11,1,2,20369
B11,2,2,20369
B10,1,2,20369
B10,2,2,20369
B09,2,3,20369
B09,3,3,20369
B08,1,2,20369
B08,2,2,20369
B07,0,1,20369
B07,1,1,20369
B06,1,2,20369
B02,2,2,20377
B01,0,1,20377
B01,1,1,20377
B06,2,2,20408
B05,1,3,20411
B04,0,3,20411
B05,0,3,20416
B04,1,3,20420
B03,2,3,20420
B03,3,3,20420
B02,1,2,20420
B02,2,2,20437
B01,0,1,20437
B01,1,1,20437
B19,2,3,20444
B19,3,3,20444
B18,1,2,20444
B18,2,2,20444
B17,2,3,20444
B17,3,3,20444
B16,1,2,20444
B16,2,2,20444
B15,0,1,20444
B15,1,1,20444
B14,2,3,20444
B14,3,3,20444
B13,2,3,20444
B13,3,3,20444
B12,1,2,20444
B12,2,2,20444
B11,1,2,20444
B11,2,2,20444
B10,1,2,20444
B10,2,2,20444
B09,2,3,20444
B09,3,3,20444
B08,1,2,20444
B08,2,2,20444
B07,0,1,20444
B07,1,1,20444
B06,1,2,20444
B06,2,2,20465
B05,1,3,20469
B04,0,3,20469
B05,0,3,20474
B04,1,3,20486
B03,2,3,20486
B03,3,3,20486
B02,1,2,20486
B02,2,2,20498
B01,0,1,20498
B01,1,1,20498
B19,2,3,20525
B19,3,3,20525
B18,1,2,20525
B18,2,2,20525
B17,2,3,20525
B17,3,3,20525
B16,1,2,20525
B16,2,2,20525
B15,0,1,20525
B15,1,1,20525
B14,2,3,20525
B05,1,3,20526
B04,0,3,20526
B14,3,3,20543
B13,2,3,20543
B13,3,3,20543
B12,1,2,20543
B12,2,2,20543
B11,1,2,20543
B11,2,2,20543
B10,1,2,20543
B10,2,2,20543
B09,2,3,20543
B09,3,3,20543
B08,1,2,20543
B08,2,2,20543
B07,0,1,20543
B07,1,1,20543
B06,1,2,20543
B06,2,2,20543
B05,0,3,20543
B04,1,3,20547
B03,2,3,20547
B03,3,3,20547
B02,1,2,20547
B02,2,2,20566
B01,0,1,20566
B01,1,1,20566
B05,1,3,20582
B04,0,3,20582
B04,1,3,20602
B03,2,3,20602
B03,3,3,20602
B02,1,2,20602
B02,2,2,20621
B01,0,1,20621
B01,1,1,20629
B19,2,3,20632
B19,3,3,20632
B18,1,2,20632
B18,2,2,20632
B17,2,3,20632
B17,3,3,20632
B16,1,2,20632
B16,2,2,20632
B15,0,1,20632
B15,1,1,20632
B14,2,3,20632
B14,3,3,20632
B13,2,3,20632
B13,3,3,20632
B12,1,2,20632
B12,2,2,20632
B11,1,2,20632
B11,2,2,20632
B10,1,2,20632
B10,2,2,20632
B09,2,3,20632
B09,3,3,20632
B08,1,2,20632
B08,2,2,20632
B07,0,1,20632
B07,1,1,20632
B06,1,2,20632
B06,2,2,20632
B05,0,3,20632
B05,1,3,20636
B04,0,3,20636
B04,1,3,20658
B03,2,3,20658
B03,3,3,20658
B02,1,2,20658
B02,2,2,20674
B01,0,1,20674
B01,1,1,20682
B05,2,3,20686
B04,0,3,20686
B04,1,3,20710
B03,2,3,20710
B03,3,3,20710
B02,1,2,20710
B02,2,2,20727
B01,0,1,20727
B01,1,1,20740
B19,2,3,20744
B19,3,3,20744
B18,1,2,20744
B18,2,2,20744
B17,2,3,20744
B17,3,3,20744
B16,1,2,20744
B16,2,2,20744
B15,0,1,20744
B15,1,1,20744
B14,2,3,20744
B14,3,3,20744
B13,2,3,20744
B13,3,3,20744
B12,1,2,20744
B12,2,2,20744
B11,1,2,20744
B11,2,2,20744
B10,1,2,20744
B10,2,2,20744
B09,2,3,20744
B09,3,3,20744
B08,1,2,20744
B08,2,2,20744
B07,0,1,20744
B07,1,1,20744
B06,1,2,20744
B06,2,2,20744
B05,1,3,20744
B05,2,3,20747
B04,0,3,20747
B04,1,3,20770
B03,2,3,20770
B03,3,3,20770
B02,1,2,20770
B02,2,2,20785
B01,0,1,20785
B01,1,1,20794
B05,3,3,20811
B04,0,3,20811
B04,1,3,20832
B03,2,3,20832
B19,2,3,20838
B19,3,3,20838
B18,1,2,20838
B18,2,2,20838
B17,2,3,20838
B17,3,3,20838
B16,1,2,20838
B16,2,2,20838
B15,0,1,20838
B15,1,1,20838
B14,2,3,20838
B14,3,3,20838
B13,2,3,20838
B13,3,3,20838
B12,1,2,20838
B12,2,2,20838
B11,1,2,20838
B11,2,2,20838
B10,1,2,20838
B10,2,2,20838
B09,2,3,20838
B09,3,3,20838
B08,1,2,20838
B08,2,2,20838
B07,0,1,20838
B07,1,1,20838
B06,1,2,20838
B06,2,2,20838
B05,2,3,20838
B03,3,3,20849
B02,1,2,20849
B02,2,2,20849
B01,0,1,20849
B01,1,1,20849
B05,3,3,20864
B04,0,3,20864
B04,1,3,20893
B03,2,3,20893
B03,3,3,20901
B02,1,2,20901
B02,2,2,20901
B01,0,1,20901
B01,1,1,20909
B19,2,3,20918
B19,3,3,20918
B18,1,2,20918
B18,2,2,20918
B17,2,3,20918
B17,3,3,20918
B16,1,2,20918
B16,2,2,20918
B15,0,1,20918
B15,1,1,20918
B14,2,3,20918
B14,3,3,20918
B13,2,3,20918
B13,3,3,20918
B12,1,2,20918
B12,2,2,20918
B11,1,2,20918
B11,2,2,20918
B10,1,2,20918
B10,2,2,20918
B09,2,3,20918
B09,3,3,20918
B08,1,2,20918
B08,2,2,20918
B07,0,1,20918
B07,1,1,20918
B06,1,2,20918
B06,2,2,20918
B05,2,3,20918
B05,3,3,20920
B04,0,3,20920
B04,1,3,20955
B03,2,3,20955
B03,3,3,20955
B02,1,2,20955
B02,2,2,20955
B01,0,1,20955
B01,1,1,20969
B19,2,3,20996
B19,3,3,20996
B18,1,2,20996
B18,2,2,20996
B17,2,3,20996
B17,3,3,20996
B16,1,2,20996
B16,2,2,20996
B15,0,1,20996
B15,1,1,20996
B14,2,3,20996
B14,3,3,20996
B13,2,3,20996
B13,3,3,20996
B12,1,2,20996
B12,2,2,20996
B11,1,2,20996
B11,2,2,20996
B10,1,2,20996
B10,2,2,20996
B09,2,3,20996
B09,3,3,20996
B08,1,2,20996
B08,2,2,20996
B07,0,1,20996
B07,1,1,20996
B06,1,2,20996
B06,2,2,20996
B05,2,3,20996
B05,3,3,20996
B04,0,3,20996
B04,1,3,21020
B03,2,3,21020
B03,3,3,21020
B02,1,2,21020
B02,2,2,21020
B01,0,1,21020
B01,1,1,21024
B04,2,3,21073
B03,2,3,21073
B03,3,3,21073
B02,1,2,21073
B02,2,2,21074
B01,0,1,21074
B01,1,1,21080
B19,2,3,21082
B19,3,3,21082
B18,1,2,21082
B18,2,2,21082
B17,2,3,21082
B17,3,3,21082
B16,1,2,21082
B16,2,2,21082
B15,0,1,21082
B15,1,1,21082
B14,2,3,21082
B14,3,3,21082
B13,2,3,21082
B13,3,3,21082
B12,1,2,21082
B12,2,2,21082
B11,1,2,21082
B11,2,2,21082
B10,1,2,21082
B10,2,2,21082
B09,2,3,21082
B09,3,3,21082
B08,1,2,21082
B08,2,2,21082
B07,0,1,21082
B07,1,1,21082
B06,1,2,21082
B06,2,2,21082
B05,2,3,21082
B05,3,3,21082
B04,1,3,21082
B04,2,3,21136
B03,2,3,21136
B03,3,3,21136
B02,1,2,21136
B02,2,2,21136
B01,0,1,21136
B01,1,1,21136
B19,2,3,21161
B19,3,3,21161
B18,1,2,21161
B18,2,2,21161
B17,2,3,21161
B17,3,3,21161
B16,1,2,21161
B16,2,2,21161
B15,0,1,21161
B15,1,1,21161
B14,2,3,21161
B14,3,3,21161
B13,2,3,21161
B13,3,3,21161
B12,1,2,21161
B12,2,2,21161
B11,1,2,21161
B11,2,2,21161
B10,1,2,21161
B10,2,2,21161
B09,2,3,21161
B09,3,3,21161
B08,1,2,21161
B08,2,2,21161
B07,0,1,21161
B07,1,1,21161
B06,1,2,21161
B06,2,2,21161
B05,2,3,21161
B05,3,3,21161
B04,1,3,21161
B04,2,3,21192
B03,2,3,21192
B03,3,3,21194
B02,1,2,21194
B02,2,2,21194
B01,0,1,21194
B01,1,1,21197
B04,3,3,21249
B03,2,3,21249
B03,3,3,21249
B02,1,2,21249
B02,2,2,21250
B01,0,1,21250
B01,1,1,21250
B19,2,3,21255
B19,3,3,21255
B18,1,2,21255
B18,2,2,21255
B17,2,3,21255
B17,3,3,21255
B16,1,2,21255
B16,2,2,21255
B15,0,1,21255
B15,1,1,21255
B14,2,3,21255
B14,3,3,21255
B13,2,3,21255
B13,3,3,21255
B12,1,2,21255
B12,2,2,21255
B11,1,2,21255
B11,2,2,21255
B10,1,2,21255
B10,2,2,21255
B09,2,3,21255
B09,3,3,21255
B08,1,2,21255
B08,2,2,21255
B07,0,1,21255
B07,1,1,21255
B06,1,2,21255
B06,2,2,21255
B05,2,3,21255
B05,3,3,21255
B04,2,3,21255
B04,3,3,21313
B03,2,3,21313
B03,3,3,21313
B02,1,2,21313
B02,2,2,21313
B01,0,1,21313
B01,1,1,21313
B19,2,3,21324
B19,3,3,21324
B18,1,2,21324
B18,2,2,21324
B17,2,3,21324
B17,3,3,21324
B16,1,2,21324
B16,2,2,21324
B15,0,1,21324
B15,1,1,21324
B14,2,3,21324
B14,3,3,21324
B13,2,3,21324
B13,3,3,21324
B12,1,2,21324
B12,2,2,21324
B11,1,2,21324
B11,2,2,21324
B10,1,2,21324
B10,2,2,21324
B09,2,3,21324
B09,3,3,21324
B08,1,2,21324
B08,2,2,21324
B07,0,1,21324
B07,1,1,21324
B06,1,2,21324
B06,2,2,21324
B05,2,3,21324
B05,3,3,21324
B04,2,3,21324
B04,3,3,21379
B03,2,3,21379
B03,3,3,21379
B02,1,2,21379
B02,2,2,21379
B01,0,1,21379
B01,1,1,21379
B19,2,3,21422
B19,3,3,21422
B18,1,2,21422
B18,2,2,21422
B17,2,3,21422
B17,3,3,21422
B16,1,2,21422
B16,2,2,21422
B15,0,1,21422
B15,1,1,21422
B14,2,3,21422
B14,3,3,21422
B13,2,3,21422
B13,3,3,21422
B12,1,2,21422
B12,2,2,21422
B11,1,2,21422
B11,2,2,21422
B10,1,2,21422
B10,2,2,21422
B09,2,3,21422
B09,3,3,21422
B08,1,2,21422
B08,2,2,21422
B07,0,1,21422
B07,1,1,21422
B06,1,2,21422
B06,2,2,21422
B05,2,3,21422
B05,3,3,21422
B04,2,3,21422
B04,3,3,21440
B03,2,3,21440
B03,3,3,21440
B02,1,2,21440
B02,2,2,21440
B01,0,1,21440
B01,1,1,21440
B19,2,3,21497
B19,3,3,21497
B18,1,2,21497
B18,2,2,21497
B17,2,3,21497
B17,3,3,21497
B16,1,2,21497
B16,2,2,21497
B15,0,1,21497
B15,1,1,21497
B14,2,3,21497
B14,3,3,21497
B13,2,3,21497
B13,3,3,21497
B12,1,2,21497
B12,2,2,21497
B11,1,2,21497
B11,2,2,21497
B10,1,2,21497
B10,2,2,21497
B09,2,3,21497
B09,3,3,21497
B08,1,2,21497
B08,2,2,21497
B07,0,1,21497
B07,1,1,21497
B06,1,2,21497
B06,2,2,21497
B05,2,3,21497
B05,3,3,21497
B04,2,3,21497
B04,3,3,21500
B03,2,3,21500
B03,3,3,21500
B02,1,2,21500
B02,2,2,21500
B01,0,1,21500
B01,1,1,21500
B19,2,3,21586
B19,3,3,21586
B18,1,2,21586
B18,2,2,21586
B17,2,3,21586
B17,3,3,21586
B16,1,2,21586
B16,2,2,21586
B15,0,1,21586
B15,1,1,21586
B14,2,3,21586
B14,3,3,21586
B13,2,3,21586
B13,3,3,21586
B12,1,2,21586
B12,2,2,21586
B11,1,2,21586
B11,2,2,21586
B10,1,2,21586
B10,2,2,21586
B09,2,3,21586
B09,3,3,21586
B08,1,2,21586
B08,2,2,21586
B07,0,1,21586
B07,1,1,21586
B06,1,2,21586
B06,2,2,21586
B05,2,3,21586
B05,3,3,21586
B04,2,3,21586
B04,3,3,21615
B03,2,3,21615
B03,3,3,21615
B02,1,2,21615
B02,2,2,21615
B01,0,1,21615
B01,1,1,21615
B19,2,3,21675
B19,3,3,21675
B18,1,2,21675
B18,2,2,21675
B17,2,3,21675
B17,3,3,21675
B16,1,2,21675
B16,2,2,21675
B15,0,1,21675
B15,1,1,21675
B14,2,3,21675
B14,3,3,21675
B13,2,3,21675
B13,3,3,21675
B12,1,2,21675
B12,2,2,21675
B11,1,2,21675
B11,2,2,21675
B10,1,2,21675
B10,2,2,21675
B09,2,3,21675
B09,3,3,21675
B08,1,2,21675
B08,2,2,21675
B07,0,1,21675
B07,1,1,21675
B06,1,2,21675
B06,2,2,21675
B05,2,3,21675
B05,3,3,21675
B04,2,3,21675
B04,3,3,21678
B03,2,3,21678
B03,3,3,21678
B02,1,2,21678
B02,2,2,21678
B01,0,1,21678
B01,1,1,21678
B19,2,3,21765
B19,3,3,21765
B18,1,2,21765
B18,2,2,21765
B17,2,3,21765
B17,3,3,21765
B16,1,2,21765
B16,2,2,21765
B15,0,1,21765
B15,1,1,21765
B14,2,3,21765
B14,3,3,21765
B13,2,3,21765
B13,3,3,21765
B12,1,2,21765
B12,2,2,21765
B11,1,2,21765
B11,2,2,21765
B10,1,2,21765
B10,2,2,21765
B09,2,3,21765
B09,3,3,21765
B08,1,2,21765
B08,2,2,21765
B07,0,1,21765
B07,1,1,21765
B06,1,2,21765
B06,2,2,21765
B05,2,3,21765
B05,3,3,21765
B04,2,3,21765
B04,3,3,21765
B03,2,3,21765
B03,3,3,21765
B02,1,2,21765
B02,2,2,21765
B01,0,1,21765
B01,1,1,21765
B19,2,3,21855
B19,3,3,21855
B18,1,2,21855
B18,2,2,21855
B17,2,3,21855
B17,3,3,21855
B16,1,2,21855
B16,2,2,21855
B15,0,1,21855
B15,1,1,21855
B14,2,3,21855
B14,3,3,21855
B13,2,3,21855
B13,3,3,21855
B12,1,2,21855
B12,2,2,21855
B11,1,2,21855
B11,2,2,21855
B10,1,2,21855
B10,2,2,21855
B09,2,3,21855
B09,3,3,21855
B08,1,2,21855
B08,2,2,21855
B07,0,1,21855
B07,1,1,21855
B06,1,2,21855
B06,2,2,21855
B05,2,3,21855
B05,3,3,21855
B04,2,3,21855
B04,3,3,21855
B03,2,3,21855
B03,3,3,21855
B02,1,2,21855
B02,2,2,21855
B01,0,1,21855
B01,1,1,21855
B19,2,3,21929
B19,3,3,21929
B18,1,2,21929
B18,2,2,21929
B17,2,3,21929
B17,3,3,21929
B16,1,2,21929
B16,2,2,21929
B15,0,1,21929
B15,1,1,21929
B14,2,3,21929
B14,3,3,21929
B13,2,3,21929
B13,3,3,21929
B12,1,2,21929
B12,2,2,21929
B11,1,2,21929
B11,2,2,21929
B10,1,2,21929
B19,2,3,22009
B19,3,3,22009
B18,1,2,22009
B18,2,2,22009
B17,2,3,22009
B17,3,3,22009
B16,1,2,22009
B16,2,2,22009
B15,0,1,22009
B15,1,1,22009
B14,2,3,22009
B14,3,3,22009
B13,2,3,22009
B13,3,3,22009
B12,1,2,22009
B12,2,2,22009
B11,1,2,22009
B11,2,2,22009
B10,0,2,22009
B19,2,3,22102
B19,3,3,22102
B18,1,2,22102
B18,2,2,22102
B17,2,3,22102
B17,3,3,22102
B16,1,2,22102
B16,2,2,22102
B15,0,1,22102
B15,1,1,22102
B14,2,3,22102
B14,3,3,22102
B13,2,3,22102
B13,3,3,22102
B12,1,2,22102
B12,2,2,22102
B11,1,2,22102
B11,2,2,22102
B19,2,3,22191
B19,3,3,22191
B18,1,2,22191
B18,2,2,22191
B17,2,3,22191
B17,3,3,22191
B16,1,2,22191
B16,2,2,22191
B15,0,1,22191
B15,1,1,22191
B14,2,3,22191
B14,3,3,22191
B13,2,3,22191
B13,3,3,22191
B12,1,2,22191
B12,2,2,22191
B11,1,2,22191
B19,2,3,22264
B19,3,3,22264
B18,1,2,22264
B18,2,2,22264
B17,2,3,22264
B17,3,3,22264
B16,1,2,22264
B16,2,2,22264
B15,0,1,22264
B15,1,1,22264
B14,2,3,22264
B14,3,3,22264
B13,2,3,22264
B13,3,3,22264
B12,1,2,22264
B12,2,2,22264
B11,0,2,22264
B10,1,2,22315
B09,2,3,22315
B09,3,3,22315
B08,1,2,22315
B08,2,2,22315
B07,0,1,22315
B07,1,1,22315
B06,1,2,22315
B06,2,2,22315
B05,2,3,22315
B05,3,3,22315
B04,2,3,22315
B04,3,3,22315
B03,2,3,22315
B03,3,3,22315
B02,1,2,22315
B02,2,2,22315
B01,0,1,22315
B01,1,1,22315
B10,0,2,22318
B19,2,3,22355
B19,3,3,22355
B18,1,2,22355
B18,2,2,22355
B17,2,3,22355
B17,3,3,22355
B16,1,2,22355
B16,2,2,22355
B15,0,1,22355
B15,1,1,22355
B14,2,3,22355
B14,3,3,22355
B13,2,3,22355
B13,3,3,22355
B12,1,2,22355
B12,2,2,22355
B10,1,2,22373
B09,2,3,22373
B09,3,3,22373
B08,1,2,22373
B11,1,2,22375
B10,0,2,22376
B08,2,2,22378
B07,0,1,22378
B07,1,1,22378
B06,1,2,22378
B06,2,2,22378
B05,2,3,22378
B05,3,3,22378
B04,2,3,22378
B04,3,3,22378
B03,2,3,22378
B03,3,3,22378
B02,1,2,22378
B02,2,2,22378
B01,0,1,22378
B01,1,1,22378
B11,0,2,22381
B11,1,2,22427
B10,1,2,22436
B09,2,3,22436
B10,0,2,22439
B19,2,3,22447
B19,3,3,22447
B18,1,2,22447
B18,2,2,22447
B17,2,3,22447
B17,3,3,22447
B16,1,2,22447
B16,2,2,22447
B15,0,1,22447
B15,1,1,22447
B14,2,3,22447
B14,3,3,22447
B13,2,3,22447
B13,3,3,22447
B12,1,2,22447
B12,2,2,22454
B11,0,2,22454
B11,1,2,22478
B10,1,2,22497
B09,1,3,22497
B10,0,2,22500
B19,2,3,22526
B19,3,3,22526
B18,1,2,22526
B10,1,2,22549
B09,0,3,22549
B11,2,2,22558
B10,0,2,22558
B09,1,3,22571
B08,1,2,22571
B08,2,2,22571
B07,0,1,22571
B07,1,1,22571
B06,1,2,22571
B06,2,2,22571
B05,2,3,22571
B05,3,3,22571
B04,2,3,22571
B04,3,3,22571
B03,2,3,22571
B03,3,3,22571
B02,1,2,22571
B02,2,2,22571
B01,0,1,22571
B01,1,1,22571
B19,2,3,22603
B19,3,3,22603
B18,0,2,22603
B10,1,2,22615
B09,0,3,22615
B09,1,3,22626
B08,1,2,22626
B08,2,2,22628
B07,0,1,22628
B07,1,1,22628
B06,1,2,22628
B06,2,2,22628
B05,2,3,22628
B05,3,3,22628
B04,2,3,22628
B04,3,3,22633
B03,2,3,22633
B03,3,3,22633
B02,1,2,22633
B02,2,2,22633
B01,0,1,22633
B01,1,1,22633
B18,1,2,22660
B17,2,3,22660
B17,3,3,22660
B16,1,2,22660
B16,2,2,22660
B15,0,1,22660
B15,1,1,22660
B14,2,3,22660
B14,3,3,22660
B13,2,3,22660
B13,3,3,22660
B12,1,2,22660
B12,2,2,22660
B11,1,2,22660
B11,2,2,22660
B10,0,2,22660
B10,1,2,22665
B09,0,3,22665
B09,1,3,22675
B08,1,2,22675
B08,2,2,22688
B07,0,1,22688
B07,1,1,22688
B06,1,2,22688
B06,2,2,22688
B05,2,3,22688
B05,3,3,22688
B04,2,3,22688
B19,2,3,22696
B19,3,3,22696
B18,0,2,22696
B04,3,3,22696
B03,2,3,22696
B03,3,3,22696
B02,1,2,22696
B02,2,2,22696
B01,0,1,22696
B01,1,1,22696
B10,2,2,22713
B09,0,3,22713
B18,1,2,22715
B17,2,3,22715
B17,3,3,22715
B16,1,2,22715
B16,2,2,22715
B15,0,1,22715
B15,1,1,22715
B14,2,3,22715
B14,3,3,22721
B13,2,3,22721
B09,1,3,22722
B08,1,2,22722
B13,3,3,22726
B12,1,2,22726
B12,2,2,22726
B11,1,2,22726
B11,2,2,22726
B10,1,2,22726
B08,2,2,22758
B07,0,1,22758
B07,1,1,22758
B06,1,2,22758
B06,2,2,22758
B05,2,3,22758
B05,3,3,22758
B04,2,3,22758
B04,3,3,22758
B03,2,3,22758
B03,3,3,22758
B02,1,2,22758
B02,2,2,22758
B01,0,1,22758
B01,1,1,22758
B18,2,2,22770
B17,2,3,22770
B17,3,3,22770
B16,1,2,22770
B19,2,3,22777
B19,3,3,22777
B18,1,2,22777
B10,2,2,22778
B09,0,3,22778
B09,1,3,22781
B08,1,2,22781
B08,2,2,22811
B07,0,1,22811
B07,1,1,22817
B06,1,2,22817
B06,2,2,22817
B05,2,3,22817
B05,3,3,22817
B04,2,3,22817
B04,3,3,22819
B03,2,3,22819
B03,3,3,22819
B02,1,2,22819
B02,2,2,22822
B01,0,1,22822
B01,1,1,22822
B18,2,2,22826
B17,2,3,22826
B17,3,3,22826
B16,0,2,22826
B09,2,3,22831
B08,1,2,22831
B19,2,3,22866
B19,3,3,22866
B18,1,2,22866
B08,2,2,22870
B07,0,1,22870
B07,1,1,22870
B06,1,2,22870
B06,2,2,22871
B05,2,3,22871
B18,2,2,22880
B17,2,3,22880
B17,3,3,22880
B05,3,3,22880
B04,2,3,22880
B04,3,3,22880
B03,2,3,22880
B03,3,3,22880
B02,1,2,22880
B09,3,3,22883
B08,1,2,22883
B02,2,2,22889
B01,0,1,22889
B01,1,1,22889
B08,2,2,22925
B07,0,1,22925
B07,1,1,22926
B06,1,2,22926
B06,2,2,22926
B05,2,3,22926
B05,3,3,22933
B04,2,3,22933
B04,3,3,22933
B03,2,3,22933
B03,3,3,22933
B02,1,2,22933
B02,2,2,22943
B01,0,1,22943
B01,1,1,22953
B19,2,3,22963
B19,3,3,22963
B18,1,2,22963
B18,2,2,22963
B17,2,3,22963
B16,1,2,22973
B15,0,1,22973
B15,1,1,22973
B14,2,3,22973
B14,3,3,22973
B13,2,3,22973
B13,3,3,22973
B12,1,2,22973
B12,2,2,22973
B11,1,2,22973
B11,2,2,22973
B10,1,2,22973
B10,2,2,22973
B09,2,3,22973
B09,3,3,22973
B08,1,2,22973
B16,0,2,22975
B08,2,2,22991
B07,0,1,22991
B07,1,1,22991
B06,1,2,22991
B06,2,2,22991
B05,2,3,22991
B05,3,3,22997
B04,2,3,22997
B04,3,3,23001
B03,2,3,23001
B03,3,3,23001
B02,1,2,23001
B02,2,2,23001
B01,0,1,23001
B01,1,1,23012
B17,3,3,23028
B16,1,2,23031
B15,0,1,23031
B16,0,2,23034
B15,1,1,23039
B14,2,3,23039
B14,3,3,23045
B13,2,3,23045
B13,3,3,23045
B12,1,2,23045
B12,2,2,23045
B11,1,2,23045
B11,2,2,23045
B10,1,2,23045
B10,2,2,23045
B09,2,3,23045
B09,3,3,23045
B08,1,2,23045
B08,2,2,23045
B07,0,1,23045
B07,1,1,23049
B06,1,2,23049
B06,2,2,23049
B05,2,3,23049
B19,2,3,23053
B19,3,3,23053
B18,1,2,23053
B18,2,2,23053
B17,2,3,23053
B05,3,3,23057
B04,2,3,23057
B04,3,3,23057
B03,2,3,23057
B03,3,3,23057
B02,1,2,23057
B02,2,2,23058
B01,0,1,23058
B01,1,1,23064
B16,1,2,23091
B15,0,1,23091
B15,1,1,23093
B14,2,3,23093
B14,3,3,23106
B13,2,3,23106
B13,3,3,23106
B12,1,2,23106
B12,2,2,23106
B11,1,2,23106
B11,2,2,23106
B10,1,2,23106
B10,2,2,23106
B09,2,3,23106
B09,3,3,23106
B08,1,2,23106
B08,2,2,23106
B07,0,1,23106
B07,1,1,23111
B06,1,2,23111
B06,2,2,23111
B05,2,3,23111
B05,3,3,23111
B04,2,3,23111
B04,3,3,23116
B03,2,3,23116
B03,3,3,23116
B02,1,2,23116
B02,2,2,23116
B01,0,1,23116
B01,1,1,23116
B19,2,3,23128
B19,3,3,23128
B18,1,2,23128
B18,2,2,23128
B17,1,3,23128
B16,2,2,23139
B15,0,1,23139
B15,1,1,23157
B14,2,3,23157
B14,3,3,23170
B13,2,3,23170
B13,3,3,23170
B12,1,2,23170
B12,2,2,23170
B11,1,2,23170
B11,2,2,23170
B10,1,2,23170
B10,2,2,23170
B09,2,3,23170
B09,3,3,23170
B08,1,2,23170
B08,2,2,23170
B07,0,1,23170
B07,1,1,23193
B06,1,2,23193
B06,2,2,23193
B05,2,3,23193
B05,3,3,23193
B04,2,3,23193
B04,3,3,23193
B03,2,3,23193
B03,3,3,23193
B02,1,2,23193
B02,2,2,23193
B01,0,1,23193
B01,1,1,23193
B19,2,3,23220
B19,3,3,23220
B18,1,2,23220
B18,2,2,23220
B17,0,3,23220
B17,1,3,23227
B16,1,2,23227
B16,2,2,23227
B15,0,1,23227
B15,1,1,23227
B14,2,3,23227
B14,3,3,23227
B13,2,3,23227
B13,3,3,23228
B12,1,2,23228
B12,2,2,23234
B11,1,2,23234
B11,2,2,23234
B10,1,2,23234
B10,2,2,23234
B09,2,3,23234
B09,3,3,23234
B08,1,2,23234
B08,2,2,23234
B07,0,1,23234
B17,2,3,23264
B16,1,2,23264
B07,1,1,23264
B06,1,2,23264
B06,2,2,23264
B05,2,3,23264
B05,3,3,23264
B04,2,3,23264
B04,3,3,23264
B03,2,3,23264
B03,3,3,23264
B02,1,2,23264
B02,2,2,23264
B01,0,1,23264
B01,1,1,23264
B16,2,2,23279
B15,0,1,23279
B15,1,1,23290
B14,2,3,23290
B14,3,3,23290
B13,2,3,23290
B13,3,3,23290
B12,1,2,23290
B12,2,2,23293
B11,1,2,23293
B11,2,2,23293
B10,1,2,23293
B10,2,2,23296
B09,2,3,23296
B09,3,3,23296
B08,1,2,23296
B08,2,2,23299
B07,0,1,23299
B07,1,1,23321
B06,1,2,23321
B06,2,2,23321
B05,2,3,23321
B17,3,3,23326
B16,1,2,23326
B05,3,3,23326
B04,2,3,23326
B19,2,3,23328
B19,3,3,23328
B18,1,2,23328
B18,2,2,23328
B17,2,3,23328
B04,3,3,23332
B03,2,3,23332
B16,2,2,23341
B15,0,1,23341
B03,3,3,23344
B02,1,2,23344
B02,2,2,23344
B01,0,1,23344
B01,1,1,23344
B15,1,1,23348
B14,2,3,23348
B14,3,3,23361
B13,2,3,23361
B13,3,3,23361
B12,1,2,23361
B12,2,2,23361
B11,1,2,23361
B11,2,2,23361
B10,1,2,23361
B10,2,2,23362
B09,2,3,23362
B09,3,3,23362
B08,1,2,23362
B08,2,2,23362
B07,0,1,23362
B07,1,1,23374
B06,1,2,23374
B17,3,3,23377
B16,1,2,23377
B06,2,2,23382
B05,2,3,23382
B05,3,3,23390
B04,2,3,23390
B16,2,2,23391
B15,0,1,23391
B04,3,3,23395
B03,2,3,23395
B03,3,3,23398
B02,1,2,23398
B02,2,2,23398
B01,0,1,23398
B01,1,1,23398
B15,1,1,24013
B14,2,3,24013
B19,2,3,24016
B19,3,3,24016
B18,1,2,24016
B18,2,2,24016
B17,2,3,24016
B14,3,3,24023
B13,2,3,24023
B13,3,3,24023
B12,1,2,24023
B17,3,3,24024
B16,1,2,24024
B12,2,2,24026
B11,1,2,24026
B16,2,2,24053
B15,0,1,24053
B15,1,1,24086
B14,2,3,24086
B14,3,3,24086
B13,2,3,24086
B13,3,3,24086
B12,1,2,24086
B12,2,2,24100
B11,0,2,24100
B19,2,3,24115
B19,3,3,24115
B18,1,2,24115
B18,2,2,24115
B17,2,3,24115
B17,3,3,24115
B16,1,2,24115
B16,2,2,24115
B15,0,1,24115
B15,1,1,24159
B14,2,3,24159
B14,3,3,24159
B13,2,3,24159
B13,3,3,24159
B12,1,2,24159
B12,2,2,24159
B19,2,3,24194
B19,3,3,24194
B18,1,2,24194
B18,2,2,24194
B17,2,3,24194
B17,3,3,24194
B16,1,2,24194
B16,2,2,24194
B15,0,1,24194
B15,1,1,24229
B14,2,3,24229
B14,3,3,24237
B13,2,3,24237
B13,3,3,24237
B12,1,2,24237
B19,2,3,24290
B19,3,3,24290
B18,1,2,24290
B18,2,2,24290
B17,2,3,24290
B17,3,3,24290
B16,1,2,24290
B16,2,2,24290
B15,0,1,24290
B15,1,1,24290
B14,2,3,24290
B14,3,3,24311
B13,2,3,24311
B13,3,3,24311
B12,0,2,24311
B11,1,2,24329
B10,1,2,24329
B10,2,2,24329
B09,2,3,24329
B09,3,3,24329
B08,1,2,24329
B08,2,2,24329
B07,0,1,24329
B07,1,1,24329
B06,1,2,24329
B06,2,2,24329
B05,2,3,24329
B05,3,3,24329
B04,2,3,24329
B04,3,3,24329
B03,2,3,24329
B03,3,3,24329
B02,1,2,24329
B02,2,2,24329
B01,0,1,24329
B01,1,1,24329
B11,0,2,24336
B19,2,3,24365
B19,3,3,24365
B18,1,2,24365
B18,2,2,24365
B17,2,3,24365
B17,3,3,24365
B16,1,2,24365
B16,2,2,24365
B15,0,1,24365
B15,1,1,24366
B14,2,3,24366
B14,3,3,24366
B13,2,3,24366
B13,3,3,24376
B11,1,2,24386
B10,1,2,24386
B10,2,2,24390
B09,2,3,24390
B09,3,3,24390
B08,1,2,24390
B08,2,2,24390
B07,0,1,24390
B07,1,1,24390
B06,1,2,24390
B06,2,2,24390
B05,2,3,24390
B12,1,2,24398
B11,0,2,24398
B12,0,2,24402
B05,3,3,24423
B04,2,3,24423
B04,3,3,24423
B03,2,3,24423
B03,3,3,24423
B02,1,2,24423
B02,2,2,24423
B01,0,1,24423
B01,1,1,24423
B11,1,2,24434
B10,1,2,24434
B10,2,2,24445
B09,2,3,24445
B09,3,3,24450
B08,1,2,24450
B08,2,2,24450
B07,0,1,24450
B07,1,1,24450
B06,1,2,24450
B06,2,2,24450
B05,2,3,24450
B19,2,3,24454
B19,3,3,24454
B18,1,2,24454
B18,2,2,24454
B17,2,3,24454
B17,3,3,24454
B16,1,2,24454
B16,2,2,24454
B15,0,1,24454
B15,1,1,24454
B14,2,3,24454
B14,3,3,24454
B13,2,3,24454
B12,1,2,24459
B11,0,2,24459
B13,3,3,24460
B12,0,2,24463
B05,3,3,24468
B04,2,3,24468
B04,3,3,24488
B03,2,3,24488
B03,3,3,24488
B02,1,2,24488
B02,2,2,24488
B01,0,1,24488
B01,1,1,24488
B11,1,2,24489
B10,1,2,24489
B10,2,2,24505
B09,2,3,24505
B09,3,3,24505
B08,1,2,24505
B08,2,2,24507
B07,0,1,24507
B07,1,1,24507
B06,1,2,24507
B06,2,2,24507
B05,2,3,24507
B05,3,3,24518
B04,2,3,24518
B12,1,2,24521
B11,0,2,24521
B19,2,3,24538
B19,3,3,24538
B18,1,2,24538
B18,2,2,24538
B17,2,3,24538
B17,3,3,24538
B16,1,2,24538
B16,2,2,24538
B15,0,1,24538
B15,1,1,24538
B14,2,3,24538
B14,3,3,24538
B13,2,3,24538
B13,3,3,24538
B12,0,2,24538
B11,1,2,24541
B10,1,2,24541
B04,3,3,24544
B03,2,3,24544
B03,3,3,24545
B02,1,2,24545
B02,2,2,24545
B01,0,1,24545
B01,1,1,24545
B10,2,2,24567
B09,2,3,24567
B09,3,3,24567
B08,1,2,24567
B08,2,2,24567
B07,0,1,24567
B07,1,1,24567
B06,1,2,24567
B06,2,2,24567
B05,2,3,24567
B12,1,2,24579
B11,0,2,24579
B05,3,3,24584
B04,2,3,24584
B04,3,3,24602
B03,2,3,24602
B03,3,3,24606
B02,1,2,24606
B02,2,2,24606
B01,0,1,24606
B01,1,1,24606
B11,1,2,24635
B10,1,2,24635
B10,2,2,24635
B09,2,3,24635
B09,3,3,24635
B08,1,2,24635
B08,2,2,24635
B07,0,1,24635
B07,1,1,24635
B06,1,2,24635
B06,2,2,24635
B05,2,3,24635
B05,3,3,24635
B04,2,3,24635
B19,2,3,24636
B19,3,3,24636
B18,1,2,24636
B18,2,2,24636
B17,2,3,24636
B17,3,3,24636
B16,1,2,24636
B16,2,2,24636
B15,0,1,24636
B15,1,1,24636
B14,2,3,24636
B14,3,3,24636
B13,2,3,24636
B13,3,3,24636
B12,0,2,24636
B12,1,2,24640
B11,0,2,24641
B04,3,3,24663
B03,2,3,24663
B03,3,3,24663
B02,1,2,24663
B02,2,2,24667
B01,0,1,24667
B01,1,1,24667
B11,1,2,24688
B10,1,2,24688
B10,2,2,24690
B09,2,3,24690
B09,3,3,24690
B08,1,2,24690
B08,2,2,24691
B07,0,1,24691
B07,1,1,24691
B06,1,2,24691
B06,2,2,24691
B05,2,3,24691
B05,3,3,24691
B04,2,3,24691
B19,2,3,24716
B19,3,3,24716
B18,1,2,24716
B18,2,2,24716
B17,2,3,24716
B17,3,3,24716
B16,1,2,24716
B16,2,2,24716
B15,0,1,24716
B15,1,1,24716
B14,2,3,24716
B14,3,3,24716
B13,2,3,24716
B13,3,3,24716
B12,0,2,24716
B12,1,2,24718
B11,0,2,24718
B04,3,3,24719
B03,2,3,24719
B03,3,3,24719
B02,1,2,24719
B02,2,2,24723
B01,0,1,24723
B01,1,1,24723
B11,1,2,24741
B10,1,2,24741
B10,2,2,24758
B09,2,3,24758
B09,3,3,24758
B08,1,2,24758
B08,2,2,24758
B07,0,1,24758
B07,1,1,24758
B06,1,2,24758
B06,2,2,24758
B05,2,3,24758
B05,3,3,24758
B04,2,3,24758
B12,2,2,24766
B11,0,2,24766
B04,3,3,24775
B03,2,3,24775
B03,3,3,24775
B02,1,2,24775
B02,2,2,24775
B01,0,1,24775
B01,1,1,24782
B11,1,2,24797
B10,1,2,24797
B19,2,3,24810
B19,3,3,24810
B18,1,2,24810
B18,2,2,24810
B17,2,3,24810
B17,3,3,24810
B16,1,2,24810
B16,2,2,24810
B15,0,1,24810
B15,1,1,24810
B14,2,3,24810
B14,3,3,24810
B13,2,3,24810
B13,3,3,24810
B12,1,2,24810
B10,2,2,24821
B09,2,3,24821
B09,3,3,24821
B08,1,2,24821
B08,2,2,24821
B07,0,1,24821
B07,1,1,24821
B06,1,2,24821
B06,2,2,24821
B05,2,3,24821
B05,3,3,24822
B04,2,3,24822
B12,2,2,24826
B11,0,2,24826
B04,3,3,24830
B03,2,3,24830
B03,3,3,24830
B02,1,2,24830
B02,2,2,24830
B01,0,1,24830
B01,1,1,24842
B11,1,2,24852
B10,1,2,24852
B10,2,2,24873
B09,2,3,24873
B09,3,3,24873
B08,1,2,24873
B08,2,2,24881
B07,0,1,24881
B07,1,1,24885
B06,1,2,24885
B06,2,2,24885
B05,2,3,24885
B05,3,3,24885
B04,2,3,24885
B04,3,3,24896
B03,2,3,24896
B03,3,3,24896
B02,1,2,24896
B02,2,2,24896
B01,0,1,24896
B11,2,2,24902
B10,1,2,24902
B19,2,3,24905
B19,3,3,24905
B18,1,2,24905
B18,2,2,24905
B17,2,3,24905
B17,3,3,24905
B16,1,2,24905
B16,2,2,24905
B15,0,1,24905
B15,1,1,24905
B14,2,3,24905
B14,3,3,24905
B13,2,3,24905
B13,3,3,24905
B12,1,2,24905
B12,2,2,24905
B11,1,2,24905
B01,1,1,24909
B10,2,2,24930
B09,2,3,24930
B09,3,3,24930
B08,1,2,24930
B08,2,2,24935
B07,0,1,24935
B07,1,1,24939
B06,1,2,24939
B06,2,2,24939
B05,2,3,24939
B05,3,3,24939
B04,2,3,24939
B11,2,2,24944
B10,1,2,24944
B04,3,3,24953
B03,2,3,24953
B03,3,3,24953
B02,1,2,24953
B02,2,2,24953
B01,0,1,24953
B01,1,1,24963
B19,2,3,24984
B19,3,3,24984
B18,1,2,24984
B18,2,2,24984
B17,2,3,24984
B17,3,3,24984
B16,1,2,24984
B16,2,2,24984
B15,0,1,24984
B15,1,1,24984
B14,2,3,24984
B14,3,3,24984
B13,2,3,24984
B13,3,3,24984
B12,1,2,24984
B12,2,2,24984
B11,1,2,24984
B11,2,2,24986
B10,0,2,24986
B10,1,2,24999
B09,2,3,24999
B09,3,3,24999
B08,1,2,24999
B08,2,2,24999
B07,0,1,24999
B07,1,1,25000
B06,1,2,25000
B06,2,2,25000
B05,2,3,25000
B05,3,3,25000
B04,2,3,25000
B04,3,3,25005
B03,2,3,25005
B03,3,3,25009
B02,1,2,25009
B02,2,2,25009
B01,0,1,25009
B01,1,1,25010
B10,2,2,25058
B09,2,3,25058
B09,3,3,25063
B08,1,2,25063
B19,2,3,25073
B19,3,3,25073
B18,1,2,25073
B18,2,2,25073
B17,2,3,25073
B17,3,3,25073
B16,1,2,25073
B16,2,2,25073
B15,0,1,25073
B15,1,1,25073
B14,2,3,25073
B14,3,3,25073
B13,2,3,25073
B13,3,3,25073
B12,1,2,25073
B12,2,2,25073
B11,1,2,25073
B11,2,2,25073
B10,1,2,25073
B08,2,2,25073
B07,0,1,25073
B07,1,1,25073
B06,1,2,25073
B06,2,2,25073
B05,2,3,25073
B05,3,3,25073
B04,2,3,25073
B04,3,3,25073
B03,2,3,25073
B03,3,3,25073
B02,1,2,25073
B02,2,2,25073
B01,0,1,25073
B01,1,1,25073
B10,2,2,25109
B09,2,3,25109
B09,3,3,25110
B08,1,2,25110
B08,2,2,25137
B07,0,1,25137
B07,1,1,25137
B06,1,2,25137
B06,2,2,25137
B05,2,3,25137
B05,3,3,25137
B04,2,3,25137
B04,3,3,25138
B03,2,3,25138
B03,3,3,25138
B02,1,2,25138
B02,2,2,25138
B01,0,1,25138
B01,1,1,25138
B19,2,3,25154
B19,3,3,25154
B18,1,2,25154
B18,2,2,25154
B17,2,3,25154
B17,3,3,25154
B16,1,2,25154
B16,2,2,25154
B15,0,1,25154
B15,1,1,25154
B14,2,3,25154
B14,3,3,25154
B13,2,3,25154
B13,3,3,25154
B12,1,2,25154
B12,2,2,25154
B11,1,2,25154
B11,2,2,25154
B10,1,2,25154
B10,2,2,25168
B09,2,3,25168
B09,3,3,25168
B08,1,2,25168
B08,2,2,25194
B07,0,1,25194
B07,1,1,25194
B06,1,2,25194
B06,2,2,25194
B05,2,3,25194
B05,3,3,25199
B04,2,3,25199
B04,3,3,25199
B03,2,3,25199
B03,3,3,25199
B02,1,2,25199
B02,2,2,25199
B01,0,1,25199
B01,1,1,25199
B19,2,3,25240
B19,3,3,25240
B18,1,2,25240
B18,2,2,25240
B17,2,3,25240
B17,3,3,25240
B16,1,2,25240
B16,2,2,25240
B15,0,1,25240
B15,1,1,25240
B14,2,3,25240
B14,3,3,25240
B13,2,3,25240
B13,3,3,25240
B12,1,2,25240
B12,2,2,25240
B11,1,2,25240
B11,2,2,25240
B10,1,2,25240
B10,2,2,25240
B09,2,3,25240
B09,3,3,25240
B08,1,2,25240
B08,2,2,25249
B07,0,1,25249
B07,1,1,25249
B06,1,2,25249
B06,2,2,25249
B05,2,3,25249
B05,3,3,25257
B04,2,3,25257
B04,3,3,25264
B03,2,3,25264
B19,2,3,25325
B19,3,3,25325
B18,1,2,25325
B18,2,2,25325
B17,2,3,25325
B17,3,3,25325
B16,1,2,25325
B16,2,2,25325
B15,0,1,25325
B15,1,1,25325
B14,2,3,25325
B14,3,3,25325
B13,2,3,25325
B13,3,3,25325
B12,1,2,25325
B12,2,2,25325
B11,1,2,25325
B11,2,2,25325
B10,1,2,25325
B10,2,2,25325
B09,2,3,25325
B09,3,3,25325
B08,1,2,25325
B08,2,2,25325
B07,0,1,25325
B07,1,1,25404
B06,1,2,25404
B06,2,2,25404
B05,2,3,25404
B05,3,3,25404
B04,2,3,25404
B04,3,3,25404
B03,1,3,25404
B19,2,3,25421
B19,3,3,25421
B18,1,2,25421
B18,2,2,25421
B17,2,3,25421
B17,3,3,25421
B16,1,2,25421
B16,2,2,25421
B15,0,1,25421
B15,1,1,25421
B14,2,3,25421
B14,3,3,25421
B13,2,3,25421
B13,3,3,25421
B12,1,2,25421
B12,2,2,25421
B11,1,2,25421
B11,2,2,25421
B10,1,2,25421
B10,2,2,25421
B09,2,3,25421
B09,3,3,25421
B08,1,2,25421
B08,2,2,25421
B07,0,1,25421
B03,2,3,25434
B02,1,2,25434
B02,2,2,25434
B01,0,1,25434
B01,1,1,25434
B07,1,1,25473
B06,1,2,25473
B06,2,2,25473
B05,2,3,25473
B05,3,3,25473
B04,2,3,25473
B04,3,3,25473
B03,1,3,25473
B03,2,3,25486
B02,1,2,25486
B02,2,2,25486
B01,0,1,25486
B01,1,1,25488
B19,2,3,25521
B19,3,3,25521
B18,1,2,25521
B18,2,2,25521
B17,2,3,25521
B17,3,3,25521
B16,1,2,25521
B16,2,2,25521
B15,0,1,25521
B15,1,1,25521
B14,2,3,25521
B14,3,3,25521
B13,2,3,25521
B13,3,3,25521
B12,1,2,25521
B12,2,2,25521
B11,1,2,25521
B11,2,2,25521
B10,1,2,25521
B10,2,2,25521
B09,2,3,25521
B09,3,3,25521
B08,1,2,25521
B08,2,2,25521
B07,0,1,25521
B07,1,1,25525
B06,1,2,25525
B06,2,2,25525
B05,2,3,25525
B05,3,3,25525
B04,2,3,25525
B04,3,3,25534
B03,1,3,25534
B03,2,3,25542
B02,1,2,25542
B02,2,2,25543
B01,0,1,25543
B01,1,1,25551
B03,3,3,25593
B02,1,2,25593
B02,2,2,25612
B01,0,1,25612
B01,1,1,25612
B19,2,3,25618
B19,3,3,25618
B18,1,2,25618
B18,2,2,25618
B17,2,3,25618
B17,3,3,25618
B16,1,2,25618
B16,2,2,25618
B15,0,1,25618
B15,1,1,25618
B14,2,3,25618
B19,2,3,25719
B19,3,3,25719
B18,1,2,25719
B18,2,2,25719
B17,2,3,25719
B17,3,3,25719
B16,1,2,25719
B16,2,2,25719
B15,0,1,25719
B15,1,1,25719
B14,1,3,25719
B19,2,3,25790
B19,3,3,25790
B18,1,2,25790
B18,2,2,25790
B17,2,3,25790
B17,3,3,25790
B16,1,2,25790
B16,2,2,25790
B15,0,1,25790
B15,1,1,25790
B14,0,3,25790
B19,2,3,25871
B19,3,3,25871
B18,1,2,25871
B18,2,2,25871
B17,2,3,25871
B17,3,3,25871
B16,1,2,25871
B16,2,2,25871
B15,0,1,25871
B15,1,1,25871
B14,1,3,25908
B13,2,3,25908
B13,3,3,25908
B12,1,2,25908
B12,2,2,25908
B11,1,2,25908
B11,2,2,25908
B10,1,2,25908
B10,2,2,25908
B09,2,3,25908
B09,3,3,25908
B08,1,2,25908
B08,2,2,25908
B07,0,1,25908
B07,1,1,25908
B06,1,2,25908
B06,2,2,25908
B05,2,3,25908
B05,3,3,25908
B04,2,3,25908
B04,3,3,25908
B03,2,3,25908
B03,3,3,25908
B02,1,2,25908
B02,2,2,25908
B01,0,1,25908
B01,1,1,25908
B14,0,3,25910
B19,2,3,25948
B19,3,3,25948
B18,1,2,25948
B18,2,2,25948
B17,2,3,25948
B17,3,3,25948
B16,1,2,25948
B16,2,2,25948
B15,0,1,25948
B15,1,1,25973
B14,1,3,25980
B13,2,3,25980
B13,3,3,25980
B12,1,2,25980
B12,2,2,25980
B11,1,2,25980
B11,2,2,25980
B10,1,2,25980
B10,2,2,25980
B09,2,3,25980
B09,3,3,25980
B08,1,2,25980
B08,2,2,25980
B07,0,1,25980
B14,0,3,25982
B07,1,1,26005
B06,1,2,26005
B06,2,2,26005
B05,2,3,26005
B05,3,3,26005
B04,2,3,26005
B04,3,3,26005
B03,2,3,26005
B03,3,3,26005
B02,1,2,26005
B02,2,2,26005
B01,0,1,26005
B01,1,1,26005
B19,2,3,26026
B19,3,3,26026
B18,1,2,26026
B18,2,2,26026
B17,2,3,26026
B17,3,3,26026
B16,1,2,26026
B16,2,2,26026
B15,0,1,26026
B15,1,1,26038
B14,1,3,26046
B13,2,3,26046
B13,3,3,26046
B12,1,2,26046
B12,2,2,26046
B11,1,2,26046
B11,2,2,26046
B10,1,2,26046
B10,2,2,26046
B09,2,3,26046
B09,3,3,26046
B08,1,2,26046
B08,2,2,26046
B07,0,1,26046
B14,0,3,26048
B07,1,1,26055
B06,1,2,26055
B06,2,2,26065
B05,2,3,26065
B05,3,3,26065
B04,2,3,26065
B04,3,3,26070
B03,2,3,26070
B03,3,3,26070
B02,1,2,26070
B02,2,2,26070
B01,0,1,26070
B01,1,1,26070
B14,1,3,26105
B13,2,3,26105
B13,3,3,26105
B12,1,2,26105
B12,2,2,26105
B11,1,2,26105
B11,2,2,26105
B10,1,2,26105
B10,2,2,26105
B09,2,3,26105
B09,3,3,26105
B08,1,2,26105
B08,2,2,26105
B07,0,1,26105
B07,1,1,26115
B06,1,2,26115
B06,2,2,26116
B05,2,3,26116
B19,2,3,26119
B19,3,3,26119
B18,1,2,26119
B18,2,2,26119
B17,2,3,26119
B17,3,3,26119
B16,1,2,26119
B16,2,2,26119
B15,0,1,26119
B15,1,1,26119
B14,0,3,26119
B05,3,3,26124
B04,2,3,26124
B04,3,3,26129
B03,2,3,26129
B03,3,3,26129
B02,1,2,26129
B02,2,2,26129
B01,0,1,26129
B01,1,1,26129
B14,1,3,26167
B13,2,3,26167
B13,3,3,26167
B12,1,2,26167
B12,2,2,26167
B11,1,2,26167
B11,2,2,26167
B10,1,2,26167
B10,2,2,26167
B09,2,3,26167
B09,3,3,26167
B08,1,2,26167
B08,2,2,26167
B07,0,1,26167
B07,1,1,26169
B06,1,2,26169
B06,2,2,26170
B05,2,3,26170
B19,2,3,26199
B19,3,3,26199
B18,1,2,26199
B18,2,2,26199
B17,2,3,26199
B17,3,3,26199
B16,1,2,26199
B16,2,2,26199
B15,0,1,26199
B15,1,1,26199
B14,0,3,26199
B14,1,3,26225
B13,2,3,26225
B13,3,3,26225
B12,1,2,26225
B12,2,2,26226
B11,1,2,26226
B11,2,2,26226
B10,1,2,26226
B10,2,2,26226
B09,2,3,26226
B09,3,3,26226
B08,1,2,26226
B08,2,2,26232
B07,0,1,26232
B07,1,1,26232
B06,1,2,26232
B06,2,2,26232
B05,1,3,26232
B05,2,3,26234
B04,2,3,26234
B04,3,3,26234
B03,2,3,26234
B03,3,3,26234
B02,1,2,26234
B02,2,2,26234
B01,0,1,26234
B01,1,1,26234
B19,2,3,26281
B19,3,3,26281
B18,1,2,26281
B18,2,2,26281
B17,2,3,26281
B17,3,3,26281
B16,1,2,26281
B16,2,2,26281
B15,0,1,26281
B15,1,1,26281
B14,0,3,26281
B05,3,3,26283
B04,2,3,26283
B14,1,3,26288
B13,2,3,26288
B13,3,3,26288
B12,1,2,26288
B12,2,2,26288
B11,1,2,26288
B11,2,2,26288
B10,1,2,26288
B10,2,2,26288
B09,2,3,26288
B09,3,3,26288
B08,1,2,26288
B08,2,2,26288
B07,0,1,26288
B07,1,1,26288
B06,1,2,26288
B06,2,2,26288
B05,2,3,26288
B04,3,3,26292
B03,2,3,26292
B03,3,3,26292
B02,1,2,26292
B02,2,2,26292
B01,0,1,26292
B01,1,1,26292
B05,3,3,26337
B04,2,3,26337
B14,2,3,26345
B13,2,3,26345
B04,3,3,26348
B03,2,3,26348
B03,3,3,26348
B02,1,2,26348
B02,2,2,26348
B01,0,1,26348
B01,1,1,26348
B19,2,3,26350
B19,3,3,26350
B18,1,2,26350
B18,2,2,26350
B17,2,3,26350
B17,3,3,26350
B16,1,2,26350
B16,2,2,26350
B15,0,1,26350
B15,1,1,26350
B14,1,3,26350
B13,3,3,26363
B12,1,2,26363
B12,2,2,26363
B11,1,2,26363
B11,2,2,26363
B10,1,2,26363
B10,2,2,26363
B09,2,3,26363
B09,3,3,26363
B08,1,2,26363
B08,2,2,26363
B07,0,1,26363
B07,1,1,26363
B06,1,2,26363
B06,2,2,26363
B05,2,3,26363
B05,3,3,26392
B04,2,3,26392
B04,3,3,26399
B03,2,3,26399
B03,3,3,26405
B02,1,2,26405
B02,2,2,26405
B01,0,1,26405
B01,1,1,26405
B14,2,3,26414
B13,2,3,26414
B19,2,3,26421
B19,3,3,26421
B18,1,2,26421
B18,2,2,26421
B17,2,3,26421
B17,3,3,26421
B16,1,2,26421
B16,2,2,26421
B15,0,1,26421
B15,1,1,26421
B14,1,3,26421
B13,3,3,26428
B12,1,2,26428
B14,2,3,26494
B13,2,3,26494
B13,3,3,26494
B12,0,2,26494
B19,2,3,26498
B19,3,3,26498
B18,1,2,26498
B18,2,2,26498
B17,2,3,26498
B17,3,3,26498
B16,1,2,26498
B16,2,2,26498
B15,0,1,26498
B15,1,1,26498
B14,1,3,26498
B12,1,2,26507
B11,1,2,26507
B11,2,2,26507
B10,1,2,26507
B10,2,2,26507
B09,2,3,26507
B09,3,3,26507
B08,1,2,26507
B08,2,2,26507
B07,0,1,26507
B07,1,1,26507
B06,1,2,26507
B06,2,2,26507
B05,2,3,26507
B05,3,3,26507
B04,2,3,26507
B04,3,3,26507
B03,2,3,26507
B03,3,3,26507
B02,1,2,26507
B02,2,2,26507
B01,0,1,26507
B01,1,1,26507
B14,2,3,26562
B13,2,3,26562
B13,3,3,26562
B12,0,2,26562
B12,1,2,26573
B11,1,2,26573
B11,2,2,26573
B10,1,2,26573
B10,2,2,26579
B09,2,3,26579
B09,3,3,26579
B08,1,2,26579
B08,2,2,26579
B07,0,1,26579
B07,1,1,26579
B06,1,2,26579
B06,2,2,26579
B05,2,3,26579
B05,3,3,26579
B04,2,3,26579
B04,3,3,26579
B03,2,3,26579
B03,3,3,26579
B02,1,2,26579
B02,2,2,26579
B01,0,1,26579
B01,1,1,26579
B19,2,3,26587
B19,3,3,26587
B18,1,2,26587
B18,2,2,26587
B17,2,3,26587
B17,3,3,26587
B16,1,2,26587
B16,2,2,26587
B15,0,1,26587
B15,1,1,26587
B14,1,3,26587
B12,2,2,26625
B11,1,2,26625
B14,2,3,26632
B13,2,3,26632
B13,3,3,26632
B12,1,2,26632
B11,2,2,26637
B10,1,2,26637
B10,2,2,26640
B09,2,3,26640
B09,3,3,26640
B08,1,2,26640
B08,2,2,26641
B07,0,1,26641
B07,1,1,26641
B06,1,2,26641
B06,2,2,26641
B05,2,3,26641
B05,3,3,26641
B04,2,3,26641
B04,3,3,26641
B03,2,3,26641
B03,3,3,26641
B02,1,2,26641
B02,2,2,26641
B01,0,1,26641
B01,1,1,26641
B19,2,3,26674
B19,3,3,26674
B18,1,2,26674
B18,2,2,26674
B17,2,3,26674
B17,3,3,26674
B16,1,2,26674
B16,2,2,26674
B15,0,1,26674
B15,1,1,26674
B14,1,3,26674
B12,2,2,26686
B11,1,2,26686
B11,2,2,26690
B10,1,2,26690
B10,2,2,26701
B09,2,3,26701
B09,3,3,26701
B08,1,2,26701
B08,2,2,26701
B07,0,1,26701
B07,1,1,26701
B06,1,2,26701
B06,2,2,26701
B05,2,3,26701
B05,3,3,26701
B04,2,3,26701
B04,3,3,26701
B03,2,3,26701
B03,3,3,26701
B02,1,2,26701
B02,2,2,26701
B01,0,1,26701
B01,1,1,26701
B14,2,3,26704
B13,2,3,26704
B13,3,3,26704
B12,1,2,26704
B12,2,2,26743
B11,1,2,26743
B11,2,2,26743
B10,1,2,26743
B19,2,3,26752
B19,3,3,26752
B18,1,2,26752
B18,2,2,26752
B17,2,3,26752
B17,3,3,26752
B16,1,2,26752
B16,2,2,26752
B15,0,1,26752
B15,1,1,26752
B14,1,3,26752
B10,2,2,26756
B09,2,3,26756
B09,3,3,26756
B08,1,2,26756
B08,2,2,26764
B07,0,1,26764
B07,1,1,26764
B06,1,2,26764
B06,2,2,26765
B05,2,3,26765
B05,3,3,26765
B04,2,3,26765
B04,3,3,26765
B03,2,3,26765
B03,3,3,26765
B02,1,2,26765
B02,2,2,26765
B01,0,1,26765
B01,1,1,26765
B14,2,3,26768
B13,2,3,26768
B13,3,3,26768
B12,1,2,26768
B12,2,2,26803
B11,1,2,26803
B11,2,2,26803
B10,1,2,26803
B10,2,2,26813
B09,2,3,26813
B09,3,3,26814
B08,1,2,26814
B08,2,2,26816
B07,0,1,26816
B07,1,1,26816
B06,1,2,26816
B06,2,2,26820
B05,2,3,26820
B05,3,3,26826
B04,2,3,26826
B04,3,3,26826
B03,2,3,26826
B03,3,3,26826
B02,1,2,26826
B02,2,2,26826
B01,0,1,26826
B01,1,1,26826
B14,3,3,26828
B13,2,3,26828
B13,3,3,26828
B12,1,2,26828
B19,2,3,26858
B19,3,3,26858
B18,1,2,26858
B18,2,2,26858
B17,2,3,26858
B17,3,3,26858
B16,1,2,26858
B16,2,2,26858
B15,0,1,26858
B15,1,1,26858
B14,2,3,26858
B12,2,2,26873
B11,1,2,26873
B11,2,2,26873
B10,1,2,26873
B10,2,2,26873
B09,2,3,26873
B09,3,3,26873
B08,1,2,26873
B08,2,2,26877
B07,0,1,26877
B07,1,1,26877
B06,1,2,26877
B06,2,2,26877
B05,2,3,26877
B05,3,3,26882
B04,2,3,26882
B04,3,3,26885
B03,2,3,26885
B03,3,3,26885
B02,1,2,26885
B02,2,2,26885
B01,0,1,26885
B01,1,1,26885
B14,3,3,26895
B13,2,3,26895
B13,3,3,26895
B12,1,2,26895
B19,2,3,26932
B19,3,3,26932
B18,1,2,26932
B18,2,2,26932
B17,2,3,26932
B17,3,3,26932
B16,1,2,26932
B16,2,2,26932
B15,0,1,26932
B15,1,1,26932
B14,2,3,26932
B12,2,2,26932
B11,1,2,26932
B11,2,2,26932
B10,1,2,26932
B10,2,2,26932
B09,2,3,26932
B09,3,3,26932
B08,1,2,26932
B08,2,2,26940
B07,0,1,26940
B07,1,1,26940
B06,1,2,26940
B06,2,2,26941
B05,2,3,26941
B05,3,3,26941
B04,2,3,26941
B04,3,3,26950
B03,2,3,26950
B03,3,3,26950
B02,1,2,26950
B02,2,2,26951
B01,0,1,26951
B01,1,1,26951
B14,3,3,26957
B13,2,3,26957
B13,3,3,26957
B12,1,2,26957
B12,2,2,26991
B11,1,2,26991
B11,2,2,26991
B10,1,2,26991
B10,2,2,26991
B09,2,3,26991
B09,3,3,26991
B08,1,2,26991
B08,2,2,26994
B07,0,1,26994
B07,1,1,27000
B06,1,2,27000
B06,2,2,27000
B05,2,3,27000
B19,2,3,27007
B19,3,3,27007
B18,1,2,27007
B18,2,2,27007
B17,2,3,27007
B17,3,3,27007
B16,1,2,27007
B16,2,2,27007
B15,0,1,27007
B15,1,1,27007
B14,2,3,27007
B05,3,3,27009
B04,2,3,27009
B04,3,3,27009
B03,2,3,27009
B03,3,3,27009
B02,1,2,27009
B02,2,2,27009
B01,0,1,27009
B01,1,1,27009
B14,3,3,27024
B13,2,3,27024
B13,3,3,27027
B12,1,2,27027
B12,2,2,27052
B11,1,2,27052
B11,2,2,27052
B10,1,2,27052
B10,2,2,27052
B09,2,3,27052
B09,3,3,27052
B08,1,2,27052
B08,2,2,27057
B07,0,1,27057
B07,1,1,27057
B06,1,2,27057
B06,2,2,27057
B05,2,3,27057
B05,3,3,27061
B04,2,3,27061
B04,3,3,27064
B03,2,3,27064
B03,3,3,27064
B02,1,2,27064
B02,2,2,27068
B01,0,1,27068
B01,1,1,27068
B19,2,3,27129
B19,3,3,27129
B18,1,2,27129
B18,2,2,27129
B17,2,3,27129
B17,3,3,27129
B16,1,2,27129
B16,2,2,27129
B15,0,1,27129
B15,1,1,27129
B14,2,3,27129
B14,3,3,27129
B13,2,3,27129
B13,3,3,27129
B12,1,2,27129
B12,2,2,27129
B11,1,2,27129
B11,2,2,27129
B10,1,2,27129
B10,2,2,27129
B09,2,3,27129
B09,3,3,27129
B08,1,2,27129
B08,2,2,27129
B07,0,1,27129
B07,1,1,27129
B06,1,2,27129
B06,2,2,27129
B05,2,3,27129
B05,3,3,27129
B04,2,3,27129
B04,3,3,27129
B03,2,3,27129
B03,3,3,27129
B02,1,2,27129
B02,2,2,27131
B01,0,1,27131
B01,1,1,27131
B19,2,3,27238
B19,3,3,27238
B18,1,2,27238
B18,2,2,27238
B17,2,3,27238
B17,3,3,27238
B16,1,2,27238
B16,2,2,27238
B15,0,1,27238
B15,1,1,27238
B14,2,3,27238
B14,3,3,27238
B13,2,3,27238
B13,3,3,27238
B12,1,2,27238
B12,2,2,27238
B11,1,2,27238
B11,2,2,27238
B10,1,2,27238
B10,2,2,27238
B09,2,3,27238
B09,3,3,27238
B08,1,2,27238
B08,2,2,27238
B07,0,1,27238
B07,1,1,27238
B06,1,2,27238
B06,2,2,27238
B05,2,3,27238
B05,3,3,27238
B04,2,3,27238
B04,3,3,27238
B03,2,3,27238
B03,3,3,27238
B02,1,2,27238
B02,2,2,27238
B01,0,1,27238
B01,1,1,27238
B19,2,3,27349
B19,3,3,27349
B18,1,2,27349
B18,2,2,27349
B17,2,3,27349
B17,3,3,27349
B16,1,2,27349
B16,2,2,27349
B15,0,1,27349
B15,1,1,27349
B14,2,3,27349
B14,3,3,27349
B13,2,3,27349
B13,3,3,27349
B12,1,2,27349
B12,2,2,27349
B11,1,2,27349
B11,2,2,27349
B10,1,2,27349
B10,2,2,27349
B09,2,3,27349
B09,3,3,27349
B08,1,2,27349
B08,2,2,27349
B07,0,1,27349
B07,1,1,27349
B06,1,2,27349
B06,2,2,27349
B05,2,3,27349
B05,3,3,27349
B04,2,3,27349
B04,3,3,27349
B03,2,3,27349
B03,3,3,27349
B02,1,2,27349
B02,2,2,27349
B01,0,1,27349
B01,1,1,27349
B19,2,3,27427
B19,3,3,27427
B18,1,2,27427
B18,2,2,27427
B17,2,3,27427
B17,3,3,27427
B16,1,2,27427
B16,2,2,27427
B15,0,1,27427
B15,1,1,27427
B14,2,3,27427
B14,3,3,27427
B13,2,3,27427
B13,3,3,27427
B12,1,2,27427
B12,2,2,27427
B11,1,2,27427
B11,2,2,27427
B10,1,2,27427
B10,2,2,27427
B09,2,3,27427
B09,3,3,27427
B08,1,2,27427
B08,2,2,27427
B07,0,1,27427
B07,1,1,27427
B06,1,2,27427
B06,2,2,27427
B05,2,3,27427
B05,3,3,27427
B04,2,3,27427
B04,3,3,27427
B03,2,3,27427
B03,3,3,27427
B02,1,2,27427
B02,2,2,27427
B01,0,1,27427
B01,1,1,27427
B19,2,3,27541
B19,3,3,27541
B18,1,2,27541
B18,2,2,27541
B17,2,3,27541
B17,3,3,27541
B16,1,2,27541
B16,2,2,27541
B15,0,1,27541
B15,1,1,27541
B14,2,3,27541
B19,2,3,27624
B19,3,3,27624
B18,1,2,27624
B18,2,2,27624
B17,2,3,27624
B17,3,3,27624
B16,1,2,27624
B16,2,2,27624
B15,0,1,27624
B15,1,1,27624
B14,1,3,27624
B19,2,3,27716
B19,3,3,27716
B18,1,2,27716
B18,2,2,27716
B17,2,3,27716
B17,3,3,27716
B16,1,2,27716
B16,2,2,27716
B15,0,1,27716
B15,1,1,27716
B14,0,3,27716
B14,1,3,27737
B13,2,3,27737
B13,3,3,27737
B12,1,2,27737
B12,2,2,27737
B11,1,2,27737
B11,2,2,27737
B10,1,2,27737
B10,2,2,27737
B09,2,3,27737
B09,3,3,27737
B08,1,2,27737
B08,2,2,27737
B07,0,1,27737
B07,1,1,27737
B06,1,2,27737
B06,2,2,27737
B05,2,3,27737
B05,3,3,27737
B04,2,3,27737
B04,3,3,27737
B03,2,3,27737
B03,3,3,27737
B02,1,2,27737
B02,2,2,27737
B01,0,1,27737
B01,1,1,27737
B14,2,3,27799
B13,2,3,27799
B13,3,3,27799
B12,1,2,27799
B12,2,2,27799
B11,1,2,27799
B11,2,2,27799
B10,1,2,27799
B10,2,2,27799
B09,2,3,27799
B09,3,3,27799
B08,1,2,27799
B08,2,2,27799
B07,0,1,27799
B07,1,1,27799
B06,1,2,27799
B06,2,2,27799
B05,2,3,27799
B05,3,3,27799
B04,2,3,27799
B04,3,3,27799
B03,2,3,27799
B03,3,3,27799
B02,1,2,27799
B02,2,2,27802
B01,0,1,27802
B01,1,1,27802
B19,2,3,27811
B19,3,3,27811
B18,1,2,27811
B18,2,2,27811
B17,2,3,27811
B17,3,3,27811
B16,1,2,27811
B16,2,2,27811
B15,0,1,27811
B15,1,1,27811
B14,1,3,27811
B14,2,3,27864
B13,2,3,27864
B13,3,3,27864
B12,1,2,27864
B12,2,2,27864
B11,1,2,27864
B11,2,2,27864
B10,1,2,27864
B10,2,2,27867
B09,2,3,27867
B09,3,3,27867
B08,1,2,27867
B08,2,2,27867
B07,0,1,27867
B07,1,1,27867
B06,1,2,27867
B06,2,2,27867
B05,2,3,27867
B05,3,3,27867
B04,2,3,27867
B04,3,3,27867
B03,2,3,27867
B03,3,3,27867
B02,1,2,27867
B02,2,2,27867
B01,0,1,27867
B01,1,1,27867
B19,2,3,27876
B19,3,3,27876
B18,1,2,27876
B18,2,2,27876
B17,2,3,27876
B17,3,3,27876
B16,1,2,27876
B16,2,2,27876
B15,0,1,27876
B15,1,1,27876
B14,1,3,27876
B14,2,3,27922
B13,2,3,27922
B13,3,3,27922
B12,1,2,27922
B12,2,2,27928
B11,1,2,27928
B11,2,2,27928
B10,1,2,27928
B10,2,2,27928
B09,2,3,27928
B09,3,3,27928
B08,1,2,27928
B08,2,2,27928
B07,0,1,27928
B07,1,1,27928
B06,1,2,27928
B06,2,2,27928
B05,2,3,27928
B05,3,3,27928
B04,2,3,27928
B04,3,3,27930
B03,2,3,27930
B03,3,3,27930
B02,1,2,27930
B02,2,2,27930
B01,0,1,27930
B01,1,1,27930
B19,2,3,27974
B19,3,3,27974
B18,1,2,27974
B18,2,2,27974
B17,2,3,27974
B17,3,3,27974
B16,1,2,27974
B16,2,2,27974
B15,0,1,27974
B15,1,1,27974
B14,1,3,27974
B14,2,3,27988
B13,2,3,27988
B13,3,3,27993
B12,1,2,27993
B12,2,2,27993
B11,1,2,27993
B11,2,2,27993
B10,1,2,27993
B10,2,2,27993
B09,2,3,27993
B09,3,3,27993
B08,1,2,27993
B08,2,2,27993
B07,0,1,27993
B07,1,1,27995
B06,1,2,27995
B06,2,2,27995
B05,2,3,27995
B05,3,3,27995
B04,2,3,27995
B04,3,3,27995
B03,2,3,27995
B03,3,3,27995
B02,1,2,27995
B02,2,2,27995
B01,0,1,27995
B01,1,1,28039
B14,3,3,28050
B13,2,3,28050
B13,3,3,28051
B12,1,2,28051
B12,2,2,28051
B11,1,2,28051
B11,2,2,28051
B10,1,2,28051
B10,2,2,28053
B09,2,3,28053
B09,3,3,28053
B08,1,2,28053
B08,2,2,28053
B07,0,1,28053
B07,1,1,28053
B06,1,2,28053
B06,2,2,28053
B05,2,3,28053
B05,3,3,28054
B04,2,3,28054
B04,3,3,28054
B03,2,3,28054
B03,3,3,28054
B02,1,2,28054
B02,2,2,28054
B01,0,1,28054
B19,2,3,28055
B19,3,3,28055
B18,1,2,28055
B18,2,2,28062
B17,2,3,28062
B17,3,3,28062
B16,1,2,28062
B16,2,2,28062
B15,0,1,28062
B15,1,1,28062
B14,2,3,28062
B01,1,1,28088
B14,3,3,28105
B13,2,3,28105
B13,3,3,28105
B12,1,2,28105
B12,2,2,28105
B11,1,2,28105
B11,2,2,28107
B10,1,2,28107
B10,2,2,28113
B09,2,3,28113
B09,3,3,28113
B08,1,2,28113
B08,2,2,28113
B07,0,1,28113
B07,1,1,28113
B06,1,2,28113
B06,2,2,28113
B05,2,3,28113
B05,3,3,28113
B04,2,3,28113
B04,3,3,28115
B03,2,3,28115
B03,3,3,28115
B02,1,2,28115
B02,2,2,28115
B01,0,1,28115
B19,2,3,28139
B19,3,3,28139
B18,1,2,28139
B18,2,2,28139
B17,2,3,28139
B17,3,3,28139
B16,1,2,28139
B16,2,2,28139
B15,0,1,28139
B15,1,1,28139
B14,2,3,28139
B01,1,1,28148
B14,3,3,28173
B13,2,3,28173
B13,3,3,28173
B12,1,2,28173
B12,2,2,28178
B11,1,2,28178
B11,2,2,28178
B10,1,2,28178
B10,2,2,28178
B09,2,3,28178
B09,3,3,28178
B08,1,2,28178
B08,2,2,28178
B07,0,1,28178
B07,1,1,28178
B06,1,2,28178
B06,2,2,28178
B05,2,3,28178
B05,3,3,28178
B04,2,3,28178
B04,3,3,28178
B03,2,3,28178
B03,3,3,28178
B02,1,2,28178
B02,2,2,28178
B01,0,1,28178
B01,1,1,28205
B19,2,3,28225
B19,3,3,28225
B18,1,2,28225
B18,2,2,28225
B17,2,3,28225
B17,3,3,28225
B16,1,2,28225
B16,2,2,28225
B15,0,1,28225
B15,1,1,28225
B14,2,3,28225
B14,3,3,28235
B13,2,3,28235
B13,3,3,28235
B12,1,2,28235
B12,2,2,28239
B11,1,2,28239
B11,2,2,28239
B10,1,2,28239
B10,2,2,28239
B09,2,3,28239
B09,3,3,28239
B08,1,2,28239
B08,2,2,28239
B07,0,1,28239
B07,1,1,28239
B06,1,2,28239
B06,2,2,28239
B05,2,3,28239
B05,3,3,28239
B04,2,3,28239
B04,3,3,28239
B03,2,3,28239
B03,3,3,28239
B02,1,2,28239
B02,2,2,28239
B01,0,1,28239
B01,1,1,28264
B19,2,3,28304
B19,3,3,28304
B18,1,2,28304
B18,2,2,28304
B17,2,3,28304
B17,3,3,28304
B16,1,2,28304
B16,2,2,28304
B15,0,1,28304
B15,1,1,28304
B14,2,3,28304
B14,3,3,28304
B13,2,3,28304
B13,3,3,28304
B12,1,2,28304
B12,2,2,28304
B11,1,2,28304
B11,2,2,28304
B10,1,2,28304
B10,2,2,28304
B09,2,3,28304
B09,3,3,28304
B08,1,2,28304
B08,2,2,28304
B07,0,1,28304
B07,1,1,28304
B06,1,2,28304
B06,2,2,28304
B05,2,3,28304
B05,3,3,28304
B04,2,3,28304
B04,3,3,28304
B03,2,3,28304
B03,3,3,28304
B02,1,2,28304
B02,2,2,28304
B01,0,1,28304
B01,1,1,28318
B19,2,3,28383
B19,3,3,28383
B18,1,2,28383
B18,2,2,28383
B17,2,3,28383
B17,3,3,28383
B16,1,2,28383
B16,2,2,28383
B15,0,1,28383
B15,1,1,28383
B14,2,3,28383
B14,3,3,28383
B13,2,3,28383
B13,3,3,28383
B12,1,2,28383
B12,2,2,28383
B11,1,2,28383
B11,2,2,28383
B10,1,2,28383
B10,2,2,28383
B09,2,3,28383
B09,3,3,28383
B08,1,2,28383
B08,2,2,28383
B07,0,1,28383
B07,1,1,28383
B06,1,2,28383
B06,2,2,28383
B05,2,3,28383
B05,3,3,28383
B04,2,3,28383
B04,3,3,28383
B03,2,3,28383
B03,3,3,28383
B02,1,2,28383
B02,2,2,28383
B01,0,1,28383
B01,1,1,28383
B19,2,3,28468
B19,3,3,28468
B18,1,2,28468
B18,2,2,28468
B17,2,3,28468
B17,3,3,28468
B16,1,2,28468
B16,2,2,28468
B15,0,1,28468
B15,1,1,28468
B14,2,3,28468
B14,3,3,28468
B13,2,3,28468
B13,3,3,28468
B12,1,2,28468
B12,2,2,28468
B11,1,2,28468
B11,2,2,28468
B10,1,2,28468
B10,2,2,28468
B09,2,3,28468
B09,3,3,28468
B08,1,2,28468
B08,2,2,28468
B07,0,1,28468
B07,1,1,28468
B06,1,2,28468
B06,2,2,28468
B05,2,3,28468
B05,3,3,28468
B04,2,3,28468
B04,3,3,28468
B03,2,3,28468
B03,3,3,28468
B02,1,2,28468
B02,2,2,28468
B01,0,1,28468
B01,1,1,28468
B19,2,3,28560
B19,3,3,28560
B18,1,2,28560
B18,2,2,28560
B17,2,3,28560
B17,3,3,28560
B16,1,2,28560
B16,2,2,28560
B15,0,1,28560
B15,1,1,28560
B14,2,3,28560
B14,3,3,28560
B13,2,3,28560
B13,3,3,28560
B12,1,2,28560
B12,2,2,28560
B11,1,2,28560
B11,2,2,28560
B10,1,2,28560
B10,2,2,28560
B09,2,3,28560
B09,3,3,28560
B08,1,2,28560
B08,2,2,28560
B07,0,1,28560
B07,1,1,28560
B06,1,2,28560
B06,2,2,28560
B05,2,3,28560
B05,3,3,28560
B04,2,3,28560
B04,3,3,28560
B03,2,3,28560
B03,3,3,28560
B02,1,2,28560
B02,2,2,28560
B01,0,1,28560
B01,1,1,28560
B19,2,3,28646
B19,3,3,28646
B18,1,2,28646
B18,2,2,28646
B17,2,3,28646
B17,3,3,28646
B16,1,2,28646
B16,2,2,28646
B15,0,1,28646
B15,1,1,28646
B14,2,3,28646
B14,3,3,28646
B13,2,3,28646
B13,3,3,28646
B12,1,2,28646
B12,2,2,28646
B11,1,2,28646
B11,2,2,28646
B10,1,2,28646
B10,2,2,28646
B09,2,3,28646
B09,3,3,28646
B08,1,2,28646
B08,2,2,28646
B07,0,1,28646
B07,1,1,28646
B06,1,2,28646
B06,2,2,28646
B05,2,3,28646
B05,3,3,28646
B04,2,3,28646
B04,3,3,28646
B03,2,3,28646
B03,3,3,28646
B02,1,2,28646
B02,2,2,28646
B01,0,1,28646
B01,1,1,28646
B19,2,3,28730
B19,3,3,28730
B18,1,2,28730
B18,2,2,28730
B17,2,3,28730
B17,3,3,28730
B16,1,2,28730
B16,2,2,28730
B15,0,1,28730
B15,1,1,28730
B14,2,3,28730
B14,3,3,28730
B13,2,3,28730
B13,3,3,28730
B12,1,2,28730
B12,2,2,28730
B11,1,2,28730
B11,2,2,28730
B10,1,2,28730
B10,2,2,28730
B09,2,3,28730
B09,3,3,28730
B08,1,2,28730
B08,2,2,28730
B07,0,1,28730
B07,1,1,28730
B06,1,2,28730
B06,2,2,28730
B05,2,3,28730
B05,3,3,28730
B04,2,3,28730
B04,3,3,28730
B03,2,3,28730
B03,3,3,28730
B02,1,2,28730
B02,2,2,28730
B01,0,1,28730
B01,1,1,28730
