station_id,state,t_s
S20,starved,-2.058396708206806
S19,starved,2.609399724929532
S18,starved,-2.2840421591474023
S17,starved,2.8628592071014216
S16,starved,-2.7878420024255206
S13,starved,-2.9069113201626036
S12,starved,1.226974598344997
S11,starved,0.949857930325757
S09,starved,0.28341792754197925
S08,starved,-0.33615799669348867
S07,starved,-1.1766303197643782
S06,starved,-0.686136665780662
S05,starved,-2.0122486698913615
S04,starved,-0.12479232919477123
S03,starved,-1.88686774469047
S02,starved,-0.8658670128251966
S01,working,0.5970176258893862
S02,working,61.1341329871748
S02,starved,111.13413298717481
S03,working,113.11313225530952
S02,working,114.13413298717481
S02,starved,164.1341329871748
S02,working,167.1341329871748
S04,working,173.87520767080522
S03,starved,217.11313225530952
S05,working,224.98775133010864
S03,working,225.11313225530952
S05,starved,271.98775133010867
S06,working,278.3138633342193
S03,starved,277.11313225530955
S03,working,284.11313225530955
S06,starved,328.3138633342193
S05,working,331.98775133010867
S07,working,333.8233696802356
S03,starved,338.11313225530955
S03,working,343.11313225530955
S05,starved,380.98775133010867
S06,working,385.3138633342193
S07,starved,389.8233696802356
S05,working,391.98775133010867
S08,working,396.6638420033065
S03,starved,397.11313225530955
S03,working,399.11313225530955
S06,starved,432.3138633342193
S07,working,438.8233696802356
S02,starved,449.1341329871748
S02,working,451.1341329871748
S08,starved,452.6638420033065
S09,working,456.28341792754196
S06,working,463.3138633342193
S07,starved,503.8233696802356
S09,starved,506.28341792754196
S03,starved,504.11313225530955
S08,working,510.6638420033065
S06,starved,511.3138633342193
S03,working,510.11313225530955
S06,working,517.3138633342194
S07,working,517.8233696802356
S08,starved,561.6638420033065
S06,starved,563.3138633342194
S09,working,565.283417927542
S05,starved,567.9877513301086
S06,working,574.3138633342194
S08,working,577.6638420033065
S05,working,575.9877513301086
S11,working,583.9498579303257
S06,starved,618.3138633342194
S09,starved,623.283417927542
S08,starved,628.6638420033065
S09,working,631.283417927542
S11,starved,639.9498579303257
S08,working,639.6638420033065
S05,starved,641.9877513301086
S12,working,646.226974598345
S05,working,642.9877513301086
S06,working,647.3138633342194
S09,starved,684.283417927542
S07,starved,684.8233696802356
S08,starved,687.6638420033065
S11,working,690.9498579303257
S09,working,691.283417927542
S06,starved,690.3138633342194
S08,working,691.6638420033065
S05,starved,691.9877513301086
S07,working,694.8233696802356
S06,working,699.3138633342194
S05,working,697.9877513301086
S12,starved,710.226974598345
S13,working,711.0930886798374
S09,starved,741.283417927542
S11,starved,748.9498579303257
S06,starved,749.3138633342194
S11,working,751.9498579303257
S12,working,754.226974598345
S07,starved,752.8233696802356
S07,working,753.8233696802356
S08,starved,755.6638420033065
S09,working,758.283417927542
S08,working,757.6638420033065
S13,starved,757.0930886798374
S06,working,762.3138633342194
S11,starved,803.9498579303257
S07,starved,809.8233696802356
S11,working,812.9498579303257
S13,working,810.0930886798374
S09,starved,814.283417927542
S08,starved,814.6638420033065
S09,working,817.283417927542
S08,working,816.6638420033065
S06,starved,820.3138633342194
S06,working,821.3138633342194
S07,working,826.8233696802356
S12,starved,864.226974598345
S06,starved,862.3138633342194
S11,starved,865.9498579303257
S09,starved,868.283417927542
S12,working,872.226974598345
S11,working,872.9498579303257
S06,working,884.3138633342194
S08,starved,885.6638420033065
S09,working,888.283417927542
S08,working,903.6638420033065
S16,working,905.2121579975744
S13,starved,918.0930886798374
S12,starved,933.226974598345
S13,working,933.0930886798374
S06,starved,936.3138633342194
S09,starved,944.283417927542
S12,working,947.226974598345
S06,working,948.3138633342194
S07,down,950.8233696802356
S09,working,963.283417927542
S16,starved,961.2121579975744
S17,working,969.8628592071015
S13,starved,986.0930886798374
S11,starved,990.9498579303257
S16,working,1007.2121579975744
S11,working,1010.9498579303257
S13,working,1008.0930886798374
S17,starved,1017.8628592071015
S09,starved,1016.283417927542
S18,working,1016.7159578408526
S08,starved,1025.6638420033064
S09,working,1028.283417927542
S06,starved,1051.3138633342194
S13,starved,1054.0930886798374
S03,starved,1055.1131322553094
S06,working,1059.3138633342194
S03,working,1059.1131322553094
S16,starved,1060.2121579975744
S12,starved,1064.226974598345
S17,working,1068.8628592071013
S13,working,1063.0930886798374
S16,working,1070.2121579975744
S18,starved,1071.7159578408525
S09,starved,1074.283417927542
S11,starved,1076.9498579303258
S19,working,1080.6093997249295
S12,working,1084.226974598345
S11,working,1084.9498579303258
S06,blocked,1109.3138633342194
S17,starved,1113.8628592071013
S03,starved,1109.1131322553094
S03,working,1112.1131322553094
S18,working,1113.7159578408525
S16,starved,1119.2121579975744
S17,working,1126.8628592071013
S13,starved,1123.0930886798374
S19,starved,1132.6093997249295
S16,working,1130.2121579975744
S11,starved,1133.9498579303258
S20,working,1132.9416032917932
S12,starved,1140.226974598345
S12,working,1142.226974598345
S13,working,1139.0930886798374
S11,working,1147.9498579303258
S03,starved,1165.1131322553094
S18,starved,1167.7159578408525
S03,working,1168.1131322553094
S17,starved,1173.8628592071013
S19,working,1176.6093997249295
S18,working,1173.7159578408525
S13,starved,1180.0930886798374
S20,starved,1183.9416032917932
S16,starved,1188.2121579975744
S17,working,1195.8628592071013
S12,starved,1201.226974598345
S11,starved,1200.9498579303258
S16,working,1200.2121579975744
S13,working,1200.0930886798374
S12,working,1206.226974598345
S03,starved,1221.1131322553094
S19,starved,1226.6093997249295
S20,working,1225.9416032917932
S18,starved,1225.7159578408525
S03,working,1227.1131322553094
S19,working,1235.6093997249295
S17,starved,1242.8628592071013
S18,working,1242.7159578408525
S12,starved,1256.226974598345
S13,starved,1253.0930886798374
S13,working,1255.0930886798374
S16,starved,1261.2121579975744
S07,working,1262.8233696802356
S16,working,1262.2121579975744
S17,working,1269.8628592071013
S03,starved,1278.1131322553094
S20,starved,1280.9416032917932
S03,working,1282.1131322553094
S19,starved,1294.6093997249295
S20,working,1294.9416032917932
S05,blocked,1294.9877513301087
S18,starved,1299.7159578408525
S13,starved,1299.0930886798374
S06,working,1302.3138633342194
S05,working,1300.9877513301087
S19,working,1307.6093997249295
S08,working,1307.6638420033064
S16,starved,1312.2121579975744
S18,working,1325.7159578408525
S16,working,1329.2121579975744
S03,starved,1334.1131322553094
S03,working,1345.1131322553094
S20,starved,1349.9416032917932
S05,blocked,1356.9877513301087
S19,starved,1363.6093997249295
S20,working,1362.9416032917932
S05,working,1363.9877513301087
S09,working,1378.283417927542
S18,starved,1377.7159578408525
S19,working,1386.6093997249295
S17,starved,1386.8628592071013
S16,starved,1386.2121579975744
S18,working,1388.7159578408525
S16,working,1388.2121579975744
S17,working,1394.8628592071013
S03,starved,1400.1131322553094
S03,working,1403.1131322553094
S06,blocked,1406.3138633342194
S20,starved,1419.9416032917932
S06,working,1421.3138633342194
S09,starved,1435.283417927542
S19,starved,1438.6093997249295
S18,starved,1434.7159578408525
S20,working,1437.9416032917932
S19,working,1442.6093997249295
S09,working,1441.283417927542
S16,starved,1439.2121579975744
S18,working,1448.7159578408525
S16,working,1449.2121579975744
S03,starved,1455.1131322553094
S03,working,1461.1131322553094
S19,starved,1491.6093997249295
S20,starved,1487.9416032917932
S20,working,1490.9416032917932
S17,starved,1498.8628592071013
S16,starved,1499.2121579975744
S11,working,1504.9498579303258
S17,working,1507.8628592071013
S19,working,1517.6093997249295
S03,starved,1516.1131322553094
S03,working,1518.1131322553094
S04,down,1520.8752076708051
S06,blocked,1521.3138633342194
S06,working,1527.3138633342194
S20,starved,1534.9416032917932
S17,starved,1561.8628592071013
S05,starved,1557.9877513301087
S19,starved,1565.6093997249295
S20,working,1564.9416032917932
S19,working,1576.6093997249295
S06,blocked,1575.3138633342194
S03,blocked,1574.1131322553094
S06,working,1581.3138633342194
S09,starved,1595.283417927542
S20,starved,1614.9416032917932
S09,working,1621.283417927542
S19,starved,1627.6093997249295
S18,starved,1622.7159578408525
S19,working,1631.6093997249295
S20,working,1627.9416032917932
S12,working,1647.226974598345
S09,starved,1671.283417927542
S02,blocked,1677.1341329871748
S09,working,1680.283417927542
S20,starved,1680.9416032917932
S19,starved,1695.6093997249295
S20,working,1695.9416032917932
S13,working,1695.0930886798374
S01,blocked,1698.5970176258893
S09,starved,1739.283417927542
S13,starved,1742.0930886798374
S09,working,1746.283417927542
S13,working,1751.0930886798374
S06,starved,1753.3138633342194
S20,starved,1759.9416032917932
S09,starved,1793.283417927542
S09,working,1798.283417927542
S13,starved,1856.0930886798374
S13,working,1862.0930886798374
S16,working,1874.2121579975744
S04,working,1891.8752076708051
S03,working,1892.1131322553094
S02,working,1893.1341329871748
S01,working,1894.5970176258893
S05,working,1894.9877513301087
S07,blocked,1896.8233696802356
S07,starved,1898.8233696802356
S13,starved,1910.0930886798374
S13,working,1919.0930886798374
S16,starved,1929.2121579975744
S17,working,1937.8628592071013
S16,working,1939.2121579975744
S01,blocked,1947.5970176258893
S01,working,1955.5970176258893
S06,working,1961.3138633342194
S13,starved,1978.0930886798374
S13,working,1984.0930886798374
S17,starved,1991.8628592071013
S18,working,1991.7159578408525
S16,starved,1993.2121579975744
S17,working,2001.8628592071013
S03,blocked,2003.1131322553094
S02,blocked,2008.1341329871748
S05,starved,2007.9877513301087
S03,working,2008.1131322553094
S02,working,2009.1341329871748
S16,working,2009.2121579975744
S05,working,2010.9877513301087
S08,starved,2021.6638420033064
S09,starved,2024.283417927542
S07,working,2022.8233696802356
S09,working,2025.283417927542
S13,starved,2027.0930886798374
S17,starved,2050.8628592071013
S13,working,2048.0930886798374
S19,working,2059.6093997249295
S02,blocked,2059.134132987175
S03,blocked,2061.1131322553097
S05,starved,2062.9877513301085
S06,starved,2065.313863334219
S16,starved,2065.2121579975746
S01,blocked,2069.5970176258893
S06,working,2069.313863334219
S17,working,2073.8628592071013
S03,working,2069.1131322553097
S02,working,2070.134132987175
S01,working,2071.5970176258893
S09,starved,2074.283417927542
S05,working,2071.9877513301085
S16,working,2072.2121579975746
S08,working,2089.6638420033064
S18,starved,2102.7159578408528
S17,starved,2112.8628592071013
S02,blocked,2112.134132987175
S18,working,2111.7159578408528
S20,working,2114.9416032917934
S06,starved,2120.313863334219
S02,working,2126.134132987175
S16,starved,2129.2121579975746
S17,working,2137.8628592071013
S06,working,2137.313863334219
S16,working,2143.2121579975746
S09,working,2149.283417927542
S13,starved,2150.0930886798374
S11,starved,2154.949857930326
S11,working,2158.949857930326
S18,starved,2160.7159578408528
S13,working,2167.0930886798374
S20,starved,2174.9416032917934
S03,blocked,2177.1131322553097
S17,starved,2183.8628592071013
S06,starved,2181.313863334219
S20,working,2180.9416032917934
S02,blocked,2184.134132987175
S18,working,2183.7159578408528
S03,working,2184.1131322553097
S02,working,2185.134132987175
S11,starved,2195.949857930326
S06,working,2194.313863334219
S09,starved,2196.283417927542
S17,working,2209.8628592071013
S09,working,2207.283417927542
S20,starved,2224.9416032917934
S03,blocked,2230.1131322553097
S19,starved,2238.6093997249295
S18,starved,2233.7159578408528
S19,working,2242.6093997249295
S02,blocked,2239.134132987175
S20,working,2238.9416032917934
S05,starved,2239.9877513301085
S03,working,2244.1131322553097
S02,working,2245.134132987175
S07,starved,2247.823369680236
S05,working,2246.9877513301085
S09,starved,2251.283417927542
S17,starved,2254.8628592071013
S07,working,2250.823369680236
S16,starved,2250.2121579975746
S18,working,2254.7159578408528
S17,working,2259.8628592071013
S09,working,2263.283417927542
S11,working,2267.949857930326
S16,working,2265.2121579975746
S19,starved,2295.6093997249295
S03,blocked,2297.1131322553097
S05,starved,2298.9877513301085
S06,starved,2301.313863334219
S07,starved,2304.823369680236
S18,starved,2304.7159578408528
S07,working,2306.823369680236
S06,working,2308.313863334219
S19,working,2313.6093997249295
S01,blocked,2311.5970176258893
S03,working,2310.1131322553097
S01,working,2312.5970176258893
S05,working,2311.9877513301085
S17,starved,2318.8628592071013
S11,starved,2319.949857930326
S16,starved,2317.2121579975746
S18,working,2318.7159578408528
S11,working,2321.949857930326
S17,working,2325.8628592071013
S16,working,2335.2121579975746
S07,starved,2349.823369680236
S20,starved,2351.9416032917934
S03,blocked,2359.1131322553097
S11,starved,2362.949857930326
S02,blocked,2362.134132987175
S06,starved,2367.313863334219
S19,starved,2371.6093997249295
S03,working,2368.1131322553097
S02,working,2369.134132987175
S17,starved,2373.8628592071013
S05,starved,2369.9877513301085
S20,working,2370.9416032917934
S09,starved,2373.283417927542
S05,working,2370.9877513301085
S07,working,2373.823369680236
S06,working,2375.313863334219
S09,working,2381.283417927542
S19,working,2385.6093997249295
S11,working,2389.949857930326
S16,starved,2391.2121579975746
S17,working,2399.8628592071013
S16,working,2399.2121579975746
S07,starved,2417.823369680236
S06,starved,2419.313863334219
S05,starved,2420.9877513301085
S02,blocked,2422.134132987175
S03,blocked,2422.1131322553097
S07,working,2423.823369680236
S01,blocked,2425.5970176258893
S06,working,2427.313863334219
S09,starved,2430.283417927542
S18,starved,2428.7159578408528
S03,working,2429.1131322553097
S02,working,2430.134132987175
S01,working,2431.5970176258893
S19,starved,2434.6093997249295
S20,starved,2430.9416032917934
S05,working,2431.9877513301085
S20,working,2432.9416032917934
S19,working,2438.6093997249295
S09,working,2444.283417927542
S17,starved,2456.8628592071013
S18,working,2456.7159578408528
S16,starved,2460.2121579975746
S17,working,2468.8628592071013
S16,working,2466.2121579975746
S07,starved,2478.823369680236
S06,starved,2485.313863334219
S03,blocked,2486.1131322553097
S02,blocked,2487.134132987175
S03,working,2489.1131322553097
S02,working,2490.134132987175
S07,working,2492.823369680236
S20,starved,2494.9416032917934
S09,starved,2498.283417927542
S06,working,2497.313863334219
S09,working,2507.283417927542
S19,starved,2511.6093997249295
S18,starved,2508.7159578408528
S20,working,2511.9416032917934
S19,working,2517.6093997249295
S16,starved,2513.2121579975746
S16,working,2520.2121579975746
S18,working,2522.7159578408528
S03,blocked,2544.1131322553097
S01,blocked,2547.5970176258893
S05,starved,2548.9877513301085
S11,starved,2552.949857930326
S06,starved,2551.313863334219
S03,working,2551.1131322553097
S01,working,2554.5970176258893
S07,starved,2553.823369680236
S05,working,2553.9877513301085
S06,working,2556.313863334219
S09,starved,2558.283417927542
S07,working,2557.823369680236
S11,working,2560.949857930326
S20,starved,2562.9416032917934
S09,working,2570.283417927542
S19,starved,2579.6093997249295
S17,starved,2581.8628592071013
S20,working,2577.9416032917934
S18,starved,2577.7159578408528
S18,working,2581.7159578408528
S19,working,2587.6093997249295
S17,working,2590.8628592071013
S03,blocked,2600.1131322553097
S07,starved,2606.823369680236
S06,starved,2607.313863334219
S11,starved,2609.949857930326
S03,working,2609.1131322553097
S05,starved,2610.9877513301085
S07,working,2612.823369680236
S05,working,2612.9877513301085
S09,starved,2619.283417927542
S06,working,2618.313863334219
S11,working,2620.949857930326
S19,starved,2635.6093997249295
S18,starved,2630.7159578408528
S16,starved,2630.2121579975746
S19,working,2639.6093997249295
S09,working,2639.283417927542
S18,working,2640.7159578408528
S16,working,2641.2121579975746
S02,blocked,2656.134132987175
S03,blocked,2660.1131322553097
S03,working,2664.1131322553097
S02,working,2665.134132987175
S11,starved,2667.949857930326
S07,starved,2670.823369680236
S06,starved,2673.313863334219
S06,working,2675.313863334219
S07,working,2677.823369680236
S11,working,2685.949857930326
S17,starved,2688.8628592071013
S19,starved,2692.6093997249295
S16,starved,2692.2121579975746
S17,working,2700.8628592071013
S19,working,2702.6093997249295
S16,working,2698.2121579975746
S06,starved,2720.313863334219
S02,blocked,2720.134132987175
S03,blocked,2720.1131322553097
S03,working,2722.1131322553097
S02,working,2723.134132987175
S08,starved,2734.6638420033064
S12,starved,2738.226974598345
S06,working,2736.313863334219
S08,working,2738.6638420033064
S17,starved,2742.8628592071013
S11,starved,2749.949857930326
S12,working,2755.226974598345
S16,starved,2756.2121579975746
S17,working,2764.8628592071013
S20,starved,2760.9416032917934
S20,working,2762.9416032917934
S16,working,2769.2121579975746
S11,working,2774.949857930326
S03,blocked,2778.1131322553097
S01,blocked,2780.5970176258893
S02,blocked,2783.134132987175
S05,starved,2784.9877513301085
S03,working,2785.1131322553097
S02,working,2786.134132987175
S01,working,2787.5970176258893
S06,starved,2789.313863334219
S05,working,2788.9877513301085
S06,working,2791.313863334219
S09,starved,2797.283417927542
S08,starved,2797.6638420033064
S18,starved,2796.7159578408528
S09,working,2800.283417927542
S17,starved,2810.8628592071013
S13,starved,2807.0930886798374
S18,working,2810.7159578408528
S12,starved,2814.226974598345
S13,working,2814.0930886798374
S20,starved,2815.9416032917934
S11,starved,2821.949857930326
S20,working,2819.9416032917934
S11,working,2824.949857930326
S16,starved,2824.2121579975746
S12,working,2828.226974598345
S17,working,2832.8628592071013
S16,working,2831.2121579975746
S03,blocked,2833.1131322553097
S02,blocked,2837.134132987175
S01,blocked,2844.5970176258893
S05,starved,2842.9877513301085
S03,working,2843.1131322553097
S02,working,2844.134132987175
S01,working,2845.5970176258893
S09,starved,2847.283417927542
S08,working,2847.6638420033064
S05,working,2845.9877513301085
S13,starved,2858.0930886798374
S19,starved,2866.6093997249295
S18,starved,2864.7159578408528
S19,working,2873.6093997249295
S11,starved,2872.949857930326
S17,starved,2880.8628592071013
S18,working,2880.7159578408528
S11,working,2885.949857930326
S03,blocked,2888.1131322553097
S02,blocked,2891.134132987175
S16,starved,2891.2121579975746
S17,working,2899.8628592071013
S13,working,2898.0930886798374
S16,working,2900.2121579975746
S08,starved,2902.6638420033064
S09,working,2905.283417927542
S01,blocked,2906.5970176258893
S05,starved,2905.9877513301085
S06,starved,2909.313863334219
S08,working,2912.6638420033064
S03,working,2911.1131322553097
S02,working,2912.134132987175
S01,working,2913.5970176258893
S06,working,2913.313863334219
S05,working,2913.9877513301085
S20,starved,2919.9416032917934
S19,starved,2926.6093997249295
S20,working,2925.9416032917934
S17,starved,2950.8628592071013
S16,starved,2947.2121579975746
S13,starved,2948.0930886798374
S17,working,2955.8628592071013
S09,starved,2954.283417927542
S19,working,2958.6093997249295
S13,working,2953.0930886798374
S06,starved,2961.313863334219
S16,working,2962.2121579975746
S09,working,2965.283417927542
S01,blocked,2976.5970176258893
S20,starved,2974.9416032917934
S06,working,2976.313863334219
S01,working,2981.5970176258893
S11,starved,2993.949857930326
S17,starved,3011.8628592071013
S19,starved,3013.6093997249295
S13,starved,3009.0930886798374
S13,working,3011.0930886798374
S20,working,3013.9416032917934
S09,starved,3017.283417927542
S11,working,3020.949857930326
S17,working,3025.8628592071013
S03,blocked,3021.1131322553097
S09,working,3024.283417927542
S06,starved,3026.313863334219
S05,starved,3025.9877513301085
S03,working,3028.1131322553097
S06,working,3031.313863334219
S05,working,3030.9877513301085
S19,working,3059.6093997249295
S11,starved,3063.949857930326
S12,starved,3065.226974598345
S12,working,3071.226974598345
S20,starved,3068.9416032917934
S16,starved,3070.2121579975746
S17,starved,3077.8628592071013
S16,working,3072.2121579975746
S09,starved,3075.283417927542
S17,working,3078.8628592071013
S06,starved,3081.313863334219
S03,blocked,3080.1131322553097
S09,working,3084.283417927542
S05,starved,3082.9877513301085
S02,blocked,3087.134132987175
S06,working,3089.313863334219
S11,working,3091.949857930326
S01,blocked,3091.5970176258893
S03,working,3091.1131322553097
S02,working,3092.134132987175
S01,working,3093.5970176258893
S05,working,3093.9877513301085
S19,starved,3107.6093997249295
S19,working,3110.6093997249295
S20,working,3107.9416032917934
S16,starved,3117.2121579975746
S12,starved,3130.226974598345
S08,starved,3131.6638420033064
S16,working,3133.2121579975746
S08,working,3139.6638420033064
S11,starved,3141.949857930326
S06,starved,3141.313863334219
S03,blocked,3143.1131322553097
S05,starved,3143.9877513301085
S12,working,3148.226974598345
S11,working,3147.949857930326
S02,blocked,3147.134132987175
S03,working,3148.1131322553097
S02,working,3149.134132987175
S06,working,3150.313863334219
S05,working,3150.9877513301085
S19,starved,3157.6093997249295
S19,working,3161.6093997249295
S17,starved,3175.8628592071013
S13,starved,3182.0930886798374
S09,starved,3186.283417927542
S16,starved,3192.2121579975746
S09,working,3195.283417927542
S17,working,3199.8628592071013
S02,blocked,3198.134132987175
S06,starved,3199.313863334219
S05,starved,3200.9877513301085
S01,blocked,3204.5970176258893
S02,working,3204.134132987175
S01,working,3205.5970176258893
S16,working,3204.2121579975746
S12,starved,3208.226974598345
S05,working,3205.9877513301085
S06,working,3208.313863334219
S13,working,3207.0930886798374
S12,working,3214.226974598345
S09,starved,3240.283417927542
S08,starved,3241.6638420033064
S09,working,3245.283417927542
S17,starved,3251.8628592071013
S16,starved,3249.2121579975746
S17,working,3257.8628592071013
S08,working,3255.6638420033064
S03,blocked,3257.1131322553097
S01,blocked,3260.5970176258893
S06,starved,3260.313863334219
S05,starved,3258.9877513301085
S06,working,3263.313863334219
S02,blocked,3264.134132987175
S03,working,3264.1131322553097
S02,working,3265.134132987175
S01,working,3266.5970176258893
S13,starved,3264.0930886798374
S05,working,3266.9877513301085
S16,working,3272.2121579975746
S12,starved,3277.226974598345
S13,working,3276.0930886798374
S12,working,3289.226974598345
S09,starved,3294.283417927542
S17,starved,3312.8628592071013
S03,blocked,3313.1131322553097
S09,working,3317.283417927542
S06,starved,3318.313863334219
S01,blocked,3320.5970176258893
S05,starved,3322.9877513301085
S16,starved,3326.2121579975746
S06,working,3329.313863334219
S02,blocked,3329.134132987175
S17,working,3334.8628592071013
S03,working,3332.1131322553097
S02,working,3333.134132987175
S01,working,3334.5970176258893
S05,working,3334.9877513301085
S13,starved,3342.0930886798374
S13,working,3343.0930886798374
S18,starved,3367.7159578408528
S09,starved,3371.283417927542
S09,working,3377.283417927542
S17,starved,3383.8628592071013
S11,starved,3382.949857930326
S11,working,3384.949857930326
S02,blocked,3383.134132987175
S03,blocked,3383.1131322553097
S18,working,3384.7159578408528
S06,starved,3388.313863334219
S07,starved,3391.823369680236
S07,working,3392.823369680236
S03,working,3395.1131322553097
S02,working,3396.134132987175
S06,working,3410.313863334219
S11,starved,3426.949857930326
S11,working,3437.949857930326
S07,starved,3444.823369680236
S20,starved,3444.9416032917934
S18,starved,3445.7159578408528
S03,blocked,3446.1131322553097
S19,starved,3451.6093997249295
S02,blocked,3450.134132987175
S20,working,3449.9416032917934
S19,working,3455.6093997249295
S03,working,3457.1131322553097
S02,working,3458.134132987175
S05,starved,3459.9877513301085
S05,working,3460.9877513301085
S07,working,3472.823369680236
S11,starved,3479.949857930326
S09,starved,3484.283417927542
S09,working,3487.283417927542
S11,working,3500.949857930326
S20,starved,3499.9416032917934
S02,blocked,3502.134132987175
S19,starved,3512.6093997249295
S01,blocked,3513.5970176258893
S16,working,3512.2121579975746
S20,working,3514.9416032917934
S06,starved,3516.313863334219
S02,working,3516.134132987175
S01,working,3517.5970176258893
S06,working,3527.313863334219
S09,starved,3540.283417927542
S09,working,3545.283417927542
S11,starved,3549.949857930326
S11,working,3560.949857930326
S16,starved,3564.2121579975746
S02,blocked,3566.134132987175
S17,working,3571.8628592071013
S03,blocked,3569.1131322553097
S05,starved,3569.9877513301085
S20,starved,3570.9416032917934
S01,blocked,3574.5970176258893
S16,working,3573.2121579975746
S03,working,3575.1131322553097
S02,working,3576.134132987175
S01,working,3577.5970176258893
S05,working,3577.9877513301085
S07,starved,3580.823369680236
S07,working,3592.823369680236
S17,starved,3609.8628592071013
S18,working,3609.7159578408528
S11,starved,3617.949857930326
S13,starved,3621.0930886798374
S11,working,3625.949857930326
S03,blocked,3623.1131322553097
S16,starved,3626.2121579975746
S01,blocked,3629.5970176258893
S17,working,3634.8628592071013
S13,working,3632.0930886798374
S05,starved,3632.9877513301085
S02,blocked,3635.134132987175
S16,working,3636.2121579975746
S03,working,3649.1131322553097
S02,working,3650.134132987175
S01,working,3651.5970176258893
S05,working,3651.9877513301085
S09,starved,3658.283417927542
S18,starved,3659.7159578408528
S19,working,3669.6093997249295
S09,working,3669.283417927542
S11,starved,3674.949857930326
S11,working,3677.949857930326
S17,starved,3689.8628592071013
S13,starved,3684.0930886798374
S18,working,3689.7159578408528
S06,starved,3693.313863334219
S17,working,3697.8628592071013
S13,working,3695.0930886798374
S02,blocked,3698.134132987175
S01,blocked,3700.5970176258893
S03,blocked,3703.1131322553097
S03,working,3708.1131322553097
S02,working,3709.134132987175
S01,working,3710.5970176258893
S19,starved,3715.6093997249295
S09,starved,3717.283417927542
S20,working,3715.9416032917934
S11,starved,3720.949857930326
S11,working,3734.949857930326
S09,working,3735.283417927542
S18,starved,3740.7159578408528
S06,working,3744.313863334219
S19,working,3749.6093997249295
S17,starved,3749.8628592071013
S16,starved,3746.2121579975746
S13,starved,3746.0930886798374
S13,working,3749.0930886798374
S18,working,3750.7159578408528
S17,working,3755.8628592071013
S16,working,3754.2121579975746
S20,starved,3756.9416032917934
S01,blocked,3761.5970176258893
S03,blocked,3760.1131322553097
S02,blocked,3763.134132987175
S03,working,3771.1131322553097
S02,working,3772.134132987175
S01,working,3773.5970176258893
S07,starved,3779.823369680236
S08,starved,3785.6638420033064
S08,working,3786.6638420033064
S17,starved,3798.8628592071013
S13,starved,3796.0930886798374
S19,starved,3806.6093997249295
S19,working,3809.6093997249295
S07,working,3806.823369680236
S20,working,3806.9416032917934
S12,starved,3812.226974598345
S13,working,3811.0930886798374
S16,starved,3815.2121579975746
S16,working,3816.2121579975746
S17,working,3823.8628592071013
S03,blocked,3822.1131322553097
S03,working,3824.1131322553097
S01,blocked,3826.5970176258893
S01,working,3832.5970176258893
S09,starved,3840.283417927542
S08,starved,3845.6638420033064
S09,working,3848.283417927542
S06,starved,3847.313863334219
S06,working,3851.313863334219
S18,starved,3851.7159578408528
S13,starved,3864.0930886798374
S16,starved,3868.2121579975746
S16,working,3873.2121579975746
S03,blocked,3876.1131322553097
S18,working,3877.7159578408528
S03,working,3878.1131322553097
S08,working,3883.6638420033064
S09,starved,3895.283417927542
S19,starved,3908.6093997249295
S16,starved,3916.2121579975746
S12,working,3931.226974598345
S18,starved,3931.7159578408528
S18,working,3933.7159578408528
S03,blocked,3934.1131322553097
S19,working,3940.6093997249295
S16,working,3936.2121579975746
S01,blocked,3944.5970176258893
S03,working,3944.1131322553097
S06,starved,3950.313863334219
S01,working,3958.5970176258893
S09,working,3960.283417927542
S06,working,3961.313863334219
S18,starved,3982.7159578408528
S17,starved,3989.8628592071013
S16,starved,3985.2121579975746
S17,working,3993.8628592071013
S13,working,3988.0930886798374
S18,working,3990.7159578408528
S03,blocked,3998.1131322553097
S02,blocked,4000.134132987175
S03,working,4000.1131322553097
S02,working,4001.134132987175
S16,working,4003.2121579975746
S09,starved,4011.283417927542
S06,starved,4012.313863334219
S06,working,4019.313863334219
S09,working,4024.283417927542
S17,starved,4036.8628592071013
S19,starved,4043.6093997249295
S03,blocked,4055.1131322553097
S02,blocked,4061.134132987175
S16,starved,4061.2121579975746
S03,working,4062.1131322553097
S02,working,4063.134132987175
S19,working,4067.6093997249295
S17,working,4069.8628592071013
S06,starved,4069.313863334219
S16,working,4068.2121579975746
S09,starved,4075.283417927542
S06,working,4083.313863334219
S09,working,4086.283417927542
S13,starved,4100.093088679838
S18,starved,4108.715957840853
S02,blocked,4117.134132987175
S02,working,4120.134132987175
S16,starved,4121.212157997575
S16,working,4122.212157997575
S17,starved,4128.862859207102
S17,working,4129.862859207102
S18,working,4127.715957840853
S19,starved,4172.60939972493
S16,starved,4167.212157997575
S01,blocked,4177.59701762589
S01,working,4180.59701762589
S18,starved,4179.715957840853
S18,working,4181.715957840853
S19,working,4188.60939972493
S16,working,4189.212157997575
S19,down,4202.60939972493
S11,blocked,4217.949857930325
S01,blocked,4231.59701762589
S01,working,4232.59701762589
S17,starved,4235.862859207102
S16,starved,4242.212157997575
S17,working,4249.862859207102
S20,starved,4245.941603291793
S06,starved,4247.31386333422
S06,working,4256.31386333422
S16,working,4265.212157997575
S03,blocked,4280.113132255309
S11,working,4284.949857930325
S02,blocked,4285.134132987175
S13,working,4284.093088679838
S03,working,4285.113132255309
S02,working,4286.134132987175
S18,starved,4292.715957840853
S17,starved,4300.862859207102
S18,working,4299.715957840853
S09,starved,4303.283417927542
S09,working,4308.283417927542
S06,starved,4307.31386333422
S06,working,4308.31386333422
S11,blocked,4336.949857930325
S02,blocked,4338.134132987175
S13,starved,4337.093088679838
S01,blocked,4340.59701762589
S03,blocked,4342.113132255309
S11,working,4346.949857930325
S18,blocked,4345.715957840853
S13,working,4346.093088679838
S03,working,4347.113132255309
S02,working,4348.134132987175
S01,working,4349.59701762589
S17,working,4361.862859207102
S06,starved,4359.31386333422
S06,working,4366.31386333422
S19,working,4393.60939972493
S13,starved,4395.093088679838
S03,blocked,4398.113132255309
S01,blocked,4401.59701762589
S13,working,4400.093088679838
S03,working,4401.113132255309
S01,working,4403.59701762589
S09,starved,4413.283417927542
S09,working,4414.283417927542
S06,starved,4423.31386333422
S06,working,4425.31386333422
S18,working,4433.715957840853
S20,working,4439.941603291793
S02,blocked,4449.134132987175
S09,starved,4454.283417927542
S01,blocked,4455.59701762589
S03,blocked,4454.113132255309
S17,down,4464.862859207102
S03,working,4462.113132255309
S02,working,4463.134132987175
S01,working,4464.59701762589
S16,starved,4467.212157997575
S09,working,4476.283417927542
S06,starved,4478.31386333422
S16,working,4481.212157997575
S18,blocked,4487.715957840853
S18,starved,4488.715957840853
S06,working,4490.31386333422
S20,starved,4489.941603291793
S20,working,4492.941603291793
S03,blocked,4513.113132255309
S02,blocked,4516.134132987175
S03,working,4517.113132255309
S02,working,4518.134132987175
S09,starved,4527.283417927542
S09,working,4535.283417927542
S16,starved,4539.212157997575
S06,starved,4541.31386333422
S20,starved,4540.941603291793
S16,working,4541.212157997575
S06,working,4549.31386333422
S20,working,4565.941603291793
S12,starved,4572.226974598345
S02,blocked,4570.134132987175
S01,blocked,4572.59701762589
S08,starved,4573.663842003307
S02,working,4576.134132987175
S01,working,4577.59701762589
S09,blocked,4586.283417927542
S08,working,4590.663842003307
S16,blocked,4597.212157997575
S06,starved,4603.31386333422
S06,working,4607.31386333422
S09,working,4630.283417927542
S01,blocked,4630.59701762589
S12,working,4635.226974598345
S02,blocked,4634.134132987175
S13,starved,4642.093088679838
S06,starved,4656.31386333422
S06,working,4667.31386333422
S19,starved,4679.60939972493
S02,working,4686.134132987175
S01,working,4687.59701762589
S13,working,4697.093088679838
S06,starved,4710.31386333422
S06,working,4721.31386333422
S09,blocked,4739.283417927542
S09,working,4742.283417927542
S13,starved,4745.093088679838
S13,working,4764.093088679838
S09,blocked,4790.283417927542
S09,working,4800.283417927542
S01,blocked,4807.59701762589
S01,working,4812.59701762589
S17,working,4815.862859207102
S13,starved,4817.093088679838
S13,working,4818.093088679838
S16,working,4825.212157997575
S06,starved,4829.31386333422
S18,working,4831.715957840853
S20,starved,4842.941603291793
S06,working,4845.31386333422
S09,blocked,4853.283417927542
S09,working,4856.283417927542
S01,blocked,4863.59701762589
S01,working,4865.59701762589
S13,starved,4867.093088679838
S16,blocked,4875.212157997575
S16,working,4878.212157997575
S13,working,4880.093088679838
S19,working,4894.60939972493
S09,blocked,4899.283417927542
S06,starved,4899.31386333422
S06,working,4901.31386333422
S09,working,4907.283417927542
S02,blocked,4911.134132987175
S02,working,4915.134132987175
S16,blocked,4929.212157997575
S13,starved,4932.093088679838
S16,working,4935.212157997575
S18,starved,4937.715957840853
S19,starved,4943.60939972493
S18,working,4940.715957840853
S20,working,4942.941603291793
S19,working,4947.60939972493
S13,working,4944.093088679838
S01,blocked,4968.59701762589
S01,working,4974.59701762589
S20,starved,4985.941603291793
S07,starved,4992.823369680235
S13,starved,4995.093088679838
S07,working,4997.823369680235
S13,working,4999.093088679838
S09,blocked,5007.283417927542
S20,working,5005.941603291793
S09,starved,5011.283417927542
S09,working,5019.283417927542
S13,starved,5044.093088679838
S19,starved,5056.60939972493
S19,working,5057.60939972493
S20,starved,5055.941603291793
S20,working,5056.941603291793
S13,working,5059.093088679838
S09,starved,5063.283417927542
S09,working,5085.283417927542
S01,blocked,5090.59701762589
S13,starved,5106.093088679838
S13,working,5117.093088679838
S03,starved,5188.113132255309
S01,working,5196.59701762589
S09,starved,5198.283417927542
S03,working,5197.113132255309
S09,working,5202.283417927542
S09,starved,5249.283417927542
S09,working,5253.283417927542
S16,starved,5260.212157997575
S16,working,5275.212157997575
S09,starved,5298.283417927542
S09,working,5318.283417927542
S16,starved,5327.212157997575
S16,working,5334.212157997575
S11,blocked,5346.949857930325
S11,working,5355.949857930325
S09,starved,5380.283417927542
S09,working,5386.283417927542
S16,starved,5390.212157997575
S16,working,5396.212157997575
S11,blocked,5399.949857930325
S07,starved,5404.823369680235
S11,working,5413.949857930325
S07,working,5431.823369680235
S09,starved,5438.283417927542
S09,working,5446.283417927542
S16,starved,5445.212157997575
S16,working,5456.212157997575
S08,starved,5493.663842003307
S09,starved,5495.283417927542
S08,working,5494.663842003307
S09,working,5496.283417927542
S11,blocked,5510.949857930325
S16,starved,5508.212157997575
S16,working,5512.212157997575
S11,working,5520.949857930325
S09,starved,5537.283417927542
S05,starved,5548.987751330109
S05,working,5556.987751330109
S09,working,5563.283417927542
S16,starved,5569.212157997575
S13,starved,5572.093088679838
S11,blocked,5577.949857930325
S11,working,5583.949857930325
S16,working,5583.212157997575
S13,working,5583.093088679838
S09,starved,5605.283417927542
S03,blocked,5617.113132255309
S03,working,5619.113132255309
S09,working,5627.283417927542
S17,starved,5631.862859207102
S13,starved,5637.093088679838
S11,blocked,5641.949857930325
S07,starved,5640.823369680235
S11,working,5643.949857930325
S16,starved,5641.212157997575
S07,working,5642.823369680235
S13,working,5642.093088679838
S17,working,5649.862859207102
S16,working,5650.212157997575
S09,starved,5670.283417927542
S03,blocked,5672.113132255309
S05,starved,5675.987751330109
S09,working,5680.283417927542
S03,working,5681.113132255309
S05,working,5683.987751330109
S11,blocked,5696.949857930325
S17,starved,5699.862859207102
S16,starved,5700.212157997575
S13,starved,5701.093088679838
S11,working,5704.949857930325
S17,working,5708.862859207102
S13,working,5704.093088679838
S09,starved,5727.283417927542
S16,working,5725.212157997575
S09,working,5739.283417927542
S03,blocked,5738.113132255309
S05,starved,5741.987751330109
S11,blocked,5747.949857930325
S13,starved,5750.093088679838
S17,starved,5760.862859207102
S11,working,5762.949857930325
S13,working,5764.093088679838
S16,starved,5778.212157997575
S03,working,5780.113132255309
S17,working,5786.862859207102
S16,working,5781.212157997575
S05,working,5782.987751330109
S09,starved,5793.283417927542
S09,working,5798.283417927542
S11,blocked,5808.949857930325
S11,working,5814.949857930325
S18,starved,5827.715957840853
S03,blocked,5830.113132255309
S05,starved,5830.987751330109
S17,starved,5837.862859207102
S16,starved,5834.212157997575
S06,starved,5837.31386333422
S06,working,5838.31386333422
S18,working,5837.715957840853
S17,working,5842.862859207102
S03,working,5838.113132255309
S05,working,5840.987751330109
S16,working,5842.212157997575
S11,blocked,5861.949857930325
S11,working,5875.949857930325
S06,starved,5883.31386333422
S17,starved,5894.862859207102
S16,starved,5892.212157997575
S03,blocked,5894.113132255309
S17,working,5899.862859207102
S05,starved,5894.987751330109
S03,working,5898.113132255309
S06,working,5902.31386333422
S05,working,5900.987751330109
S16,working,5905.212157997575
S11,blocked,5925.949857930325
S11,working,5931.949857930325
S09,starved,5946.283417927542
S17,starved,5949.862859207102
S03,blocked,5950.113132255309
S06,starved,5952.31386333422
S05,starved,5955.987751330109
S16,starved,5959.212157997575
S06,working,5962.31386333422
S17,working,5967.862859207102
S09,working,5965.283417927542
S03,working,5963.113132255309
S05,working,5965.987751330109
S16,working,5970.212157997575
S11,blocked,5975.949857930325
S11,working,5983.949857930325
S18,starved,6005.715957840853
S09,blocked,6011.283417927542
S17,starved,6017.862859207102
S09,starved,6016.283417927542
S03,blocked,6014.113132255309
S06,starved,6016.31386333422
S18,working,6017.715957840853
S05,starved,6019.987751330109
S09,working,6023.283417927542
S06,working,6026.31386333422
S03,working,6025.113132255309
S16,starved,6027.212157997575
S05,working,6027.987751330109
S17,working,6035.862859207102
S16,working,6032.212157997575
S05,down,6032.987751330109
S11,blocked,6036.949857930325
S13,starved,6036.093088679838
S11,working,6048.949857930325
S13,working,6048.093088679838
S09,starved,6068.283417927542
S09,working,6072.283417927542
S18,starved,6073.715957840853
S03,blocked,6075.113132255309
S06,starved,6080.31386333422
S16,starved,6079.212157997575
S03,working,6083.113132255309
S18,working,6089.715957840853
S11,blocked,6095.949857930325
S16,working,6094.212157997575
S11,working,6108.949857930325
S17,starved,6141.862859207102
S17,working,6159.862859207102
S11,blocked,6158.949857930325
S19,blocked,6166.60939972493
S07,starved,6164.823369680235
S19,working,6174.60939972493
S13,starved,6172.093088679838
S11,working,6175.949857930325
S13,working,6176.093088679838
S09,starved,6185.283417927542
S09,working,6187.283417927542
S03,blocked,6190.113132255309
S18,starved,6197.715957840853
S02,blocked,6206.134132987175
S17,starved,6213.862859207102
S17,working,6214.862859207102
S03,working,6212.113132255309
S02,working,6213.134132987175
S18,working,6213.715957840853
S11,blocked,6227.949857930325
S11,working,6231.949857930325
S08,starved,6236.663842003307
S09,starved,6239.283417927542
S09,working,6240.283417927542
S16,starved,6258.212157997575
S04,blocked,6264.875207670805
S03,blocked,6263.113132255309
S02,blocked,6265.134132987175
S18,starved,6267.715957840853
S16,working,6268.212157997575
S18,working,6275.715957840853
S01,blocked,6283.59701762589
S11,blocked,6286.949857930325
S09,blocked,6289.283417927542
S11,working,6293.949857930325
S09,starved,6293.283417927542
S16,starved,6317.212157997575
S16,working,6328.212157997575
S18,starved,6336.715957840853
S18,working,6337.715957840853
S11,blocked,6344.949857930325
S05,working,6347.987751330109
S11,working,6352.949857930325
S17,starved,6386.862859207102
S16,starved,6381.212157997575
S17,working,6388.862859207102
S16,working,6383.212157997575
S04,working,6403.875207670805
S03,working,6402.113132255309
S02,working,6403.134132987175
S01,working,6404.59701762589
S06,working,6408.31386333422
S11,blocked,6414.949857930325
S17,starved,6435.862859207102
S16,starved,6436.212157997575
S17,working,6444.862859207102
S16,working,6440.212157997575
S13,starved,6443.093088679838
S02,blocked,6450.134132987175
S01,blocked,6458.59701762589
S06,starved,6459.31386333422
S03,blocked,6459.113132255309
S07,working,6464.823369680235
S06,working,6467.31386333422
S03,working,6467.113132255309
S02,working,6468.134132987175
S01,working,6469.59701762589
S16,starved,6484.212157997575
S16,working,6503.212157997575
S07,starved,6508.823369680235
S06,starved,6513.31386333422
S08,working,6515.663842003307
S06,working,6518.31386333422
S07,working,6518.823369680235
S02,blocked,6522.134132987175
S02,working,6529.134132987175
S17,starved,6546.862859207102
S16,starved,6553.212157997575
S17,working,6560.862859207102
S06,starved,6565.31386333422
S16,working,6564.212157997575
S08,starved,6573.663842003307
S03,blocked,6573.113132255309
S09,working,6576.283417927542
S06,working,6579.31386333422
S03,working,6582.113132255309
S11,working,6586.949857930325
S02,starved,6586.134132987175
S08,working,6588.663842003307
S13,working,6587.093088679838
S16,starved,6608.212157997575
S18,starved,6615.715957840853
S18,working,6621.715957840853
S16,working,6624.212157997575
S09,starved,6627.283417927542
S06,starved,6626.31386333422
S11,blocked,6634.949857930325
S03,blocked,6635.113132255309
S04,blocked,6638.875207670805
S11,working,6642.949857930325
S04,working,6642.875207670805
S03,working,6641.113132255309
S08,starved,6645.663842003307
S06,working,6646.31386333422
S09,working,6649.283417927542
S08,working,6655.663842003307
S17,starved,6679.862859207102
S16,starved,6677.212157997575
S17,working,6685.862859207102
S16,working,6686.212157997575
S03,blocked,6694.113132255309
S04,blocked,6698.875207670805
S09,starved,6700.283417927542
S07,starved,6700.823369680235
S04,working,6703.875207670805
S03,working,6702.113132255309
S02,working,6711.134132987175
S09,working,6716.283417927542
S07,working,6716.823369680235
S17,starved,6730.862859207102
S16,starved,6744.212157997575
S17,working,6752.862859207102
S16,working,6757.212157997575
S06,starved,6761.31386333422
S02,starved,6761.134132987175
S02,working,6762.134132987175
S08,starved,6764.663842003307
S06,working,6765.31386333422
S09,starved,6767.283417927542
S09,working,6768.283417927542
S08,working,6776.663842003307
S18,starved,6787.715957840853
S17,starved,6795.862859207102
S18,working,6796.715957840853
S09,starved,6818.283417927542
S06,starved,6821.31386333422
S04,blocked,6823.875207670805
S04,working,6826.875207670805
S17,working,6832.862859207102
S06,working,6830.31386333422
S09,working,6840.283417927542
S18,starved,6847.715957840853
S07,starved,6879.823369680235
S07,working,6889.823369680235
S18,working,6894.715957840853
S19,starved,6915.60939972493
S02,blocked,6925.134132987175
S16,starved,6928.212157997575
S11,blocked,6932.949857930325
S11,working,6934.949857930325
S16,working,6940.212157997575
S08,starved,6947.663842003307
S19,working,6952.60939972493
S09,starved,6950.283417927542
S09,working,6951.283417927542
S08,working,6956.663842003307
S01,blocked,6964.59701762589
S17,starved,6986.862859207102
S11,blocked,6987.949857930325
S13,starved,6991.093088679838
S16,starved,6993.212157997575
S11,working,6996.949857930325
S07,starved,6995.823369680235
S17,working,7000.862859207102
S13,working,6997.093088679838
S07,working,6998.823369680235
S09,starved,7001.283417927542
S16,working,7001.212157997575
S04,starved,7007.875207670805
S09,working,7028.283417927542
S11,blocked,7036.949857930325
S17,starved,7040.862859207102
S07,starved,7046.823369680235
S13,starved,7046.093088679838
S16,starved,7052.212157997575
S17,working,7060.862859207102
S11,working,7058.949857930325
S13,working,7058.093088679838
S02,working,7064.134132987175
S01,working,7065.59701762589
S07,working,7065.823369680235
S04,working,7067.875207670805
S16,working,7067.212157997575
S09,starved,7078.283417927542
S09,working,7088.283417927542
S17,starved,7100.862859207102
S11,blocked,7101.949857930325
S11,working,7110.949857930325
S07,starved,7114.823369680235
S01,blocked,7118.59701762589
S01,working,7121.59701762589
S07,working,7125.823369680235
S16,starved,7125.212157997575
S16,working,7126.212157997575
S17,working,7133.862859207102
S09,starved,7138.283417927542
S09,working,7145.283417927542
S11,blocked,7163.949857930325
S18,starved,7162.715957840853
S11,working,7166.949857930325
S07,starved,7173.823369680235
S01,blocked,7176.59701762589
S01,working,7177.59701762589
S07,working,7180.823369680235
S16,starved,7181.212157997575
S16,working,7189.212157997575
S01,break,7200.59701762589
S02,break,7199.134132987175
S03,break,7198.113132255309
S04,break,7199.875207670805
S05,break,7197.987751330109
S06,break,7199.31386333422
S07,break,7198.823369680235
S08,break,7199.663842003307
S09,break,7200.283417927542
S11,break,7200.949857930325
S12,break,7201.226974598345
S13,break,7197.093088679838
S16,break,7197.212157997575
S17,break,7202.862859207102
S18,break,7197.715957840853
S19,break,7202.60939972493
S20,break,7197.941603291793
S20,working,7797.941603291793
S19,working,7802.60939972493
S18,working,7797.715957840853
S17,working,7802.862859207102
S16,working,7797.212157997575
S13,working,7797.093088679838
S12,working,7801.226974598345
S11,working,7800.949857930325
S09,working,7800.283417927542
S08,working,7799.663842003307
S07,working,7798.823369680235
S06,working,7799.31386333422
S05,working,7797.987751330109
S04,working,7799.875207670805
S02,working,7799.134132987175
S01,working,7800.59701762589
S09,starved,7803.283417927542
S09,working,7804.283417927542
S11,blocked,7806.949857930325
S11,working,7827.949857930325
S07,starved,7826.823369680235
S07,working,7827.823369680235
S19,starved,7837.60939972493
S16,starved,7843.212157997575
S18,starved,7851.715957840853
S19,working,7860.60939972493
S18,working,7858.715957840853
S16,working,7868.212157997575
S06,starved,7872.31386333422
S06,working,7876.31386333422
S11,blocked,7886.949857930325
S11,working,7892.949857930325
S09,starved,7905.283417927542
S17,starved,7914.862859207102
S16,starved,7926.212157997575
S17,working,7934.862859207102
S09,working,7933.283417927542
S16,working,7935.212157997575
S13,starved,7959.093088679838
S13,working,7963.093088679838
S17,starved,7976.862859207102
S18,starved,7972.715957840853
S18,working,7977.715957840853
S09,starved,7984.283417927542
S09,working,7985.283417927542
S06,starved,7993.31386333422
S06,working,8002.31386333422
S17,working,8008.862859207102
S13,starved,8013.093088679838
S13,working,8014.093088679838
S09,starved,8033.283417927542
S18,starved,8037.715957840853
S02,blocked,8042.134132987175
S09,working,8044.283417927542
S02,working,8044.134132987175
S11,blocked,8054.949857930325
S06,starved,8054.31386333422
S13,starved,8066.093088679838
S11,working,8069.949857930325
S13,working,8069.093088679838
S06,working,8072.31386333422
S18,working,8071.715957840853
S09,starved,8101.283417927542
S02,blocked,8101.134132987175
S02,working,8110.134132987175
S09,working,8117.283417927542
S17,starved,8120.862859207102
S19,starved,8125.60939972493
S13,starved,8121.093088679838
S11,blocked,8128.949857930325
S17,working,8131.862859207102
S11,working,8132.949857930325
S13,working,8133.093088679838
S19,working,8140.60939972493
S02,blocked,8156.134132987175
S09,starved,8164.283417927542
S02,working,8168.134132987175
S09,working,8175.283417927542
S01,starved,8184.59701762589
S11,blocked,8185.949857930325
S11,working,8186.949857930325
S16,starved,8184.212157997575
S19,starved,8190.60939972493
S16,working,8200.212157997574
S19,working,8222.60939972493
S09,starved,8233.283417927541
S06,starved,8238.313863334219
S11,blocked,8244.949857930325
S17,starved,8251.862859207102
S11,working,8249.949857930325
S16,starved,8252.212157997574
S17,working,8259.862859207102
S06,working,8259.313863334219
S16,working,8264.212157997574
S02,blocked,8274.134132987176
S09,working,8278.283417927541
S02,starved,8277.134132987176
S01,working,8282.597017625889
S17,starved,8308.862859207102
S11,blocked,8306.949857930325
S06,starved,8306.313863334219
S11,working,8313.949857930325
S16,starved,8313.212157997574
S06,working,8317.313863334219
S17,working,8321.862859207102
S09,starved,8334.283417927541
S09,working,8337.283417927541
S16,working,8336.212157997574
S02,working,8342.134132987176
S17,starved,8367.862859207102
S11,blocked,8367.949857930325
S06,starved,8368.313863334219
S11,working,8375.949857930325
S06,working,8377.313863334219
S09,starved,8381.283417927541
S07,blocked,8384.823369680236
S16,starved,8386.212157997574
S02,starved,8389.134132987176
S17,working,8393.862859207102
S07,working,8393.823369680236
S09,working,8397.283417927541
S16,working,8397.212157997574
S19,blocked,8403.60939972493
S02,working,8402.134132987176
S19,working,8416.60939972493
S11,blocked,8422.949857930325
S06,starved,8427.313863334219
S11,working,8431.949857930325
S18,starved,8433.715957840852
S06,working,8435.313863334219
S07,blocked,8443.823369680236
S09,starved,8446.283417927541
S07,working,8444.823369680236
S16,starved,8444.212157997574
S09,working,8448.283417927541
S18,working,8457.715957840852
S16,working,8457.212157997574
S19,blocked,8472.60939972493
S06,starved,8485.313863334219
S19,working,8490.60939972493
S09,starved,8491.283417927541
S06,working,8494.313863334219
S07,blocked,8496.823369680236
S07,working,8497.823369680236
S09,working,8502.283417927541
S18,starved,8506.715957840852
S17,starved,8517.862859207102
S16,starved,8514.212157997574
S17,working,8523.862859207102
S18,working,8519.715957840852
S16,working,8523.212157997574
S19,blocked,8550.60939972493
S06,starved,8548.313863334219
S19,working,8556.60939972493
S07,blocked,8553.823369680236
S06,working,8554.313863334219
S09,starved,8561.283417927541
S07,working,8559.823369680236
S09,working,8563.283417927541
S18,starved,8570.715957840852
S16,starved,8571.212157997574
S16,working,8581.212157997574
S18,working,8584.715957840852
S09,starved,8611.283417927541
S07,blocked,8609.823369680236
S07,working,8614.823369680236
S09,working,8618.283417927541
S19,blocked,8622.60939972493
S17,starved,8627.862859207102
S16,starved,8631.212157997574
S17,working,8639.862859207102
S16,working,8646.212157997574
S09,starved,8667.283417927541
S09,working,8673.283417927541
S17,starved,8685.862859207102
S18,blocked,8688.715957840852
S17,working,8706.862859207102
S12,blocked,8713.226974598345
S09,starved,8718.283417927541
S12,working,8720.226974598345
S07,blocked,8727.823369680236
S07,working,8736.823369680236
S09,working,8741.283417927541
S17,starved,8757.862859207102
S17,working,8766.862859207102
S19,working,8786.60939972493
S18,working,8781.715957840852
S09,starved,8789.283417927541
S07,blocked,8798.823369680236
S16,starved,8804.212157997574
S16,working,8805.212157997574
S07,working,8808.823369680236
S05,down,8807.987751330109
S09,working,8813.283417927541
S18,blocked,8830.715957840852
S06,starved,8833.313863334219
S19,blocked,8847.60939972493
S16,starved,8854.212157997574
S07,blocked,8858.823369680236
S09,starved,8868.283417927541
S16,working,8868.212157997574
S07,working,8869.823369680236
S09,working,8874.283417927541
S19,working,8886.60939972493
S18,working,8881.715957840852
S11,blocked,8905.949857930325
S11,working,8907.949857930325
S16,starved,8916.212157997574
S09,starved,8920.283417927541
S07,blocked,8919.823369680236
S07,starved,8925.823369680236
S09,working,8929.283417927541
S16,working,8928.212157997574
S18,blocked,8935.715957840852
S19,blocked,8947.60939972493
S04,blocked,8948.875207670806
S11,blocked,8954.949857930325
S11,working,8961.949857930325
S19,working,8973.60939972493
S18,working,8968.715957840852
S09,starved,8982.283417927541
S09,working,8993.283417927541
S18,blocked,9022.715957840852
S19,blocked,9033.60939972493
S16,starved,9035.212157997574
S17,blocked,9046.862859207102
S16,working,9042.212157997574
S08,starved,9047.663842003307
S09,starved,9049.283417927541
S09,working,9051.283417927541
S11,blocked,9065.949857930325
S19,working,9071.60939972493
S18,working,9066.715957840852
S17,working,9071.862859207102
S11,working,9074.949857930325
S02,blocked,9080.134132987176
S16,starved,9088.212157997574
S09,starved,9102.283417927541
S05,working,9099.987751330109
S16,working,9103.212157997574
S01,blocked,9112.597017625889
S18,blocked,9115.715957840852
S17,blocked,9121.862859207102
S11,blocked,9122.949857930325
S19,blocked,9133.60939972493
S11,working,9133.949857930325
S04,working,9134.875207670806
S02,working,9134.134132987176
S01,working,9135.597017625889
S06,working,9140.313863334219
S16,starved,9157.212157997574
S19,working,9173.60939972493
S18,working,9168.715957840852
S17,working,9173.862859207102
S11,blocked,9181.949857930325
S16,working,9182.212157997574
S01,blocked,9191.597017625889
S02,blocked,9192.134132987176
S07,working,9193.823369680236
S02,working,9197.134132987176
S01,working,9198.597017625889
S19,blocked,9225.60939972493
S17,blocked,9229.862859207102
S11,working,9227.949857930325
S18,blocked,9226.715957840852
S16,starved,9229.212157997574
S06,starved,9239.313863334219
S16,working,9238.212157997574
S06,working,9241.313863334219
S19,working,9247.60939972493
S18,working,9242.715957840852
S17,working,9247.862859207102
S07,starved,9243.823369680236
S07,working,9244.823369680236
S02,blocked,9248.134132987176
S08,working,9249.663842003307
S02,working,9252.134132987176
S11,blocked,9264.949857930325
S11,starved,9285.949857930325
S17,blocked,9294.862859207102
S16,starved,9291.212157997574
S19,blocked,9297.60939972493
S18,blocked,9292.715957840852
S06,starved,9294.313863334219
S07,starved,9296.823369680236
S06,working,9298.313863334219
S07,working,9299.823369680236
S16,working,9302.212157997574
S01,blocked,9310.597017625889
S01,working,9317.597017625889
S09,working,9322.283417927541
S19,working,9334.60939972493
S18,working,9329.715957840852
S17,working,9334.862859207102
S06,starved,9353.313863334219
S16,starved,9355.212157997574
S06,working,9360.313863334219
S16,working,9365.212157997574
S17,blocked,9374.862859207102
S08,starved,9373.663842003307
S09,starved,9375.283417927541
S09,working,9377.283417927541
S19,blocked,9384.60939972493
S08,working,9382.663842003307
S18,blocked,9388.715957840852
S16,blocked,9421.212157997574
S01,blocked,9424.597017625889
S01,working,9426.597017625889
S19,working,9437.60939972493
S18,working,9432.715957840852
S17,working,9437.862859207102
S16,starved,9432.212157997574
S09,starved,9437.283417927541
S16,working,9438.212157997574
S08,starved,9441.663842003307
S11,working,9445.949857930325
S09,working,9445.283417927541
S12,starved,9447.226974598345
S02,blocked,9473.134132987176
S17,blocked,9481.862859207102
S02,working,9481.134132987176
S16,blocked,9485.212157997574
S18,blocked,9487.715957840852
S09,starved,9496.283417927541
S11,starved,9501.949857930325
S11,working,9504.949857930325
S19,blocked,9509.60939972493
S19,working,9510.60939972493
S18,working,9505.715957840852
S17,working,9510.862859207102
S16,starved,9505.212157997574
S12,working,9509.226974598345
S16,working,9506.212157997574
S08,working,9541.663842003307
S13,starved,9544.093088679838
S17,blocked,9552.862859207102
S16,blocked,9558.212157997574
S18,blocked,9559.715957840852
S12,starved,9571.226974598345
S19,blocked,9575.60939972493
S13,working,9570.093088679838
S06,blocked,9587.313863334219
S19,working,9591.60939972493
S18,working,9586.715957840852
S17,working,9591.862859207102
S16,working,9586.212157997574
S01,blocked,9590.597017625889
S01,working,9591.597017625889
S08,starved,9594.663842003307
S09,working,9597.283417927541
S12,working,9616.226974598345
S13,starved,9621.093088679838
S02,blocked,9633.134132987176
S06,working,9639.313863334219
S17,blocked,9643.862859207102
S16,blocked,9638.212157997574
S18,blocked,9642.715957840852
S08,working,9645.663842003307
S09,starved,9648.283417927541
S02,working,9648.134132987176
S11,starved,9654.949857930325
S19,blocked,9658.60939972493
S19,working,9676.60939972493
S18,working,9671.715957840852
S17,working,9676.862859207102
S16,working,9671.212157997574
S13,working,9682.093088679838
S01,blocked,9700.597017625889
S01,working,9706.597017625889
S11,working,9711.949857930325
S09,working,9717.283417927541
S16,blocked,9715.212157997574
S18,blocked,9721.715957840852
S19,blocked,9734.60939972493
S17,blocked,9736.862859207102
S12,starved,9739.226974598345
S01,blocked,9758.597017625889
S01,working,9763.597017625889
S11,starved,9764.949857930325
S09,starved,9765.283417927541
S19,working,9773.60939972493
S18,working,9768.715957840852
S17,working,9773.862859207102
S16,working,9768.212157997574
S12,working,9772.226974598345
S09,working,9779.283417927541
S13,starved,9796.093088679838
S17,blocked,9822.862859207102
S02,blocked,9820.134132987176
S07,blocked,9820.823369680236
S01,blocked,9822.597017625889
S16,blocked,9821.212157997574
S02,working,9825.134132987176
S01,working,9826.597017625889
S19,blocked,9833.60939972493
S07,working,9830.823369680236
S18,blocked,9830.715957840852
S11,working,9834.949857930325
S12,starved,9847.226974598345
S13,working,9847.093088679838
S19,working,9854.60939972493
S18,working,9849.715957840852
S17,working,9854.862859207102
S16,working,9849.212157997574
S11,starved,9876.949857930325
S02,blocked,9877.134132987176
S12,working,9882.226974598345
S01,blocked,9881.597017625889
S02,working,9892.134132987176
S01,working,9893.597017625889
S16,blocked,9898.212157997574
S11,working,9901.949857930325
S17,blocked,9905.862859207102
S19,blocked,9907.60939972493
S18,blocked,9907.715957840852
S12,down,9912.226974598345
S07,blocked,9932.823369680236
S09,starved,9941.283417927541
S19,working,9945.60939972493
S18,working,9940.715957840852
S16,working,9940.212157997574
S11,starved,9947.949857930325
S01,blocked,9948.597017625889
S07,working,9947.823369680236
S09,working,9952.283417927541
S01,working,9952.597017625889
S11,working,9959.949857930325
S18,down,9986.715957840852
S13,starved,9990.093088679838
S16,blocked,9994.212157997574
S07,blocked,9996.823369680236
S09,starved,10003.283417927541
S02,blocked,10002.134132987176
S07,working,10004.823369680236
S19,blocked,10009.60939972493
S09,working,10008.283417927541
S02,working,10013.134132987176
S19,working,10038.60939972493
S09,starved,10056.283417927541
S02,blocked,10061.134132987176
S07,blocked,10061.823369680236
S07,working,10062.823369680236
S09,working,10066.283417927541
S02,working,10067.134132987176
S11,blocked,10071.949857930325
S19,blocked,10097.60939972493
S07,blocked,10107.823369680236
S02,blocked,10112.134132987176
S09,starved,10116.283417927541
S07,working,10114.823369680236
S09,working,10118.283417927541
S02,working,10130.134132987176
S20,down,10133.941603291792
S18,working,10153.715957840852
S09,starved,10158.283417927541
S16,working,10161.212157997574
S09,working,10167.283417927541
S02,blocked,10177.134132987176
S02,working,10187.134132987176
S18,blocked,10209.715957840852
S09,starved,10215.283417927541
S16,blocked,10213.212157997574
S09,working,10229.283417927541
S06,blocked,10236.313863334219
S06,working,10237.313863334219
S02,blocked,10237.134132987176
S02,working,10248.134132987176
S09,starved,10276.283417927541
S12,working,10283.226974598345
S06,blocked,10290.313863334219
S07,blocked,10291.823369680236
S07,working,10297.823369680236
S06,working,10298.313863334219
S09,working,10303.283417927541
S11,working,10308.949857930325
S02,blocked,10309.134132987176
S13,working,10308.093088679838
S02,working,10311.134132987176
S07,blocked,10346.823369680236
S06,blocked,10347.313863334219
S11,blocked,10359.949857930325
S13,starved,10360.093088679838
S09,starved,10363.283417927541
S01,blocked,10363.597017625889
S07,working,10363.823369680236
S06,working,10364.313863334219
S09,working,10367.283417927541
S11,working,10368.949857930325
S02,blocked,10369.134132987176
S13,working,10369.093088679838
S02,working,10394.134132987176
S01,working,10395.597017625889
S06,blocked,10412.313863334219
S09,starved,10417.283417927541
S13,starved,10418.093088679838
S11,blocked,10421.949857930325
S09,working,10425.283417927541
S06,working,10425.313863334219
S11,working,10428.949857930325
S13,working,10428.093088679838
S02,blocked,10446.134132987176
S02,working,10453.134132987176
S07,blocked,10473.823369680236
S06,blocked,10474.313863334219
S09,starved,10477.283417927541
S07,working,10484.823369680236
S06,working,10485.313863334219
S09,working,10489.283417927541
S02,blocked,10501.134132987176
S02,working,10506.134132987176
S07,blocked,10528.823369680236
S11,blocked,10531.949857930325
S06,blocked,10533.313863334219
S07,working,10534.823369680236
S06,working,10535.313863334219
S20,working,10536.941603291792
S11,working,10539.949857930325
S02,blocked,10558.134132987176
S02,working,10559.134132987176
S19,working,10568.60939972493
S18,working,10563.715957840852
S16,working,10563.212157997574
S06,blocked,10591.313863334219
S07,blocked,10595.823369680236
S07,working,10597.823369680236
S06,working,10598.313863334219
S09,starved,10600.283417927541
S09,working,10601.283417927541
S05,down,10615.987751330109
S18,blocked,10622.715957840852
S16,blocked,10625.212157997574
S19,blocked,10636.60939972493
S19,working,10642.60939972493
S18,working,10637.715957840852
S16,working,10637.212157997574
S06,blocked,10640.313863334219
S09,blocked,10649.283417927541
S13,starved,10658.093088679838
S06,working,10665.313863334219
S13,working,10670.093088679838
S02,blocked,10673.134132987176
S01,blocked,10680.597017625889
S09,working,10682.283417927541
S19,blocked,10692.60939972493
S18,blocked,10689.715957840852
S16,blocked,10694.212157997574
S06,blocked,10705.313863334219
S06,starved,10728.313863334219
S09,blocked,10737.283417927541
S19,working,10740.60939972493
S18,working,10735.715957840852
S16,working,10735.212157997574
S09,working,10740.283417927541
S18,blocked,10778.715957840852
S13,starved,10782.093088679838
S16,blocked,10783.212157997574
S02,working,10788.134132987176
S01,working,10789.597017625889
S13,working,10790.093088679838
S19,blocked,10804.60939972493
S19,working,10818.60939972493
S18,working,10813.715957840852
S16,working,10813.212157997574
S13,starved,10834.093088679838
S01,blocked,10841.597017625889
S02,blocked,10844.134132987176
S13,working,10845.093088679838
S04,blocked,10855.875207670806
S18,blocked,10865.715957840852
S16,blocked,10865.212157997574
S19,blocked,10876.60939972493
S13,starved,10893.093088679838
S07,starved,10902.823369680236
S19,working,10914.60939972493
S18,working,10909.715957840852
S16,working,10909.212157997574
S09,blocked,10915.283417927541
S13,working,10914.093088679838
S09,working,10918.283417927541
S20,down,10957.941603291792
S18,blocked,10957.715957840852
S09,blocked,10966.283417927541
S16,blocked,10968.212157997574
S19,blocked,10976.60939972493
S09,working,10977.283417927541
S08,starved,10991.663842003307
S13,blocked,11010.093088679838
S09,blocked,11026.283417927541
S09,working,11033.283417927541
S05,working,11046.987751330109
S04,working,11055.875207670806
S02,working,11055.134132987176
S01,working,11056.597017625889
S06,working,11061.313863334219
S09,blocked,11084.283417927541
S09,starved,11093.283417927541
S01,blocked,11105.597017625889
S04,blocked,11112.875207670806
S02,blocked,11112.134132987176
S06,starved,11114.313863334219
S04,working,11114.875207670806
S02,working,11114.134132987176
S01,working,11115.597017625889
S07,working,11119.823369680236
S06,working,11120.313863334219
S11,blocked,11140.949857930325
S12,blocked,11156.226974598345
S02,blocked,11164.134132987176
S01,blocked,11168.597017625889
S04,blocked,11169.875207670806
S07,starved,11170.823369680236
S04,working,11171.875207670806
S02,working,11171.134132987176
S01,working,11172.597017625889
S06,starved,11172.313863334219
S08,working,11175.663842003307
S06,working,11176.313863334219
S07,working,11178.823369680236
S20,working,11189.941603291792
S01,blocked,11221.597017625889
S04,blocked,11227.875207670806
S02,blocked,11228.134132987176
S08,starved,11229.663842003307
S06,starved,11229.313863334219
S09,working,11233.283417927541
S04,working,11236.875207670806
S02,working,11236.134132987176
S01,working,11237.597017625889
S06,working,11241.313863334219
S08,working,11246.663842003307
S19,working,11251.60939972493
S18,working,11246.715957840852
S16,working,11246.212157997574
S13,working,11246.093088679838
S12,working,11250.226974598345
S11,working,11249.949857930325
S09,starved,11281.283417927541
S01,blocked,11288.597017625889
S12,blocked,11294.226974598345
S06,starved,11292.313863334219
S06,working,11293.313863334219
S19,blocked,11302.60939972493
S02,blocked,11300.134132987176
S11,blocked,11303.949857930325
S08,starved,11302.663842003307
S09,working,11306.283417927541
S18,blocked,11304.715957840852
S16,blocked,11304.212157997574
S13,blocked,11310.093088679838
S08,working,11314.663842003307
S06,starved,11344.313863334219
S06,working,11348.313863334219
S19,working,11357.60939972493
S18,working,11352.715957840852
S16,working,11352.212157997574
S13,working,11352.093088679838
S12,working,11356.226974598345
S11,working,11355.949857930325
S09,starved,11357.283417927541
S02,working,11381.134132987176
S01,working,11382.597017625889
S09,working,11390.283417927541
S06,starved,11399.313863334219
S06,working,11404.313863334219
S16,blocked,11409.212157997574
S13,blocked,11409.093088679838
S19,blocked,11415.60939972493
S18,blocked,11411.715957840852
S12,blocked,11425.226974598345
S19,working,11433.60939972493
S18,working,11428.715957840852
S16,working,11428.212157997574
S13,working,11428.093088679838
S12,working,11432.226974598345
S09,starved,11433.283417927541
S09,working,11442.283417927541
S06,starved,11451.313863334219
S06,working,11460.313863334219
S19,blocked,11480.60939972493
S16,blocked,11475.212157997574
S13,blocked,11480.093088679838
S11,blocked,11485.949857930325
S18,blocked,11483.715957840852
S12,blocked,11494.226974598345
S19,working,11516.60939972493
S18,working,11511.715957840852
S16,working,11511.212157997574
S13,working,11511.093088679838
S12,working,11515.226974598345
S11,working,11514.949857930325
S06,starved,11558.313863334219
S06,working,11560.313863334219
S16,blocked,11564.212157997574
S18,blocked,11565.715957840852
S12,blocked,11571.226974598345
S19,blocked,11574.60939972493
S11,blocked,11574.949857930325
S13,blocked,11575.093088679838
S19,working,11601.60939972493
S18,working,11596.715957840852
S16,working,11596.212157997574
S13,working,11596.093088679838
S12,working,11600.226974598345
S11,working,11599.949857930325
S06,starved,11606.313863334219
S08,starved,11610.663842003307
S08,working,11613.663842003307
S06,working,11614.313863334219
S16,blocked,11650.212157997574
S11,blocked,11653.949857930325
S13,blocked,11654.093088679838
S19,blocked,11660.60939972493
S18,blocked,11656.715957840852
S12,blocked,11663.226974598345
S06,starved,11661.313863334219
S08,starved,11667.663842003307
S08,working,11671.663842003307
S06,working,11671.313863334219
S05,down,11686.987751330109
S09,blocked,11708.283417927541
S06,starved,11724.313863334219
S04,blocked,11782.875207670806
S19,working,11791.60939972493
S18,working,11786.715957840852
S16,working,11786.212157997574
S08,blocked,11796.663842003307
S07,blocked,11817.823369680236
S16,blocked,11830.212157997574
S02,blocked,11832.134132987176
S18,blocked,11838.715957840852
S13,working,11844.093088679838
S12,working,11848.226974598345
S11,working,11847.949857930325
S09,working,11847.283417927541
S08,working,11846.663842003307
S07,starved,11845.823369680236
S19,blocked,11853.60939972493
S01,blocked,11861.597017625889
S19,working,11885.60939972493
S18,working,11880.715957840852
S16,working,11880.212157997574
S13,blocked,11891.093088679838
S09,blocked,11897.283417927541
S12,blocked,11902.226974598345
S05,working,11898.987751330109
S11,blocked,11904.949857930325
S08,blocked,11903.663842003307
S04,working,11919.875207670806
S02,working,11919.134132987176
S01,working,11920.597017625889
S06,working,11925.313863334219
S18,blocked,11932.715957840852
S16,blocked,11935.212157997574
S13,working,11941.093088679838
S12,working,11945.226974598345
S11,working,11944.949857930325
S09,working,11944.283417927541
S08,working,11943.663842003307
S19,blocked,11950.60939972493
S19,working,11967.60939972493
S18,working,11962.715957840852
S16,working,11962.212157997574
S03,blocked,11970.11313225531
S01,blocked,11975.597017625889
S06,starved,11979.313863334219
S02,blocked,11979.134132987176
S03,working,11980.11313225531
S02,working,11981.134132987176
S01,working,11982.597017625889
S06,working,11983.313863334219
S07,working,11986.823369680236
S09,blocked,11991.283417927541
S11,blocked,12004.949857930325
S13,blocked,12002.093088679838
S12,blocked,12006.226974598345
S13,working,12011.093088679838
S12,working,12015.226974598345
S11,working,12014.949857930325
S09,working,12014.283417927541
S18,blocked,12015.715957840852
S08,starved,12017.663842003307
S19,blocked,12028.60939972493
S16,blocked,12025.212157997574
S03,blocked,12029.11313225531
S01,blocked,12034.597017625889
S03,working,12033.11313225531
S01,working,12035.597017625889
S07,starved,12039.823369680236
S07,working,12040.823369680236
S19,working,12047.60939972493
S18,working,12042.715957840852
S16,working,12042.212157997574
S08,working,12045.663842003307
S13,blocked,12059.093088679838
S09,blocked,12062.283417927541
S11,blocked,12066.949857930325
S13,working,12065.093088679838
S11,working,12076.949857930325
S09,working,12076.283417927541
S03,blocked,12083.11313225531
S01,blocked,12086.597017625889
S02,blocked,12088.134132987176
S03,working,12096.11313225531
S02,working,12097.134132987176
S01,working,12098.597017625889
S18,blocked,12096.715957840852
S19,blocked,12103.60939972493
S16,blocked,12098.212157997574
S11,blocked,12129.949857930325
S09,blocked,12130.283417927541
S13,blocked,12128.093088679838
S19,working,12134.60939972493
S18,working,12129.715957840852
S16,working,12129.212157997574
S13,working,12129.093088679838
S11,working,12136.949857930325
S09,working,12136.283417927541
S02,blocked,12146.134132987176
S01,blocked,12148.597017625889
S03,blocked,12147.11313225531
S03,working,12155.11313225531
S02,working,12156.134132987176
S01,working,12157.597017625889
S16,blocked,12172.212157997574
S13,blocked,12173.093088679838
S18,blocked,12181.715957840852
S11,blocked,12185.949857930325
S09,blocked,12188.283417927541
S19,blocked,12194.60939972493
S12,blocked,12194.226974598345
S06,starved,12194.313863334219
S06,working,12196.313863334219
S01,blocked,12207.597017625889
S03,blocked,12208.11313225531
S03,working,12210.11313225531
S19,working,12217.60939972493
S18,working,12212.715957840852
S16,working,12212.212157997574
S13,working,12212.093088679838
S12,working,12216.226974598345
S11,working,12215.949857930325
S09,working,12215.283417927541
S01,working,12219.597017625889
S06,starved,12238.313863334219
S06,working,12251.313863334219
S19,blocked,12264.60939972493
S03,blocked,12260.11313225531
S09,blocked,12265.283417927541
S03,working,12265.11313225531
S18,blocked,12268.715957840852
S01,blocked,12274.597017625889
S16,blocked,12272.212157997574
S11,blocked,12275.949857930325
S13,blocked,12273.093088679838
S12,blocked,12279.226974598345
S08,blocked,12280.663842003307
S01,working,12282.597017625889
S19,working,12305.60939972493
S18,working,12300.715957840852
S16,working,12300.212157997574
S13,working,12300.093088679838
S12,working,12304.226974598345
S11,working,12303.949857930325
S09,working,12303.283417927541
S08,working,12302.663842003307
S06,starved,12304.313863334219
S06,working,12318.313863334219
S01,blocked,12341.597017625889
S11,blocked,12342.949857930325
S01,working,12348.597017625889
S19,blocked,12356.60939972493
S13,blocked,12351.093088679838
S09,blocked,12357.283417927541
S16,blocked,12355.212157997574
S12,blocked,12360.226974598345
S18,blocked,12360.715957840852
S03,blocked,12369.11313225531
S08,blocked,12374.663842003307
S07,blocked,12373.823369680236
S03,working,12374.11313225531
S06,starved,12378.313863334219
S06,working,12380.313863334219
S19,working,12405.60939972493
S18,working,12400.715957840852
S16,working,12400.212157997574
S13,working,12400.093088679838
S12,working,12404.226974598345
S11,working,12403.949857930325
S09,working,12403.283417927541
S08,working,12402.663842003307
S07,working,12401.823369680236
S03,blocked,12426.11313225531
S03,working,12435.11313225531
S08,blocked,12452.663842003307
S18,blocked,12452.715957840852
S01,blocked,12455.597017625889
S07,blocked,12454.823369680236
S13,blocked,12454.093088679838
S09,blocked,12457.283417927541
S19,blocked,12460.60939972493
S16,blocked,12458.212157997574
S11,blocked,12462.949857930325
S12,blocked,12465.226974598345
S01,working,12465.597017625889
S19,working,12487.60939972493
S18,working,12482.715957840852
S16,working,12482.212157997574
S13,working,12482.093088679838
S12,working,12486.226974598345
S11,working,12485.949857930325
S09,working,12485.283417927541
S08,working,12484.663842003307
S07,working,12483.823369680236
S06,starved,12485.313863334219
S03,blocked,12487.11313225531
S06,working,12499.313863334219
S03,working,12498.11313225531
S01,blocked,12512.597017625889
S01,working,12522.597017625889
S16,blocked,12532.212157997574
S07,blocked,12533.823369680236
S19,blocked,12538.60939972493
S11,blocked,12537.949857930325
S09,blocked,12539.283417927541
S13,blocked,12538.093088679838
S12,blocked,12543.226974598345
S06,starved,12546.313863334219
S18,blocked,12547.715957840852
S06,working,12557.313863334219
S08,blocked,12558.663842003307
S19,working,12580.60939972493
S18,working,12575.715957840852
S16,working,12575.212157997574
S13,working,12575.093088679838
S12,working,12579.226974598345
S11,working,12578.949857930325
S09,working,12578.283417927541
S08,working,12577.663842003307
S07,working,12576.823369680236
S03,blocked,12600.11313225531
S06,starved,12605.313863334219
S06,working,12609.313863334219
S03,working,12608.11313225531
S02,down,12617.134132987176
S08,blocked,12627.663842003307
S16,blocked,12626.212157997574
S18,blocked,12627.715957840852
S19,blocked,12634.60939972493
S09,blocked,12633.283417927541
S07,blocked,12633.823369680236
S12,blocked,12637.226974598345
S01,blocked,12636.597017625889
S11,blocked,12639.949857930325
S13,blocked,12642.093088679838
S03,blocked,12658.11313225531
S19,working,12665.60939972493
S18,working,12660.715957840852
S16,working,12660.212157997574
S13,working,12660.093088679838
S12,working,12664.226974598345
S11,working,12663.949857930325
S09,working,12663.283417927541
S08,working,12662.663842003307
S07,working,12661.823369680236
S06,starved,12666.313863334219
S03,working,12666.11313225531
S06,working,12671.313863334219
S07,blocked,12711.823369680236
S19,blocked,12716.60939972493
S09,blocked,12714.283417927541
S08,blocked,12713.663842003307
S16,blocked,12712.212157997574
S06,blocked,12715.313863334219
S18,blocked,12718.715957840852
S13,blocked,12719.093088679838
S11,blocked,12723.949857930325
S12,blocked,12725.226974598345
S03,blocked,12722.11313225531
S03,starved,12732.11313225531
S19,working,12752.60939972493
S18,working,12747.715957840852
S16,working,12747.212157997574
S13,working,12747.093088679838
S12,working,12751.226974598345
S11,working,12750.949857930325
S09,working,12750.283417927541
S08,working,12749.663842003307
S07,working,12748.823369680236
S06,working,12749.313863334219
S04,blocked,12792.875207670806
S09,blocked,12796.283417927541
S06,blocked,12796.313863334219
S11,blocked,12798.949857930325
S19,blocked,12803.60939972493
S08,blocked,12804.663842003307
S18,blocked,12803.715957840852
S16,blocked,12803.212157997574
S04,working,12805.875207670806
S12,blocked,12817.226974598345
S07,blocked,12815.823369680236
S13,blocked,12825.093088679838
S19,working,12848.60939972493
S18,working,12843.715957840852
S16,working,12843.212157997574
S13,working,12843.093088679838
S12,working,12847.226974598345
S11,working,12846.949857930325
S09,working,12846.283417927541
S08,working,12845.663842003307
S07,working,12844.823369680236
S06,working,12845.313863334219
S06,blocked,12889.313863334219
S13,blocked,12892.093088679838
S09,blocked,12896.283417927541
S18,blocked,12894.715957840852
S16,blocked,12896.212157997574
S07,blocked,12899.823369680236
S12,blocked,12904.226974598345
S08,blocked,12903.663842003307
S19,blocked,12909.60939972493
S11,blocked,12911.949857930325
S04,blocked,12919.875207670806
S04,working,12927.875207670806
S19,working,12932.60939972493
S18,working,12927.715957840852
S16,working,12927.212157997574
S13,working,12927.093088679838
S12,working,12931.226974598345
S11,working,12930.949857930325
S09,working,12930.283417927541
S08,working,12929.663842003307
S07,working,12928.823369680236
S06,working,12929.313863334219
S11,blocked,12973.949857930325
S09,blocked,12978.283417927541
S16,blocked,12978.212157997574
S13,blocked,12979.093088679838
S06,blocked,12981.313863334219
S07,blocked,12982.823369680236
S19,blocked,12987.60939972493
S18,blocked,12982.715957840852
S08,blocked,12984.663842003307
S12,blocked,12987.226974598345
S04,starved,12988.875207670806
S19,working,13099.60939972493
S18,working,13094.715957840852
S16,working,13094.212157997574
S13,working,13094.093088679838
S12,working,13098.226974598345
S11,working,13097.949857930325
S09,working,13097.283417927541
S08,working,13096.663842003307
S07,working,13095.823369680236
S06,working,13096.313863334219
S02,working,13118.134132987176
S01,working,13121.597017625889
S03,working,13121.11313225531
S06,blocked,13146.313863334219
S13,blocked,13145.093088679838
S12,blocked,13150.226974598345
S08,blocked,13149.663842003307
S11,blocked,13153.949857930325
S07,blocked,13151.823369680236
S18,blocked,13152.715957840852
S16,blocked,13153.212157997574
S09,blocked,13157.283417927541
S19,blocked,13161.60939972493
S19,working,13167.60939972493
S18,working,13162.715957840852
S16,working,13162.212157997574
S13,working,13162.093088679838
S12,working,13166.226974598345
S11,working,13165.949857930325
S09,working,13165.283417927541
S08,working,13164.663842003307
S07,working,13163.823369680236
S06,working,13164.313863334219
S01,blocked,13170.597017625889
S03,starved,13174.11313225531
S01,working,13177.597017625889
S04,working,13178.875207670806
S03,working,13178.11313225531
S07,blocked,13208.823369680236
S16,blocked,13208.212157997574
S09,blocked,13217.283417927541
S13,blocked,13215.093088679838
S18,blocked,13216.715957840852
S19,blocked,13223.60939972493
S11,blocked,13222.949857930325
S01,blocked,13226.597017625889
S08,blocked,13226.663842003307
S03,starved,13226.11313225531
S06,blocked,13228.313863334219
S04,starved,13228.875207670806
S04,working,13230.875207670806
S01,working,13232.597017625889
S05,blocked,13232.987751330109
S03,working,13233.11313225531
S12,blocked,13261.226974598345
S19,working,13267.60939972493
S18,working,13262.715957840852
S16,working,13262.212157997574
S13,working,13262.093088679838
S12,working,13266.226974598345
S11,working,13265.949857930325
S09,working,13265.283417927541
S08,working,13264.663842003307
S07,working,13263.823369680236
S06,working,13264.313863334219
S05,working,13262.987751330109
S04,starved,13287.875207670806
S04,working,13291.875207670806
S16,blocked,13311.212157997574
S06,blocked,13314.313863334219
S09,blocked,13316.283417927541
S18,blocked,13315.715957840852
S07,blocked,13319.823369680236
S19,blocked,13324.60939972493
S13,blocked,13322.093088679838
S11,blocked,13328.949857930325
S05,blocked,13326.987751330109
S12,blocked,13333.226974598345
S08,blocked,13333.663842003307
S19,working,13343.60939972493
S18,working,13338.715957840852
S16,working,13338.212157997574
S13,working,13338.093088679838
S12,working,13342.226974598345
S11,working,13341.949857930325
S09,working,13341.283417927541
S08,working,13340.663842003307
S07,working,13339.823369680236
S06,working,13340.313863334219
S05,working,13338.987751330109
S04,starved,13341.875207670806
S04,working,13345.875207670806
S06,blocked,13385.313863334219
S07,blocked,13388.823369680236
S09,blocked,13391.283417927541
S18,blocked,13389.715957840852
S11,blocked,13392.949857930325
S13,blocked,13391.093088679838
S16,blocked,13392.212157997574
S04,starved,13394.875207670806
S04,working,13397.875207670806
S12,blocked,13400.226974598345
S05,blocked,13399.987751330109
S19,blocked,13411.60939972493
S08,blocked,13410.663842003307
S19,working,13423.60939972493
S18,working,13418.715957840852
S16,working,13418.212157997574
S13,working,13418.093088679838
S12,working,13422.226974598345
S11,working,13421.949857930325
S09,working,13421.283417927541
S08,working,13420.663842003307
S07,working,13419.823369680236
S06,working,13420.313863334219
S05,working,13418.987751330109
S08,blocked,13467.663842003307
S16,blocked,13468.212157997574
S09,blocked,13474.283417927541
S07,blocked,13472.823369680236
S06,blocked,13474.313863334219
S18,blocked,13475.715957840852
S13,blocked,13475.093088679838
S19,blocked,13483.60939972493
S05,blocked,13480.987751330109
S12,blocked,13488.226974598345
S03,starved,13492.11313225531
S02,starved,13494.134132987176
S11,blocked,13498.949857930325
S03,working,13496.11313225531
S02,working,13519.134132987176
S19,working,13541.60939972493
S18,working,13536.715957840852
S16,working,13536.212157997574
S13,working,13536.093088679838
S12,working,13540.226974598345
S11,working,13539.949857930325
S09,working,13539.283417927541
S08,working,13538.663842003307
S07,working,13537.823369680236
S06,working,13538.313863334219
S05,working,13536.987751330109
S03,starved,13547.11313225531
S02,starved,13573.134132987176
S03,working,13575.11313225531
S02,working,13579.134132987176
S19,blocked,13589.60939972493
S08,blocked,13589.663842003307
S18,blocked,13589.715957840852
S13,blocked,13590.093088679838
S16,blocked,13591.212157997574
S09,blocked,13594.283417927541
S07,blocked,13592.823369680236
S06,blocked,13593.313863334219
S11,blocked,13595.949857930325
S05,blocked,13595.987751330109
S12,blocked,13600.226974598345
S19,working,13650.60939972493
S18,working,13645.715957840852
S16,working,13645.212157997574
S13,working,13645.093088679838
S12,working,13649.226974598345
S11,working,13648.949857930325
S09,working,13648.283417927541
S08,working,13647.663842003307
S07,working,13646.823369680236
S06,working,13647.313863334219
S05,working,13645.987751330109
S18,down,13684.715957840852
S03,starved,13687.11313225531
S03,working,13688.11313225531
S05,blocked,13694.987751330109
S07,blocked,13696.823369680236
S09,blocked,13700.283417927541
S12,blocked,13703.226974598345
S19,blocked,13706.60939972493
S04,blocked,13706.875207670806
S08,blocked,13708.663842003307
S20,down,13707.941603291792
S19,down,13712.60939972493
S16,down,13707.212157997574
S13,down,13707.093088679838
S12,down,13711.226974598345
S11,down,13710.949857930325
S09,down,13710.283417927541
S08,down,13709.663842003307
S07,down,13708.823369680236
S06,down,13709.313863334219
S05,down,13707.987751330109
S04,down,13709.875207670806
S03,down,13708.11313225531
S02,down,13709.134132987176
S01,down,13710.597017625889
S01,working,14190.597017625889
S02,working,14234.134132987176
S03,working,14278.11313225531
S04,blocked,14324.875207670806
S05,blocked,14367.987751330109
S01,break,14400.597017625889
S02,break,14399.134132987176
S03,break,14398.11313225531
S04,break,14399.875207670806
S05,break,14397.987751330109
S06,break,14399.313863334219
S07,break,14398.823369680236
S08,break,14399.663842003307
S09,break,14400.283417927541
S11,break,14400.949857930325
S12,break,14401.226974598345
S13,break,14397.093088679838
S16,break,14397.212157997574
S17,break,14402.862859207102
S18,break,14397.715957840852
S19,break,14402.60939972493
S20,break,14397.941603291792
S20,working,16197.941603291792
S19,blocked,16202.60939972493
S18,working,16197.715957840852
S17,blocked,16202.862859207102
S16,working,16197.212157997574
S13,working,16197.093088679838
S12,blocked,16201.226974598345
S11,working,16200.949857930325
S09,blocked,16200.283417927541
S08,blocked,16199.663842003307
S07,blocked,16198.823369680236
S06,working,16199.313863334219
S05,blocked,16197.987751330109
S04,blocked,16199.875207670806
S03,down,16198.11313225531
S02,working,16199.134132987176
S01,working,16200.597017625889
S11,blocked,16216.949857930325
S18,blocked,16218.715957840852
S19,working,16226.60939972493
S18,working,16221.715957840852
S17,working,16226.862859207102
S06,blocked,16232.313863334219
S17,blocked,16283.862859207102
S19,blocked,16285.60939972493
S18,blocked,16281.715957840852
S02,blocked,16300.134132987176
S01,blocked,16311.597017625889
S12,working,16320.226974598345
S11,working,16319.949857930325
S09,working,16319.283417927541
S08,working,16318.663842003307
S07,working,16317.823369680236
S06,working,16318.313863334219
S05,working,16316.987751330109
S04,working,16318.875207670806
S19,working,16323.60939972493
S18,working,16318.715957840852
S17,working,16323.862859207102
S20,down,16348.941603291792
S09,blocked,16368.283417927541
S06,blocked,16371.313863334219
S17,blocked,16378.862859207102
S07,blocked,16378.823369680236
S19,blocked,16383.60939972493
S18,blocked,16379.715957840852
S05,blocked,16379.987751330109
S09,working,16386.28341792754
S07,working,16384.823369680234
S06,working,16385.31386333422
S05,working,16383.987751330109
S16,blocked,16425.212157997576
S11,blocked,16433.949857930325
S06,blocked,16437.31386333422
S09,blocked,16439.28341792754
S05,blocked,16440.987751330107
S13,blocked,16444.093088679838
S12,blocked,16448.226974598347
S08,blocked,16446.663842003305
S07,blocked,16446.823369680234
S04,blocked,16455.875207670804
S20,working,16567.941603291794
S19,working,16620.60939972493
S18,working,16615.715957840854
S17,working,16620.8628592071
S16,working,16615.212157997576
S13,working,16615.093088679838
S12,working,16619.226974598347
S11,working,16618.949857930325
S09,working,16618.28341792754
S08,working,16617.663842003305
S07,working,16616.823369680234
S06,working,16617.31386333422
S05,working,16615.987751330107
S04,working,16617.875207670804
S16,blocked,16663.212157997576
S11,blocked,16667.949857930325
S06,blocked,16669.31386333422
S05,blocked,16668.987751330107
S13,blocked,16669.093088679838
S18,blocked,16670.715957840854
S12,blocked,16674.226974598347
S17,blocked,16676.8628592071
S09,blocked,16674.28341792754
S08,blocked,16676.663842003305
S04,blocked,16676.875207670804
S19,blocked,16681.60939972493
S07,blocked,16677.823369680234
S19,working,16715.60939972493
S18,working,16710.715957840854
S17,working,16715.8628592071
S16,working,16710.212157997576
S13,working,16710.093088679838
S12,working,16714.226974598347
S11,working,16713.949857930325
S09,working,16713.28341792754
S08,working,16712.663842003305
S07,working,16711.823369680234
S06,working,16712.31386333422
S05,working,16710.987751330107
S04,starved,16712.875207670804
S07,blocked,16756.823369680234
S06,blocked,16757.31386333422
S17,blocked,16761.8628592071
S18,blocked,16760.715957840854
S11,blocked,16767.949857930325
S16,blocked,16765.212157997576
S05,blocked,16765.987751330107
S13,blocked,16768.093088679838
S12,blocked,16772.226974598347
S09,blocked,16772.28341792754
S08,blocked,16773.663842003305
S19,blocked,16785.60939972493
S03,working,16798.11313225531
S19,working,16818.60939972493
S18,working,16813.715957840854
S17,working,16818.8628592071
S16,working,16813.212157997576
S13,working,16813.093088679838
S12,working,16817.226974598347
S11,working,16816.949857930325
S09,working,16816.28341792754
S08,working,16815.663842003305
S07,working,16814.823369680234
S06,working,16815.31386333422
S05,working,16813.987751330107
S02,working,16821.134132987176
S01,working,16822.59701762589
S04,working,16823.875207670804
S13,blocked,16854.093088679838
S17,blocked,16867.8628592071
S11,blocked,16867.949857930325
S06,blocked,16867.31386333422
S18,blocked,16867.715957840854
S09,blocked,16871.28341792754
S16,blocked,16872.212157997576
S08,blocked,16874.663842003305
S02,blocked,16875.134132987176
S12,blocked,16878.226974598347
S07,blocked,16875.823369680234
S05,blocked,16874.987751330107
S01,blocked,16877.59701762589
S19,blocked,16882.60939972493
S02,working,16881.134132987176
S01,working,16882.59701762589
S04,starved,16882.875207670804
S04,working,16884.875207670804
S19,working,16900.60939972493
S18,working,16895.715957840854
S17,working,16900.8628592071
S16,working,16895.212157997576
S13,working,16895.093088679838
S12,working,16899.226974598347
S11,working,16898.949857930325
S09,working,16898.28341792754
S08,working,16897.663842003305
S07,working,16896.823369680234
S06,working,16897.31386333422
S05,working,16895.987751330107
S17,blocked,16945.8628592071
S16,blocked,16941.212157997576
S09,blocked,16946.28341792754
S05,blocked,16945.987751330107
S19,blocked,16952.60939972493
S18,blocked,16949.715957840854
S08,blocked,16952.663842003305
S13,blocked,16955.093088679838
S07,blocked,16957.823369680234
S12,blocked,16961.226974598347
S11,blocked,16963.949857930325
S06,blocked,16963.31386333422
S19,working,16991.60939972493
S18,working,16986.715957840854
S17,working,16991.8628592071
S16,working,16986.212157997576
S13,working,16986.093088679838
S12,working,16990.226974598347
S11,working,16989.949857930325
S09,working,16989.28341792754
S08,working,16988.663842003305
S07,working,16987.823369680234
S06,working,16988.31386333422
S05,working,16986.987751330107
S06,blocked,17035.31386333422
S07,blocked,17035.823369680234
S18,blocked,17035.715957840854
S11,blocked,17041.949857930325
S09,blocked,17041.28341792754
S16,blocked,17039.212157997576
S13,blocked,17043.093088679838
S08,blocked,17045.663842003305
S17,blocked,17051.8628592071
S05,blocked,17050.987751330107
S12,blocked,17055.226974598347
S19,blocked,17057.60939972493
S04,blocked,17064.875207670804
S19,working,17090.60939972493
S18,working,17085.715957840854
S17,working,17090.8628592071
S16,working,17085.212157997576
S13,working,17085.093088679838
S12,working,17089.226974598347
S11,working,17088.949857930325
S09,working,17088.28341792754
S08,working,17087.663842003305
S07,working,17086.823369680234
S06,working,17087.31386333422
S05,working,17085.987751330107
S04,working,17087.875207670804
S17,blocked,17139.8628592071
S05,blocked,17134.987751330107
S09,blocked,17138.28341792754
S11,blocked,17141.949857930325
S04,blocked,17140.875207670804
S19,blocked,17145.60939972493
S18,blocked,17140.715957840854
S16,blocked,17141.212157997576
S13,blocked,17141.093088679838
S06,blocked,17143.31386333422
S12,blocked,17149.226974598347
S07,blocked,17146.823369680234
S08,blocked,17148.663842003305
S19,working,17175.60939972493
S18,working,17170.715957840854
S17,working,17175.8628592071
S16,working,17170.212157997576
S13,working,17170.093088679838
S12,working,17174.226974598347
S11,working,17173.949857930325
S09,working,17173.28341792754
S08,working,17172.663842003305
S07,working,17171.823369680234
S06,working,17172.31386333422
S05,working,17170.987751330107
S04,working,17172.875207670804
S17,blocked,17221.8628592071
S06,blocked,17218.31386333422
S18,blocked,17220.715957840854
S05,blocked,17220.987751330107
S09,blocked,17225.28341792754
S08,blocked,17225.663842003305
S04,blocked,17225.875207670804
S11,blocked,17227.949857930325
S16,blocked,17225.212157997576
S07,blocked,17226.823369680234
S19,blocked,17232.60939972493
S13,blocked,17227.093088679838
S12,blocked,17235.226974598347
S19,working,17249.60939972493
S18,working,17244.715957840854
S17,working,17249.8628592071
S16,working,17244.212157997576
S13,working,17244.093088679838
S12,working,17248.226974598347
S11,working,17247.949857930325
S09,working,17247.28341792754
S08,working,17246.663842003305
S07,working,17245.823369680234
S06,working,17246.31386333422
S05,working,17244.987751330107
S04,working,17246.875207670804
S17,blocked,17290.8628592071
S07,blocked,17291.823369680234
S09,blocked,17296.28341792754
S06,blocked,17295.31386333422
S05,blocked,17295.987751330107
S16,blocked,17297.212157997576
S08,blocked,17299.663842003305
S11,blocked,17301.949857930325
S04,blocked,17300.875207670804
S18,blocked,17304.715957840854
S19,blocked,17311.60939972493
S13,blocked,17308.093088679838
S12,blocked,17314.226974598347
S19,working,17322.60939972493
S18,working,17317.715957840854
S17,working,17322.8628592071
S16,working,17317.212157997576
S13,working,17317.093088679838
S12,working,17321.226974598347
S11,working,17320.949857930325
S09,working,17320.28341792754
S08,working,17319.663842003305
S07,working,17318.823369680234
S06,working,17319.31386333422
S05,working,17317.987751330107
S04,working,17319.875207670804
S16,blocked,17364.212157997576
S09,blocked,17367.28341792754
S17,blocked,17372.8628592071
S12,blocked,17371.226974598347
S19,blocked,17373.60939972493
S13,blocked,17368.093088679838
S06,blocked,17370.31386333422
S11,blocked,17373.949857930325
S18,blocked,17375.715957840854
S07,blocked,17376.823369680234
S05,blocked,17376.987751330107
S04,blocked,17382.875207670804
S08,blocked,17391.663842003305
S19,working,17401.60939972493
S18,working,17396.715957840854
S17,working,17401.8628592071
S16,working,17396.212157997576
S13,working,17396.093088679838
S12,working,17400.226974598347
S11,working,17399.949857930325
S09,working,17399.28341792754
S08,working,17398.663842003305
S07,working,17397.823369680234
S06,working,17398.31386333422
S05,working,17396.987751330107
S04,working,17398.875207670804
S11,blocked,17445.949857930325
S13,blocked,17444.093088679838
S09,blocked,17447.28341792754
S18,blocked,17446.715957840854
S06,blocked,17448.31386333422
S07,blocked,17448.823369680234
S17,blocked,17453.8628592071
S19,blocked,17455.60939972493
S04,blocked,17453.875207670804
S16,blocked,17454.212157997576
S05,blocked,17454.987751330107
S08,blocked,17460.663842003305
S03,blocked,17459.11313225531
S12,blocked,17463.226974598347
S02,blocked,17476.134132987176
S01,blocked,17491.59701762589
S19,working,17504.60939972493
S18,working,17499.715957840854
S17,working,17504.8628592071
S16,working,17499.212157997576
S13,working,17499.093088679838
S12,working,17503.226974598347
S11,working,17502.949857930325
S09,working,17502.28341792754
S08,working,17501.663842003305
S07,working,17500.823369680234
S06,working,17501.31386333422
S05,working,17499.987751330107
S04,working,17501.875207670804
S03,working,17500.11313225531
S02,working,17501.134132987176
S01,working,17502.59701762589
S17,blocked,17545.8628592071
S16,blocked,17549.212157997576
S08,blocked,17552.663842003305
S01,blocked,17553.59701762589
S18,blocked,17551.715957840854
S03,blocked,17552.11313225531
S02,blocked,17555.134132987176
S09,blocked,17557.28341792754
S19,blocked,17560.60939972493
S07,blocked,17558.823369680234
S04,blocked,17559.875207670804
S12,blocked,17562.226974598347
S11,blocked,17562.949857930325
S05,blocked,17559.987751330107
S13,blocked,17561.093088679838
S06,blocked,17563.31386333422
S19,working,17589.60939972493
S18,working,17584.715957840854
S17,working,17589.8628592071
S16,working,17584.212157997576
S13,working,17584.093088679838
S12,working,17588.226974598347
S11,working,17587.949857930325
S09,working,17587.28341792754
S08,working,17586.663842003305
S07,working,17585.823369680234
S06,working,17586.31386333422
S05,working,17584.987751330107
S04,working,17586.875207670804
S03,working,17585.11313225531
S02,working,17586.134132987176
S01,working,17587.59701762589
S17,blocked,17627.8628592071
S16,blocked,17630.212157997576
S11,blocked,17635.949857930325
S05,blocked,17633.987751330107
S13,blocked,17634.093088679838
S07,blocked,17636.823369680234
S19,blocked,17644.60939972493
S06,blocked,17641.31386333422
S01,blocked,17645.59701762589
S18,blocked,17643.715957840854
S09,blocked,17646.28341792754
S12,blocked,17648.226974598347
S03,blocked,17645.11313225531
S02,blocked,17646.134132987176
S08,blocked,17647.663842003305
S04,blocked,17647.875207670804
S19,working,17673.60939972493
S18,working,17668.715957840854
S17,working,17673.8628592071
S16,working,17668.212157997576
S13,working,17668.093088679838
S12,working,17672.226974598347
S11,working,17671.949857930325
S09,working,17671.28341792754
S08,working,17670.663842003305
S07,working,17669.823369680234
S06,working,17670.31386333422
S05,working,17668.987751330107
S04,working,17670.875207670804
S03,working,17669.11313225531
S02,working,17670.134132987176
S01,working,17671.59701762589
S17,blocked,17719.8628592071
S11,blocked,17719.949857930325
S03,blocked,17722.11313225531
S02,blocked,17725.134132987176
S16,blocked,17724.212157997576
S06,blocked,17726.31386333422
S05,blocked,17725.987751330107
S01,blocked,17728.59701762589
S19,blocked,17732.60939972493
S18,blocked,17727.715957840854
S12,blocked,17731.226974598347
S09,blocked,17731.28341792754
S08,blocked,17730.663842003305
S13,blocked,17729.093088679838
S04,blocked,17732.875207670804
S07,blocked,17733.823369680234
S19,working,17752.60939972493
S18,working,17747.715957840854
S17,working,17752.8628592071
S16,working,17747.212157997576
S13,working,17747.093088679838
S12,working,17751.226974598347
S11,working,17750.949857930325
S09,working,17750.28341792754
S08,working,17749.663842003305
S07,working,17748.823369680234
S06,working,17749.31386333422
S05,working,17747.987751330107
S04,working,17749.875207670804
S03,working,17748.11313225531
S02,working,17749.134132987176
S01,working,17750.59701762589
S09,blocked,17797.28341792754
S17,blocked,17800.8628592071
S19,blocked,17802.60939972493
S13,blocked,17797.093088679838
S07,blocked,17798.823369680234
S03,blocked,17799.11313225531
S18,blocked,17799.715957840854
S02,blocked,17802.134132987176
S08,blocked,17803.663842003305
S16,blocked,17802.212157997576
S11,blocked,17805.949857930325
S06,blocked,17807.31386333422
S04,blocked,17807.875207670804
S12,blocked,17811.226974598347
S01,blocked,17811.59701762589
S05,blocked,17810.987751330107
S19,working,17844.60939972493
S18,working,17839.715957840854
S17,working,17844.8628592071
S16,working,17839.212157997576
S13,working,17839.093088679838
S12,working,17843.226974598347
S11,working,17842.949857930325
S09,working,17842.28341792754
S08,working,17841.663842003305
S07,working,17840.823369680234
S06,working,17841.31386333422
S05,working,17839.987751330107
S04,working,17841.875207670804
S03,working,17840.11313225531
S02,working,17841.134132987176
S01,working,17842.59701762589
S19,blocked,17891.60939972493
S17,blocked,17892.8628592071
S07,blocked,17889.823369680234
S18,blocked,17890.715957840854
S08,blocked,17892.663842003305
S09,blocked,17894.28341792754
S03,blocked,17892.11313225531
S12,blocked,17896.226974598347
S06,blocked,17895.31386333422
S13,blocked,17894.093088679838
S11,blocked,17897.949857930325
S02,blocked,17898.134132987176
S16,blocked,17899.212157997576
S01,blocked,17902.59701762589
S05,blocked,17900.987751330107
S04,blocked,17905.875207670804
S19,working,17943.60939972493
S18,working,17938.715957840854
S17,working,17943.8628592071
S16,working,17938.212157997576
S13,working,17938.093088679838
S12,working,17942.226974598347
S11,working,17941.949857930325
S09,working,17941.28341792754
S08,working,17940.663842003305
S07,working,17939.823369680234
S06,working,17940.31386333422
S05,working,17938.987751330107
S04,working,17940.875207670804
S03,working,17939.11313225531
S02,working,17940.134132987176
S01,working,17941.59701762589
S17,blocked,17984.8628592071
S04,blocked,17988.875207670804
S01,blocked,17990.59701762589
S08,blocked,17990.663842003305
S05,blocked,17989.987751330107
S18,blocked,17990.715957840854
S16,blocked,17991.212157997576
S06,blocked,17993.31386333422
S12,blocked,17997.226974598347
S09,blocked,17996.28341792754
S11,blocked,17997.949857930325
S19,blocked,18000.60939972493
S13,blocked,17995.093088679838
S03,blocked,17997.11313225531
S02,blocked,17998.134132987176
S07,blocked,18002.823369680234
S19,working,18019.60939972493
S18,working,18014.715957840854
S17,working,18019.8628592071
S16,working,18014.212157997576
S19,blocked,18068.60939972493
S18,blocked,18063.715957840854
S17,blocked,18071.8628592071
S16,blocked,18068.212157997576
S19,working,18101.60939972493
S18,working,18096.715957840854
S17,working,18101.8628592071
S16,working,18096.212157997576
S17,blocked,18152.8628592071
S18,blocked,18151.715957840854
S19,blocked,18159.60939972493
S16,blocked,18157.212157997576
S19,working,18189.60939972493
S18,working,18184.715957840854
S17,working,18189.8628592071
S16,working,18184.212157997576
S17,blocked,18232.8628592071
S16,blocked,18235.212157997576
S18,blocked,18238.715957840854
S19,blocked,18254.60939972493
S19,working,18273.60939972493
S18,working,18268.715957840854
S17,working,18273.8628592071
S16,working,18268.212157997576
S19,blocked,18324.60939972493
S18,blocked,18323.715957840854
S17,blocked,18335.8628592071
S16,blocked,18332.212157997576
S19,working,18370.60939972493
S18,working,18365.715957840854
S17,working,18370.8628592071
S16,working,18365.212157997576
S18,blocked,18419.715957840854
S17,blocked,18427.8628592071
S16,blocked,18433.212157997576
S19,blocked,18440.60939972493
S19,working,18455.60939972493
S18,working,18450.715957840854
S17,working,18455.8628592071
S16,starved,18450.212157997576
S19,blocked,18509.60939972493
S18,blocked,18507.715957840854
S17,blocked,18514.8628592071
S13,working,18537.093088679838
S12,working,18541.226974598347
S11,working,18540.949857930325
S09,working,18540.28341792754
S08,working,18539.663842003305
S07,working,18538.823369680234
S06,working,18539.31386333422
S05,working,18537.987751330107
S04,working,18539.875207670804
S03,working,18538.11313225531
S02,working,18539.134132987176
S01,working,18540.59701762589
S19,working,18561.60939972493
S18,working,18556.715957840854
S17,working,18561.8628592071
S01,blocked,18582.59701762589
S11,blocked,18587.949857930325
S09,blocked,18589.28341792754
S07,blocked,18588.823369680234
S03,blocked,18589.11313225531
S13,blocked,18591.093088679838
S12,blocked,18596.226974598347
S08,blocked,18595.663842003305
S06,blocked,18596.31386333422
S13,working,18596.093088679838
S12,working,18600.226974598347
S11,working,18599.949857930325
S09,working,18599.28341792754
S08,working,18598.663842003305
S07,working,18597.823369680234
S06,working,18598.31386333422
S03,working,18599.11313225531
S01,working,18606.59701762589
S19,blocked,18612.60939972493
S18,blocked,18609.715957840854
S16,working,18611.212157997576
S17,blocked,18620.8628592071
S06,blocked,18643.31386333422
S02,blocked,18652.134132987176
S12,blocked,18655.226974598347
S11,blocked,18655.949857930325
S03,blocked,18653.11313225531
S09,blocked,18659.28341792754
S01,blocked,18660.59701762589
S19,working,18666.60939972493
S18,working,18661.715957840854
S17,working,18666.8628592071
S05,blocked,18661.987751330107
S16,starved,18662.212157997576
S12,working,18667.226974598347
S11,working,18666.949857930325
S09,working,18666.28341792754
S07,blocked,18667.823369680234
S16,working,18668.212157997576
S07,working,18671.823369680234
S06,working,18672.31386333422
S05,working,18670.987751330107
S17,blocked,18705.8628592071
S18,blocked,18711.715957840854
S11,blocked,18715.949857930325
S09,blocked,18717.28341792754
S16,starved,18717.212157997576
S06,blocked,18720.31386333422
S05,blocked,18718.987751330107
S08,blocked,18721.663842003305
S12,blocked,18724.226974598347
S16,working,18723.212157997576
S07,blocked,18726.823369680234
S19,blocked,18731.60939972493
S12,working,18740.226974598347
S11,working,18739.949857930325
S09,working,18739.28341792754
S08,working,18738.663842003305
S07,working,18737.823369680234
S06,working,18738.31386333422
S05,working,18736.987751330107
S03,working,18747.11313225531
S02,working,18748.134132987176
S01,working,18749.59701762589
S19,working,18755.60939972493
S18,working,18750.715957840854
S17,working,18755.8628592071
S16,starved,18784.212157997576
S06,blocked,18788.31386333422
S08,blocked,18790.663842003305
S07,blocked,18790.823369680234
S16,working,18792.212157997576
S01,blocked,18796.59701762589
S03,blocked,18796.11313225531
S12,blocked,18800.226974598347
S09,blocked,18800.28341792754
S17,blocked,18805.8628592071
S12,working,18804.226974598347
S09,working,18805.28341792754
S08,working,18804.663842003305
S07,working,18803.823369680234
S06,working,18804.31386333422
S18,blocked,18806.715957840854
S02,blocked,18809.134132987176
S19,blocked,18817.60939972493
S03,working,18813.11313225531
S02,working,18814.134132987176
S01,working,18815.59701762589
S19,working,18850.60939972493
S18,working,18845.715957840854
S17,working,18850.8628592071
S16,starved,18846.212157997576
S11,blocked,18851.949857930325
S09,blocked,18852.28341792754
S13,blocked,18850.093088679838
S05,blocked,18856.987751330107
S07,blocked,18858.823369680234
S06,blocked,18862.31386333422
S13,working,18861.093088679838
S11,working,18864.949857930325
S09,working,18864.28341792754
S03,blocked,18864.11313225531
S02,blocked,18868.134132987176
S16,working,18868.212157997576
S07,working,18869.823369680234
S06,working,18870.31386333422
S05,working,18868.987751330107
S03,working,18873.11313225531
S02,working,18874.134132987176
S01,starved,18881.59701762589
S17,blocked,18897.8628592071
S19,blocked,18903.60939972493
S18,blocked,18899.715957840854
S11,blocked,18910.949857930325
S04,down,18913.875207670804
S12,blocked,18920.226974598347
S09,blocked,18920.28341792754
S07,blocked,18918.823369680234
S12,working,18924.226974598347
S11,working,18923.949857930325
S09,working,18923.28341792754
S07,working,18921.823369680234
S03,blocked,18922.11313225531
S16,blocked,18923.212157997576
S02,blocked,18930.134132987176
S19,working,18934.60939972493
S18,working,18929.715957840854
S17,working,18934.8628592071
S16,working,18929.212157997576
S09,blocked,18968.28341792754
S13,blocked,18971.093088679838
S06,blocked,18975.31386333422
S05,blocked,18973.987751330107
S12,blocked,18978.226974598347
S07,blocked,18976.823369680234
S13,working,18976.093088679838
S12,working,18980.226974598347
S08,blocked,18980.663842003305
S19,blocked,18984.60939972493
S18,blocked,18981.715957840854
S17,blocked,18988.8628592071
S09,working,18989.28341792754
S08,working,18988.663842003305
S07,working,18987.823369680234
S06,working,18988.31386333422
S05,working,18986.987751330107
S01,working,19003.59701762589
S16,blocked,19005.212157997576
S19,working,19021.60939972493
S18,working,19016.715957840854
S17,working,19021.8628592071
S16,working,19016.212157997576
S13,blocked,19026.093088679838
S12,blocked,19035.226974598347
S11,blocked,19037.949857930325
S13,working,19037.093088679838
S12,working,19041.226974598347
S11,working,19040.949857930325
S06,blocked,19040.31386333422
S05,blocked,19043.987751330107
S07,blocked,19049.823369680234
S07,working,19050.823369680234
S06,working,19051.31386333422
S05,starved,19049.987751330107
S01,blocked,19061.59701762589
S17,blocked,19066.8628592071
S16,blocked,19065.212157997576
S18,blocked,19069.715957840854
S19,blocked,19075.60939972493
S11,blocked,19086.949857930325
S13,blocked,19087.093088679838
S13,working,19090.093088679838
S09,blocked,19098.28341792754
S19,working,19102.60939972493
S18,working,19097.715957840854
S17,working,19102.8628592071
S16,working,19097.212157997576
S11,working,19101.949857930325
S06,blocked,19105.31386333422
S09,working,19109.28341792754
S07,blocked,19108.823369680234
S07,working,19112.823369680234
S06,working,19113.31386333422
S11,blocked,19143.949857930325
S17,blocked,19149.8628592071
S18,blocked,19145.715957840854
S19,blocked,19153.60939972493
S16,blocked,19152.212157997576
S11,working,19158.949857930325
S09,blocked,19163.28341792754
S07,blocked,19162.823369680234
S06,blocked,19165.31386333422
S08,blocked,19172.663842003305
S09,working,19174.28341792754
S08,working,19173.663842003305
S07,working,19172.823369680234
S06,working,19173.31386333422
S19,working,19184.60939972493
S18,working,19179.715957840854
S17,working,19184.8628592071
S16,working,19179.212157997576
S11,blocked,19198.949857930325
S12,blocked,19210.226974598347
S13,blocked,19212.093088679838
S09,blocked,19221.28341792754
S07,blocked,19224.823369680234
S13,working,19225.093088679838
S12,working,19229.226974598347
S11,working,19228.949857930325
S09,working,19228.28341792754
S06,blocked,19228.31386333422
S07,working,19228.823369680234
S06,working,19229.31386333422
S18,blocked,19228.715957840854
S16,blocked,19232.212157997576
S19,blocked,19247.60939972493
S17,blocked,19249.8628592071
S19,working,19255.60939972493
S18,working,19250.715957840854
S17,working,19255.8628592071
S16,working,19250.212157997576
S11,blocked,19270.949857930325
S06,blocked,19278.31386333422
S13,blocked,19278.093088679838
S09,blocked,19283.28341792754
S07,blocked,19281.823369680234
S13,working,19282.093088679838
S08,blocked,19286.663842003305
S11,working,19293.949857930325
S09,working,19293.28341792754
S08,working,19292.663842003305
S07,working,19291.823369680234
S06,starved,19292.31386333422
S19,blocked,19299.60939972493
S17,blocked,19305.8628592071
S16,blocked,19300.212157997576
S18,blocked,19302.715957840854
S19,working,19343.60939972493
S18,working,19338.715957840854
S17,working,19343.8628592071
S16,working,19338.212157997576
S13,blocked,19338.093088679838
S12,blocked,19348.226974598347
S13,working,19345.093088679838
S12,working,19349.226974598347
S08,blocked,19349.663842003305
S07,blocked,19349.823369680234
S08,working,19354.663842003305
S07,working,19353.823369680234
S17,blocked,19389.8628592071
S04,working,19388.875207670804
S16,blocked,19387.212157997576
S18,blocked,19396.715957840854
S13,blocked,19396.093088679838
S03,working,19400.11313225531
S02,working,19401.134132987176
S01,working,19402.59701762589
S19,blocked,19405.60939972493
S05,working,19402.987751330107
S08,blocked,19406.663842003305
S07,blocked,19405.823369680234
S09,blocked,19409.28341792754
S13,working,19408.093088679838
S19,working,19444.60939972493
S18,working,19439.715957840854
S17,working,19444.8628592071
S16,working,19439.212157997576
S03,blocked,19449.11313225531
S01,blocked,19452.59701762589
S02,blocked,19460.134132987176
S03,working,19461.11313225531
S02,working,19462.134132987176
S01,working,19463.59701762589
S09,working,19466.28341792754
S08,working,19465.663842003305
S07,working,19464.823369680234
S12,blocked,19472.226974598347
S12,working,19473.226974598347
S06,working,19472.31386333422
S17,blocked,19497.8628592071
S18,blocked,19493.715957840854
S16,blocked,19505.212157997576
S19,blocked,19512.60939972493
S03,blocked,19512.11313225531
S19,working,19517.60939972493
S18,working,19512.715957840854
S17,working,19517.8628592071
S16,working,19512.212157997576
S09,blocked,19517.28341792754
S09,working,19520.28341792754
S02,blocked,19519.134132987176
S03,working,19521.11313225531
S02,working,19522.134132987176
S07,blocked,19522.823369680234
S05,starved,19521.987751330107
S05,working,19522.987751330107
S06,starved,19525.31386333422
S06,working,19528.31386333422
S07,working,19532.823369680234
S17,blocked,19557.8628592071
S19,blocked,19566.60939972493
S09,blocked,19568.28341792754
S18,blocked,19567.715957840854
S09,working,19574.28341792754
S03,blocked,19572.11313225531
S16,blocked,19574.212157997576
S13,blocked,19575.093088679838
S03,working,19576.11313225531
S06,starved,19585.31386333422
S13,working,19584.093088679838
S06,working,19590.31386333422
S19,working,19605.60939972493
S18,working,19600.715957840854
S17,working,19605.8628592071
S16,working,19600.212157997576
S03,blocked,19628.11313225531
S01,blocked,19638.59701762589
S03,working,19639.11313225531
S01,working,19641.59701762589
S13,blocked,19639.093088679838
S05,starved,19639.987751330107
S05,working,19641.987751330107
S06,starved,19644.31386333422
S06,working,19646.31386333422
S12,blocked,19649.226974598347
S13,working,19646.093088679838
S12,working,19650.226974598347
S18,blocked,19650.715957840854
S16,blocked,19651.212157997576
S19,blocked,19661.60939972493
S17,blocked,19661.8628592071
S09,blocked,19679.28341792754
S09,working,19683.28341792754
S02,blocked,19692.134132987176
S19,working,19696.60939972493
S18,working,19691.715957840854
S17,working,19696.8628592071
S16,working,19691.212157997576
S03,blocked,19692.11313225531
S06,starved,19697.31386333422
S05,starved,19697.987751330107
S03,working,19698.11313225531
S02,working,19699.134132987176
S05,working,19700.987751330107
S12,blocked,19706.226974598347
S06,working,19704.31386333422
S13,blocked,19703.093088679838
S13,working,19710.093088679838
S12,working,19714.226974598347
S17,blocked,19740.8628592071
S18,blocked,19743.715957840854
S06,starved,19748.31386333422
S19,blocked,19753.60939972493
S03,blocked,19749.11313225531
S16,blocked,19750.212157997576
S05,starved,19752.987751330107
S01,blocked,19757.59701762589
S06,working,19759.31386333422
S03,working,19762.11313225531
S01,working,19764.59701762589
S05,working,19764.987751330107
S13,blocked,19767.093088679838
S12,blocked,19777.226974598347
S19,working,19788.60939972493
S18,working,19783.715957840854
S17,working,19788.8628592071
S16,working,19783.212157997576
S13,working,19783.093088679838
S12,working,19787.226974598347
S09,blocked,19786.28341792754
S09,working,19792.28341792754
S01,blocked,19814.59701762589
S03,blocked,19816.11313225531
S06,starved,19820.31386333422
S02,blocked,19822.134132987176
S05,starved,19823.987751330107
S11,blocked,19827.949857930325
S17,blocked,19833.8628592071
S06,working,19830.31386333422
S03,working,19830.11313225531
S02,working,19831.134132987176
S01,working,19832.59701762589
S05,working,19832.987751330107
S16,blocked,19834.212157997576
S13,blocked,19834.093088679838
S18,blocked,19837.715957840854
S12,blocked,19843.226974598347
S19,blocked,19850.60939972493
S09,blocked,19851.28341792754
S19,working,19870.60939972493
S18,working,19865.715957840854
S17,working,19870.8628592071
S16,working,19865.212157997576
S13,working,19865.093088679838
S12,working,19869.226974598347
S11,working,19868.949857930325
S09,working,19868.28341792754
S06,starved,19877.31386333422
S02,blocked,19880.134132987176
S01,blocked,19883.59701762589
S03,blocked,19882.11313225531
S05,starved,19884.987751330107
S06,working,19892.31386333422
S03,working,19891.11313225531
S02,working,19892.134132987176
S01,working,19893.59701762589
S05,working,19893.987751330107
S17,blocked,19909.8628592071
S11,blocked,19916.949857930325
S18,blocked,19917.715957840854
S09,blocked,19924.28341792754
S19,blocked,19928.60939972493
S16,blocked,19923.212157997576
S13,blocked,19923.093088679838
S12,blocked,19932.226974598347
S08,blocked,19938.663842003305
S06,starved,19939.31386333422
S05,starved,19939.987751330107
S07,blocked,19942.823369680234
S06,working,19945.31386333422
S03,blocked,19945.11313225531
S03,working,19947.11313225531
S01,blocked,19949.59701762589
S05,working,19949.987751330107
S01,working,19953.59701762589
S19,working,19984.60939972493
S18,working,19979.715957840854
S17,working,19984.8628592071
S16,working,19979.212157997576
S13,working,19979.093088679838
S12,working,19983.226974598347
S11,working,19982.949857930325
S09,working,19982.28341792754
S08,working,19981.663842003305
S07,working,19980.823369680234
S03,blocked,19995.11313225531
S02,blocked,20003.134132987176
S01,blocked,20004.59701762589
S03,working,20003.11313225531
S02,working,20004.134132987176
S01,working,20005.59701762589
S05,starved,20003.987751330107
S06,starved,20007.31386333422
S05,working,20005.987751330107
S06,working,20010.31386333422
S07,blocked,20021.823369680234
S11,blocked,20024.949857930325
S16,blocked,20028.212157997576
S18,blocked,20029.715957840854
S19,blocked,20035.60939972493
S17,blocked,20037.8628592071
S13,blocked,20034.093088679838
S09,blocked,20041.28341792754
S12,blocked,20048.226974598347
S08,blocked,20050.663842003305
S03,blocked,20052.11313225531
S01,blocked,20054.59701762589
S19,working,20059.60939972493
S18,working,20054.715957840854
S17,working,20059.8628592071
S16,working,20054.212157997576
S13,working,20054.093088679838
S12,working,20058.226974598347
S11,working,20057.949857930325
S09,working,20057.28341792754
S08,working,20056.663842003305
S07,working,20055.823369680234
S02,blocked,20056.134132987176
S05,starved,20068.987751330107
S06,starved,20071.31386333422
S06,working,20075.31386333422
S03,working,20077.11313225531
S02,working,20078.134132987176
S01,working,20079.59701762589
S05,working,20079.987751330107
S17,blocked,20104.8628592071
S09,blocked,20103.28341792754
S08,blocked,20103.663842003305
S13,blocked,20104.093088679838
S16,blocked,20105.212157997576
S11,blocked,20111.949857930325
S12,blocked,20116.226974598347
S18,blocked,20113.715957840854
S19,blocked,20123.60939972493
S07,blocked,20119.823369680234
S02,blocked,20129.134132987176
S01,blocked,20134.59701762589
S06,starved,20134.31386333422
S02,working,20134.134132987176
S01,working,20135.59701762589
S19,working,20142.60939972493
S18,working,20137.715957840854
S17,working,20142.8628592071
S16,working,20137.212157997576
S13,working,20137.093088679838
S12,working,20141.226974598347
S11,working,20140.949857930325
S09,working,20140.28341792754
S08,working,20139.663842003305
S07,working,20138.823369680234
S01,blocked,20182.59701762589
S17,blocked,20185.8628592071
S03,blocked,20183.11313225531
S16,blocked,20183.212157997576
S11,blocked,20190.949857930325
S03,working,20189.11313225531
S18,blocked,20189.715957840854
S06,working,20194.31386333422
S01,working,20195.59701762589
S09,blocked,20196.28341792754
S12,blocked,20199.226974598347
S19,blocked,20203.60939972493
S07,blocked,20200.823369680234
S13,blocked,20203.093088679838
S08,blocked,20205.663842003305
S19,working,20227.60939972493
S18,working,20222.715957840854
S17,working,20227.8628592071
S16,working,20222.212157997576
S13,working,20222.093088679838
S12,working,20226.226974598347
S11,working,20225.949857930325
S09,working,20225.28341792754
S08,working,20224.663842003305
S07,working,20223.823369680234
S06,starved,20244.31386333422
S06,working,20247.31386333422
S01,blocked,20252.59701762589
S01,working,20256.59701762589
S09,blocked,20272.28341792754
S08,blocked,20273.663842003305
S18,blocked,20272.715957840854
S07,blocked,20273.823369680234
S11,blocked,20281.949857930325
S19,blocked,20284.60939972493
S12,blocked,20288.226974598347
S13,blocked,20286.093088679838
S16,blocked,20287.212157997576
S17,blocked,20293.8628592071
S19,working,20298.60939972493
S18,working,20293.715957840854
S17,working,20298.8628592071
S16,working,20293.212157997576
S13,working,20293.093088679838
S12,working,20297.226974598347
S11,working,20296.949857930325
S09,working,20296.28341792754
S08,working,20295.663842003305
S07,working,20294.823369680234
S06,starved,20297.31386333422
S03,blocked,20300.11313225531
S03,working,20301.11313225531
S06,working,20304.31386333422
S01,blocked,20314.59701762589
S01,working,20315.59701762589
S09,blocked,20344.28341792754
S11,blocked,20346.949857930325
S18,blocked,20344.715957840854
S07,blocked,20347.823369680234
S19,blocked,20352.60939972493
S16,blocked,20350.212157997576
S17,blocked,20357.8628592071
S12,blocked,20358.226974598347
S03,blocked,20355.11313225531
S08,blocked,20357.663842003305
S13,blocked,20363.093088679838
S03,working,20364.11313225531
S19,working,20371.60939972493
S18,working,20366.715957840854
S17,working,20371.8628592071
S16,working,20366.212157997576
S13,working,20366.093088679838
S12,working,20370.226974598347
S11,working,20369.949857930325
S09,working,20369.28341792754
S08,working,20368.663842003305
S07,working,20367.823369680234
S01,blocked,20373.59701762589
S01,working,20377.59701762589
S17,blocked,20406.8628592071
S06,starved,20407.31386333422
S11,blocked,20414.949857930325
S06,working,20415.31386333422
S03,blocked,20416.11313225531
S09,blocked,20419.28341792754
S03,working,20418.11313225531
S19,blocked,20423.60939972493
S18,blocked,20420.715957840854
S01,blocked,20423.59701762589
S07,blocked,20422.823369680234
S16,blocked,20427.212157997576
S13,blocked,20427.093088679838
S12,blocked,20431.226974598347
S08,blocked,20432.663842003305
S01,working,20437.59701762589
S19,working,20446.60939972493
S18,working,20441.715957840854
S17,working,20446.8628592071
S16,working,20441.212157997576
S13,working,20441.093088679838
S12,working,20445.226974598347
S11,working,20444.949857930325
S09,working,20444.28341792754
S08,working,20443.663842003305
S07,working,20442.823369680234
S06,starved,20464.31386333422
S03,blocked,20468.11313225531
S06,working,20473.31386333422
S03,working,20484.11313225531
S16,blocked,20491.212157997576
S18,blocked,20497.715957840854
S11,blocked,20500.949857930325
S09,blocked,20500.28341792754
S19,blocked,20503.60939972493
S07,blocked,20500.823369680234
S17,blocked,20506.8628592071
S13,blocked,20503.093088679838
S12,blocked,20507.226974598347
S08,blocked,20508.663842003305
S19,working,20527.60939972493
S18,working,20522.715957840854
S17,working,20527.8628592071
S16,working,20522.212157997576
S06,blocked,20536.31386333422
S03,blocked,20538.11313225531
S13,working,20540.093088679838
S12,working,20544.226974598347
S11,working,20543.949857930325
S09,working,20543.28341792754
S08,working,20542.663842003305
S07,working,20541.823369680234
S06,working,20542.31386333422
S01,blocked,20546.59701762589
S03,working,20545.11313225531
S01,working,20566.59701762589
S19,blocked,20580.60939972493
S16,blocked,20575.212157997576
S18,blocked,20577.715957840854
S17,blocked,20584.8628592071
S07,blocked,20584.823369680234
S13,blocked,20589.093088679838
S11,blocked,20592.949857930325
S06,blocked,20595.31386333422
S03,blocked,20595.11313225531
S12,blocked,20599.226974598347
S09,blocked,20601.28341792754
S03,working,20600.11313225531
S08,blocked,20605.663842003305
S19,working,20634.60939972493
S18,working,20629.715957840854
S17,working,20634.8628592071
S16,working,20629.212157997576
S13,working,20629.093088679838
S12,working,20633.226974598347
S11,working,20632.949857930325
S09,working,20632.28341792754
S08,working,20631.663842003305
S07,working,20630.823369680234
S06,working,20631.31386333422
S03,blocked,20650.11313225531
S03,working,20656.11313225531
S09,blocked,20684.28341792754
S16,blocked,20682.212157997576
S18,blocked,20683.715957840854
S06,blocked,20685.31386333422
S13,blocked,20685.093088679838
S12,blocked,20689.226974598347
S07,blocked,20688.823369680234
S11,blocked,20692.949857930325
S08,blocked,20691.663842003305
S19,blocked,20699.60939972493
S17,blocked,20700.8628592071
S03,blocked,20707.11313225531
S03,working,20708.11313225531
S19,working,20746.60939972493
S18,working,20741.715957840854
S17,working,20746.8628592071
S16,working,20741.212157997576
S13,working,20741.093088679838
S12,working,20745.226974598347
S11,working,20744.949857930325
S09,working,20744.28341792754
S08,working,20743.663842003305
S07,working,20742.823369680234
S06,working,20743.31386333422
S03,blocked,20761.11313225531
S03,working,20768.11313225531
S07,blocked,20785.823369680234
S13,blocked,20789.093088679838
S06,blocked,20793.31386333422
S16,blocked,20795.212157997576
S17,blocked,20801.8628592071
S08,blocked,20799.663842003305
S19,blocked,20803.60939972493
S12,blocked,20802.226974598347
S09,blocked,20801.28341792754
S18,blocked,20799.715957840854
S11,blocked,20803.949857930325
S02,blocked,20835.134132987176
S19,working,20840.60939972493
S18,working,20835.715957840854
S17,working,20840.8628592071
S16,working,20835.212157997576
S13,working,20835.093088679838
S12,working,20839.226974598347
S11,working,20838.949857930325
S09,working,20838.28341792754
S08,working,20837.663842003305
S07,working,20836.823369680234
S06,working,20837.31386333422
S01,blocked,20845.59701762589
S02,working,20848.134132987176
S01,working,20849.59701762589
S06,blocked,20884.31386333422
S11,blocked,20886.949857930325
S16,blocked,20886.212157997576
S07,blocked,20887.823369680234
S08,blocked,20889.663842003305
S19,blocked,20893.60939972493
S09,blocked,20891.28341792754
S12,blocked,20893.226974598347
S18,blocked,20890.715957840854
S17,blocked,20895.8628592071
S13,blocked,20894.093088679838
S02,blocked,20899.134132987176
S02,working,20900.134132987176
S19,working,20920.60939972493
S18,working,20915.715957840854
S17,working,20920.8628592071
S16,working,20915.212157997576
S13,working,20915.093088679838
S12,working,20919.226974598347
S11,working,20918.949857930325
S09,working,20918.28341792754
S08,working,20917.663842003305
S07,working,20916.823369680234
S06,working,20917.31386333422
S03,blocked,20949.11313225531
S03,working,20953.11313225531
S09,blocked,20961.28341792754
S06,blocked,20964.31386333422
S18,blocked,20964.715957840854
S16,blocked,20967.212157997576
S19,blocked,20973.60939972493
S13,blocked,20971.093088679838
S08,blocked,20973.663842003305
S07,blocked,20972.823369680234
S12,blocked,20976.226974598347
S17,blocked,20981.8628592071
S11,blocked,20979.949857930325
S05,blocked,20976.987751330107
S19,working,20998.60939972493
S18,working,20993.715957840854
S17,working,20998.8628592071
S16,working,20993.212157997576
S13,working,20993.093088679838
S12,working,20997.226974598347
S11,working,20996.949857930325
S09,working,20996.28341792754
S08,working,20995.663842003305
S07,working,20994.823369680234
S06,working,20995.31386333422
S05,working,20993.987751330107
S03,blocked,21010.11313225531
S02,blocked,21014.134132987176
S03,working,21018.11313225531
S02,working,21019.134132987176
S18,blocked,21039.715957840854
S06,blocked,21041.31386333422
S17,blocked,21047.8628592071
S16,blocked,21044.212157997576
S09,blocked,21048.28341792754
S19,blocked,21051.60939972493
S13,blocked,21046.093088679838
S05,blocked,21047.987751330107
S11,blocked,21053.949857930325
S07,blocked,21053.823369680234
S08,blocked,21057.663842003305
S12,blocked,21065.226974598347
S19,working,21084.60939972493
S18,working,21079.715957840854
S17,working,21084.8628592071
S16,working,21079.212157997576
S13,working,21079.093088679838
S12,working,21083.226974598347
S11,working,21082.949857930325
S09,working,21082.28341792754
S08,working,21081.663842003305
S07,working,21080.823369680234
S06,working,21081.31386333422
S05,working,21079.987751330107
S03,blocked,21123.11313225531
S02,blocked,21126.134132987176
S07,blocked,21126.823369680234
S01,blocked,21129.59701762589
S06,blocked,21129.31386333422
S17,blocked,21133.8628592071
S08,blocked,21130.663842003305
S09,blocked,21132.28341792754
S18,blocked,21131.715957840854
S11,blocked,21135.949857930325
S03,working,21134.11313225531
S02,working,21135.134132987176
S01,working,21136.59701762589
S19,blocked,21140.60939972493
S16,blocked,21140.212157997576
S12,blocked,21147.226974598347
S05,blocked,21146.987751330107
S13,blocked,21154.093088679838
S19,working,21163.60939972493
S18,working,21158.715957840854
S17,working,21163.8628592071
S16,working,21158.212157997576
S13,working,21158.093088679838
S12,working,21162.226974598347
S11,working,21161.949857930325
S09,working,21161.28341792754
S08,working,21160.663842003305
S07,working,21159.823369680234
S06,working,21160.31386333422
S05,working,21158.987751330107
S02,blocked,21191.134132987176
S02,working,21193.134132987176
S09,blocked,21207.28341792754
S19,blocked,21212.60939972493
S11,blocked,21210.949857930325
S12,blocked,21213.226974598347
S16,blocked,21210.212157997576
S06,blocked,21214.31386333422
S18,blocked,21213.715957840854
S05,blocked,21214.987751330107
S17,blocked,21223.8628592071
S08,blocked,21227.663842003305
S13,blocked,21229.093088679838
S07,blocked,21236.823369680234
S03,blocked,21244.11313225531
S01,blocked,21248.59701762589
S03,working,21247.11313225531
S01,working,21250.59701762589
S19,working,21257.60939972493
S18,working,21252.715957840854
S17,working,21257.8628592071
S16,working,21252.212157997576
S13,working,21252.093088679838
S12,working,21256.226974598347
S11,working,21255.949857930325
S09,working,21255.28341792754
S08,working,21254.663842003305
S07,working,21253.823369680234
S06,working,21254.31386333422
S05,working,21252.987751330107
S08,blocked,21296.663842003305
S03,blocked,21295.11313225531
S06,blocked,21300.31386333422
S05,blocked,21300.987751330107
S01,blocked,21303.59701762589
S11,blocked,21306.949857930325
S18,blocked,21305.715957840854
S19,blocked,21311.60939972493
S16,blocked,21306.212157997576
S07,blocked,21308.823369680234
S02,blocked,21309.134132987176
S09,blocked,21311.28341792754
S17,blocked,21315.8628592071
S03,working,21311.11313225531
S02,working,21312.134132987176
S01,working,21313.59701762589
S12,blocked,21316.226974598347
S13,blocked,21316.093088679838
S19,working,21326.60939972493
S18,working,21321.715957840854
S17,working,21326.8628592071
S16,working,21321.212157997576
S13,working,21321.093088679838
S12,working,21325.226974598347
S11,working,21324.949857930325
S09,working,21324.28341792754
S08,working,21323.663842003305
S07,working,21322.823369680234
S06,working,21323.31386333422
S05,working,21321.987751330107
S03,blocked,21365.11313225531
S06,blocked,21369.31386333422
S02,blocked,21370.134132987176
S17,blocked,21375.8628592071
S18,blocked,21371.715957840854
S16,blocked,21371.212157997576
S09,blocked,21379.28341792754
S03,working,21377.11313225531
S02,working,21378.134132987176
S13,blocked,21379.093088679838
S12,blocked,21383.226974598347
S05,blocked,21380.987751330107
S07,blocked,21382.823369680234
S11,blocked,21387.949857930325
S08,blocked,21388.663842003305
S19,blocked,21395.60939972493
S19,working,21424.60939972493
S18,working,21419.715957840854
S17,working,21424.8628592071
S16,working,21419.212157997576
S13,working,21419.093088679838
S12,working,21423.226974598347
S11,working,21422.949857930325
S09,working,21422.28341792754
S08,working,21421.663842003305
S07,working,21420.823369680234
S06,working,21421.31386333422
S05,working,21419.987751330107
S01,blocked,21424.59701762589
S02,blocked,21426.134132987176
S03,blocked,21431.11313225531
S03,working,21438.11313225531
S02,working,21439.134132987176
S01,working,21440.59701762589
S11,blocked,21468.949857930325
S08,blocked,21468.663842003305
S17,blocked,21473.8628592071
S06,blocked,21471.31386333422
S09,blocked,21476.28341792754
S13,blocked,21474.093088679838
S18,blocked,21476.715957840854
S16,blocked,21476.212157997576
S07,blocked,21477.823369680234
S19,blocked,21482.60939972493
S05,blocked,21479.987751330107
S12,blocked,21487.226974598347
S03,blocked,21487.11313225531
S01,blocked,21496.59701762589
S19,working,21499.60939972493
S18,working,21494.715957840854
S17,working,21499.8628592071
S16,working,21494.212157997576
S13,working,21494.093088679838
S12,working,21498.226974598347
S11,working,21497.949857930325
S09,working,21497.28341792754
S08,working,21496.663842003305
S07,working,21495.823369680234
S06,working,21496.31386333422
S05,working,21494.987751330107
S02,blocked,21496.134132987176
S03,working,21498.11313225531
S02,working,21499.134132987176
S01,working,21500.59701762589
S03,blocked,21545.11313225531
S19,blocked,21550.60939972493
S18,blocked,21545.715957840854
S17,blocked,21550.8628592071
S16,blocked,21545.212157997576
S12,blocked,21551.226974598347
S01,blocked,21551.59701762589
S13,blocked,21550.093088679838
S09,blocked,21553.28341792754
S02,blocked,21553.134132987176
S11,blocked,21556.949857930325
S08,blocked,21559.663842003305
S07,blocked,21559.823369680234
S05,blocked,21559.987751330107
S06,blocked,21564.31386333422
S19,working,21588.60939972493
S18,working,21583.715957840854
S17,working,21588.8628592071
S16,working,21583.212157997576
S13,working,21583.093088679838
S12,working,21587.226974598347
S11,working,21586.949857930325
S09,working,21586.28341792754
S08,working,21585.663842003305
S07,working,21584.823369680234
S06,working,21585.31386333422
S05,working,21583.987751330107
S03,working,21613.11313225531
S02,working,21614.134132987176
S01,working,21615.59701762589
S18,blocked,21635.715957840854
S09,blocked,21639.28341792754
S06,blocked,21638.31386333422
S17,blocked,21642.8628592071
S11,blocked,21640.949857930325
S07,blocked,21640.823369680234
S08,blocked,21642.663842003305
S16,blocked,21641.212157997576
S19,blocked,21650.60939972493
S05,blocked,21646.987751330107
S13,blocked,21648.093088679838
S12,blocked,21653.226974598347
S01,blocked,21666.59701762589
S03,blocked,21668.11313225531
S02,blocked,21670.134132987176
S19,working,21677.60939972493
S18,working,21672.715957840854
S17,working,21677.8628592071
S16,working,21672.212157997576
S13,working,21672.093088679838
S12,working,21676.226974598347
S11,working,21675.949857930325
S09,working,21675.28341792754
S08,working,21674.663842003305
S07,working,21673.823369680234
S06,working,21674.31386333422
S05,working,21672.987751330107
S03,working,21676.11313225531
S02,working,21677.134132987176
S01,working,21678.59701762589
S17,blocked,21721.8628592071
S08,blocked,21721.663842003305
S16,blocked,21720.212157997576
S07,blocked,21724.823369680234
S11,blocked,21727.949857930325
S02,blocked,21726.134132987176
S18,blocked,21725.715957840854
S19,blocked,21731.60939972493
S09,blocked,21729.28341792754
S05,blocked,21726.987751330107
S03,blocked,21728.11313225531
S12,blocked,21732.226974598347
S01,blocked,21732.59701762589
S06,blocked,21732.31386333422
S04,blocked,21734.875207670804
S13,blocked,21756.093088679838
S19,working,21767.60939972493
S18,working,21762.715957840854
S17,working,21767.8628592071
S16,working,21762.212157997576
S13,working,21762.093088679838
S12,working,21766.226974598347
S11,working,21765.949857930325
S09,working,21765.28341792754
S08,working,21764.663842003305
S07,working,21763.823369680234
S06,working,21764.31386333422
S05,working,21762.987751330107
S04,working,21764.875207670804
S03,working,21763.11313225531
S02,working,21764.134132987176
S01,working,21765.59701762589
S07,blocked,21805.823369680234
S06,blocked,21807.31386333422
S09,blocked,21811.28341792754
S11,blocked,21812.949857930325
S19,blocked,21816.60939972493
S18,blocked,21811.715957840854
S17,blocked,21816.8628592071
S16,blocked,21813.212157997576
S05,blocked,21815.987751330107
S03,blocked,21818.11313225531
S02,blocked,21823.134132987176
S04,blocked,21824.875207670804
S12,blocked,21827.226974598347
S13,blocked,21824.093088679838
S01,blocked,21830.59701762589
S08,blocked,21835.663842003305
S19,working,21857.60939972493
S18,working,21852.715957840854
S17,working,21857.8628592071
S16,working,21852.212157997576
S13,working,21852.093088679838
S12,working,21856.226974598347
S11,working,21855.949857930325
S09,working,21855.28341792754
S08,working,21854.663842003305
S07,working,21853.823369680234
S06,working,21854.31386333422
S05,working,21852.987751330107
S04,working,21854.875207670804
S03,working,21853.11313225531
S02,working,21854.134132987176
S01,working,21855.59701762589
S17,blocked,21902.8628592071
S18,blocked,21898.715957840854
S02,blocked,21901.134132987176
S06,blocked,21907.31386333422
S13,blocked,21906.093088679838
S08,blocked,21908.663842003305
S03,blocked,21907.11313225531
S01,blocked,21909.59701762589
S11,blocked,21910.949857930325
S07,blocked,21908.823369680234
S09,blocked,21911.28341792754
S16,blocked,21911.212157997576
S12,blocked,21917.226974598347
S05,blocked,21916.987751330107
S04,blocked,21919.875207670804
S19,blocked,21929.60939972493
S19,working,21931.60939972493
S18,working,21926.715957840854
S17,working,21931.8628592071
S16,working,21926.212157997576
S13,working,21926.093088679838
S12,working,21930.226974598347
S11,working,21929.949857930325
S18,blocked,21975.715957840854
S13,blocked,21980.093088679838
S17,blocked,21988.8628592071
S19,blocked,21989.60939972493
S16,blocked,21988.212157997576
S11,blocked,21994.949857930325
S12,blocked,22001.226974598347
S19,working,22011.60939972493
S18,working,22006.715957840854
S17,working,22011.8628592071
S16,working,22006.212157997576
S13,working,22006.093088679838
S12,working,22010.226974598347
S11,working,22009.949857930325
S17,blocked,22060.8628592071
S11,blocked,22060.949857930325
S18,blocked,22061.715957840854
S12,blocked,22069.226974598347
S16,blocked,22070.212157997576
S19,blocked,22079.60939972493
S13,blocked,22084.093088679838
S19,working,22104.60939972493
S18,working,22099.715957840854
S17,working,22104.8628592071
S16,working,22099.212157997576
S13,working,22099.093088679838
S12,working,22103.226974598347
S11,starved,22102.949857930325
S16,blocked,22144.212157997576
S13,blocked,22147.093088679838
S18,blocked,22151.715957840854
S17,blocked,22157.8628592071
S19,blocked,22172.60939972493
S12,blocked,22176.226974598347
S19,working,22193.60939972493
S18,working,22188.715957840854
S17,working,22193.8628592071
S16,working,22188.212157997576
S13,working,22188.093088679838
S12,working,22192.226974598347
S17,blocked,22242.8628592071
S16,blocked,22237.212157997576
S13,blocked,22239.093088679838
S18,blocked,22241.715957840854
S19,blocked,22249.60939972493
S12,blocked,22259.226974598347
S19,working,22266.60939972493
S18,working,22261.715957840854
S17,working,22266.8628592071
S16,working,22261.212157997576
S13,working,22261.093088679838
S12,working,22265.226974598347
S18,blocked,22310.715957840854
S17,blocked,22315.8628592071
S09,working,22315.28341792754
S08,working,22314.663842003305
S07,working,22313.823369680234
S06,working,22314.31386333422
S05,working,22312.987751330107
S04,working,22314.875207670804
S03,working,22313.11313225531
S02,working,22314.134132987176
S01,working,22315.59701762589
S16,blocked,22314.212157997576
S11,working,22318.949857930325
S12,blocked,22322.226974598347
S19,blocked,22324.60939972493
S13,blocked,22326.093088679838
S19,working,22357.60939972493
S18,working,22352.715957840854
S17,working,22357.8628592071
S16,working,22352.212157997576
S13,working,22352.093088679838
S12,starved,22356.226974598347
S06,blocked,22360.31386333422
S02,blocked,22362.134132987176
S09,blocked,22365.28341792754
S01,blocked,22365.59701762589
S05,blocked,22364.987751330107
S03,blocked,22369.11313225531
S04,blocked,22371.875207670804
S09,working,22373.28341792754
S11,starved,22375.949857930325
S11,working,22376.949857930325
S07,blocked,22374.823369680234
S07,working,22376.823369680234
S06,working,22377.31386333422
S05,working,22375.987751330107
S04,working,22377.875207670804
S03,working,22376.11313225531
S02,working,22377.134132987176
S01,working,22378.59701762589
S12,working,22382.226974598347
S13,blocked,22397.093088679838
S17,blocked,22409.8628592071
S16,blocked,22408.212157997576
S18,blocked,22409.715957840854
S19,blocked,22418.60939972493
S11,starved,22427.949857930325
S01,blocked,22428.59701762589
S05,blocked,22427.987751330107
S02,blocked,22432.134132987176
S03,blocked,22433.11313225531
S06,blocked,22435.31386333422
S04,blocked,22435.875207670804
S11,working,22439.949857930325
S07,blocked,22441.823369680234
S19,working,22449.60939972493
S18,working,22444.715957840854
S17,working,22449.8628592071
S16,working,22444.212157997576
S13,working,22444.093088679838
S08,blocked,22453.663842003305
S18,down,22475.715957840854
S11,starved,22478.949857930325
S19,blocked,22497.60939972493
S13,blocked,22493.093088679838
S17,blocked,22501.8628592071
S11,working,22500.949857930325
S16,blocked,22504.212157997576
S12,blocked,22514.226974598347
S19,working,22528.60939972493
S08,working,22570.663842003305
S07,working,22569.823369680234
S06,working,22570.31386333422
S05,working,22568.987751330107
S04,working,22570.875207670804
S03,working,22569.11313225531
S02,working,22570.134132987176
S01,working,22571.59701762589
S19,blocked,22585.60939972493
S19,working,22605.60939972493
S11,blocked,22606.949857930325
S02,blocked,22615.134132987176
S07,blocked,22618.823369680234
S06,blocked,22622.31386333422
S03,blocked,22623.11313225531
S01,blocked,22626.59701762589
S05,blocked,22624.987751330107
S07,working,22626.823369680234
S06,working,22627.31386333422
S05,working,22625.987751330107
S03,working,22631.11313225531
S02,working,22632.134132987176
S01,working,22633.59701762589
S18,working,22638.715957840854
S17,working,22662.8628592071
S16,working,22657.212157997576
S13,working,22657.093088679838
S12,working,22661.226974598347
S11,working,22660.949857930325
S19,blocked,22668.60939972493
S07,blocked,22675.823369680234
S06,blocked,22679.31386333422
S05,blocked,22682.987751330107
S03,blocked,22683.11313225531
S01,blocked,22686.59701762589
S02,blocked,22686.134132987176
S07,working,22686.823369680234
S06,working,22687.31386333422
S05,working,22685.987751330107
S19,working,22698.60939972493
S03,working,22694.11313225531
S02,working,22695.134132987176
S01,working,22696.59701762589
S17,blocked,22707.8628592071
S16,blocked,22703.212157997576
S11,blocked,22711.949857930325
S17,working,22717.8628592071
S16,working,22712.212157997576
S12,blocked,22725.226974598347
S12,working,22727.226974598347
S11,working,22726.949857930325
S06,blocked,22736.31386333422
S16,down,22736.212157997576
S05,blocked,22737.987751330107
S04,blocked,22744.875207670804
S03,blocked,22743.11313225531
S01,blocked,22747.59701762589
S07,blocked,22746.823369680234
S19,blocked,22752.60939972493
S02,blocked,22752.134132987176
S07,working,22756.823369680234
S06,working,22757.31386333422
S05,working,22755.987751330107
S04,working,22757.875207670804
S03,working,22756.11313225531
S02,working,22757.134132987176
S01,working,22758.59701762589
S17,blocked,22762.8628592071
S17,working,22772.8628592071
S11,blocked,22773.949857930325
S19,working,22779.60939972493
S13,blocked,22785.093088679838
S12,blocked,22792.226974598347
S06,blocked,22803.31386333422
S03,blocked,22809.11313225531
S01,blocked,22811.59701762589
S05,blocked,22812.987751330107
S17,blocked,22819.8628592071
S06,working,22816.31386333422
S05,working,22814.987751330107
S03,working,22817.11313225531
S01,working,22822.59701762589
S17,working,22828.8628592071
S19,blocked,22836.60939972493
S19,working,22868.60939972493
S17,blocked,22871.8628592071
S07,blocked,22867.823369680234
S03,blocked,22867.11313225531
S07,working,22868.823369680234
S04,blocked,22874.875207670804
S17,starved,22882.8628592071
S04,working,22879.875207670804
S03,working,22878.11313225531
S01,blocked,22883.59701762589
S01,working,22889.59701762589
S06,blocked,22914.31386333422
S06,working,22925.31386333422
S09,blocked,22927.28341792754
S04,blocked,22927.875207670804
S03,blocked,22926.11313225531
S04,working,22932.875207670804
S03,working,22931.11313225531
S18,blocked,22931.715957840854
S19,blocked,22940.60939972493
S16,working,22941.212157997576
S19,working,22965.60939972493
S18,working,22960.715957840854
S13,working,22970.093088679838
S12,working,22974.226974598347
S11,working,22973.949857930325
S09,working,22973.28341792754
S17,working,22977.8628592071
S06,blocked,22978.31386333422
S07,blocked,22978.823369680234
S03,blocked,22983.11313225531
S07,working,22989.823369680234
S06,working,22990.31386333422
S02,blocked,22993.134132987176
S03,working,22999.11313225531
S02,working,23000.134132987176
S18,blocked,23011.715957840854
S19,blocked,23026.60939972493
S09,blocked,23026.28341792754
S17,starved,23030.8628592071
S13,blocked,23026.093088679838
S17,working,23036.8628592071
S12,blocked,23036.226974598347
S11,blocked,23035.949857930325
S08,blocked,23036.663842003305
S06,blocked,23043.31386333422
S13,working,23042.093088679838
S12,working,23046.226974598347
S11,working,23045.949857930325
S09,working,23045.28341792754
S08,working,23044.663842003305
S17,down,23049.8628592071
S06,working,23048.31386333422
S19,working,23055.60939972493
S18,working,23050.715957840854
S04,blocked,23052.875207670804
S03,blocked,23052.11313225531
S04,working,23056.875207670804
S03,working,23055.11313225531
S11,blocked,23092.949857930325
S08,blocked,23094.663842003305
S09,blocked,23099.28341792754
S13,blocked,23097.093088679838
S18,blocked,23098.715957840854
S06,blocked,23101.31386333422
S12,blocked,23106.226974598347
S13,working,23103.093088679838
S12,working,23107.226974598347
S11,working,23106.949857930325
S09,working,23106.28341792754
S08,working,23105.663842003305
S19,blocked,23111.60939972493
S06,working,23110.31386333422
S02,blocked,23112.134132987176
S01,blocked,23114.59701762589
S02,working,23115.134132987176
S01,working,23116.59701762589
S19,working,23130.60939972493
S18,working,23125.715957840854
S09,blocked,23153.28341792754
S11,blocked,23158.949857930325
S13,blocked,23157.093088679838
S08,blocked,23160.663842003305
S05,blocked,23159.987751330107
S06,blocked,23163.31386333422
S01,blocked,23165.59701762589
S12,blocked,23167.226974598347
S04,blocked,23166.875207670804
S02,blocked,23166.134132987176
S13,working,23167.093088679838
S12,working,23171.226974598347
S11,working,23170.949857930325
S09,working,23170.28341792754
S08,working,23169.663842003305
S03,blocked,23170.11313225531
S19,blocked,23177.60939972493
S18,blocked,23187.715957840854
S06,working,23192.31386333422
S05,working,23190.987751330107
S04,working,23192.875207670804
S03,working,23191.11313225531
S02,working,23192.134132987176
S01,working,23193.59701762589
S17,working,23196.8628592071
S16,blocked,23197.212157997576
S19,working,23222.60939972493
S18,working,23217.715957840854
S11,blocked,23220.949857930325
S09,blocked,23221.28341792754
S08,blocked,23220.663842003305
S16,working,23224.212157997576
S11,working,23234.949857930325
S09,working,23234.28341792754
S08,working,23233.663842003305
S05,blocked,23239.987751330107
S06,blocked,23242.31386333422
S01,blocked,23243.59701762589
S03,blocked,23242.11313225531
S02,blocked,23250.134132987176
S04,blocked,23253.875207670804
S06,working,23263.31386333422
S05,working,23261.987751330107
S04,working,23263.875207670804
S03,working,23262.11313225531
S02,working,23263.134132987176
S01,working,23264.59701762589
S13,blocked,23266.093088679838
S18,blocked,23272.715957840854
S11,blocked,23279.949857930325
S19,blocked,23284.60939972493
S09,blocked,23288.28341792754
S13,working,23287.093088679838
S11,working,23293.949857930325
S09,working,23296.28341792754
S06,blocked,23316.31386333422
S02,blocked,23317.134132987176
S06,working,23320.31386333422
S01,blocked,23321.59701762589
S19,working,23330.60939972493
S18,working,23325.715957840854
S11,blocked,23341.949857930325
S09,blocked,23343.28341792754
S02,working,23343.134132987176
S01,working,23344.59701762589
S13,blocked,23342.093088679838
S08,blocked,23348.663842003305
S12,blocked,23352.226974598347
S13,working,23358.093088679838
S12,working,23362.226974598347
S11,working,23361.949857930325
S09,working,23362.28341792754
S08,working,23361.663842003305
S11,down,23379.949857930325
S18,blocked,23382.715957840854
S19,blocked,23393.60939972493
S01,blocked,23395.59701762589
S01,working,23398.59701762589
S01,break,23400.59701762589
S02,break,23399.134132987176
S03,break,23398.11313225531
S04,break,23399.875207670804
S05,break,23397.987751330107
S06,break,23399.31386333422
S07,break,23398.823369680234
S08,break,23399.663842003305
S09,break,23400.28341792754
S11,break,23400.949857930325
S12,break,23401.226974598347
S13,break,23397.093088679838
S16,break,23397.212157997576
S17,break,23402.8628592071
S18,break,23397.715957840854
S19,break,23402.60939972493
S20,break,23397.941603291794
S20,working,23997.941603291794
S19,blocked,24002.60939972493
S18,blocked,23997.715957840854
S17,working,24002.8628592071
S16,working,23997.212157997576
S13,working,23997.093088679838
S12,working,24001.226974598347
S11,down,24000.949857930325
S09,working,24000.28341792754
S08,working,23999.663842003305
S07,working,23998.823369680234
S06,working,23999.31386333422
S05,working,23997.987751330107
S04,working,23999.875207670804
S03,working,23998.11313225531
S02,working,23999.134132987176
S01,working,24000.59701762589
S13,blocked,24011.093088679838
S09,blocked,24014.28341792754
S19,working,24018.60939972493
S18,working,24013.715957840854
S13,working,24020.093088679838
S07,blocked,24028.823369680234
S08,blocked,24032.663842003305
S05,blocked,24044.987751330107
S01,blocked,24047.59701762589
S03,blocked,24046.11313225531
S04,blocked,24048.875207670804
S02,blocked,24057.134132987176
S18,blocked,24072.715957840854
S13,blocked,24074.093088679838
S17,blocked,24081.8628592071
S19,blocked,24083.60939972493
S13,working,24083.093088679838
S06,blocked,24090.31386333422
S16,blocked,24099.212157997576
S19,working,24117.60939972493
S18,working,24112.715957840854
S17,working,24117.8628592071
S16,working,24112.212157997576
S13,blocked,24151.093088679838
S12,blocked,24159.226974598347
S13,working,24156.093088679838
S12,starved,24160.226974598347
S17,blocked,24164.8628592071
S18,blocked,24161.715957840854
S16,blocked,24172.212157997576
S19,blocked,24184.60939972493
S19,working,24196.60939972493
S18,working,24191.715957840854
S17,working,24196.8628592071
S16,working,24191.212157997576
S13,blocked,24217.093088679838
S13,working,24234.093088679838
S17,blocked,24248.8628592071
S19,blocked,24251.60939972493
S18,blocked,24250.715957840854
S16,blocked,24250.212157997576
S19,working,24292.60939972493
S18,working,24287.715957840854
S17,working,24292.8628592071
S16,working,24287.212157997576
S11,working,24294.949857930325
S13,blocked,24294.093088679838
S13,working,24308.093088679838
S09,working,24329.28341792754
S08,working,24328.663842003305
S07,working,24327.823369680234
S06,working,24328.31386333422
S05,working,24326.987751330107
S04,working,24328.875207670804
S03,working,24327.11313225531
S02,working,24328.134132987176
S01,working,24329.59701762589
S12,working,24337.226974598347
S16,blocked,24337.212157997576
S17,blocked,24345.8628592071
S19,blocked,24348.60939972493
S18,blocked,24350.715957840854
S19,working,24367.60939972493
S18,working,24362.715957840854
S17,working,24367.8628592071
S16,working,24362.212157997576
S13,starved,24373.093088679838
S01,blocked,24380.59701762589
S09,blocked,24383.28341792754
S02,blocked,24384.134132987176
S07,blocked,24385.823369680234
S08,blocked,24388.663842003305
S06,blocked,24388.31386333422
S09,working,24390.28341792754
S08,working,24389.663842003305
S07,working,24388.823369680234
S06,working,24389.31386333422
S04,blocked,24399.875207670804
S13,working,24399.093088679838
S03,blocked,24414.11313225531
S18,blocked,24415.715957840854
S17,blocked,24422.8628592071
S04,working,24422.875207670804
S03,working,24421.11313225531
S02,working,24422.134132987176
S01,working,24423.59701762589
S19,blocked,24428.60939972493
S16,blocked,24424.212157997576
S07,blocked,24437.823369680234
S08,blocked,24446.663842003305
S06,blocked,24448.31386333422
S08,working,24449.663842003305
S07,working,24448.823369680234
S06,working,24449.31386333422
S19,working,24456.60939972493
S18,working,24451.715957840854
S17,working,24456.8628592071
S16,working,24451.212157997576
S13,starved,24457.093088679838
S13,working,24460.093088679838
S01,blocked,24473.59701762589
S03,blocked,24473.11313225531
S03,working,24486.11313225531
S01,working,24488.59701762589
S07,blocked,24495.823369680234
S06,blocked,24498.31386333422
S18,blocked,24504.715957840854
S07,working,24505.823369680234
S06,working,24506.31386333422
S19,blocked,24515.60939972493
S13,blocked,24510.093088679838
S16,blocked,24511.212157997576
S17,blocked,24521.8628592071
S01,blocked,24537.59701762589
S19,working,24540.60939972493
S18,working,24535.715957840854
S17,working,24540.8628592071
S16,working,24535.212157997576
S13,working,24535.093088679838
S02,blocked,24542.134132987176
S02,working,24544.134132987176
S01,working,24545.59701762589
S09,blocked,24557.28341792754
S07,blocked,24558.823369680234
S06,blocked,24561.31386333422
S08,blocked,24563.663842003305
S09,working,24567.28341792754
S08,working,24566.663842003305
S07,working,24565.823369680234
S06,working,24566.31386333422
S17,blocked,24582.8628592071
S18,blocked,24586.715957840854
S16,blocked,24586.212157997576
S02,blocked,24595.134132987176
S01,blocked,24596.59701762589
S13,blocked,24597.093088679838
S19,blocked,24606.60939972493
S02,working,24605.134132987176
S01,working,24606.59701762589
S09,blocked,24617.28341792754
S08,blocked,24616.663842003305
S06,blocked,24617.31386333422
S07,blocked,24627.823369680234
S09,working,24635.28341792754
S08,working,24634.663842003305
S07,working,24633.823369680234
S06,working,24634.31386333422
S19,working,24638.60939972493
S18,working,24633.715957840854
S17,working,24638.8628592071
S16,working,24633.212157997576
S13,working,24633.093088679838
S12,starved,24641.226974598347
S12,working,24642.226974598347
S01,blocked,24654.59701762589
S03,blocked,24658.11313225531
S03,working,24661.11313225531
S01,working,24667.59701762589
S09,blocked,24684.28341792754
S05,blocked,24682.987751330107
S06,blocked,24687.31386333422
S18,blocked,24686.715957840854
S19,blocked,24692.60939972493
S09,working,24690.28341792754
S16,blocked,24688.212157997576
S06,working,24690.31386333422
S05,working,24688.987751330107
S13,blocked,24690.093088679838
S17,blocked,24696.8628592071
S01,blocked,24714.59701762589
S19,working,24718.60939972493
S18,working,24713.715957840854
S17,working,24718.8628592071
S16,working,24713.212157997576
S13,working,24713.093088679838
S03,blocked,24715.11313225531
S03,working,24717.11313225531
S01,working,24723.59701762589
S06,blocked,24738.31386333422
S09,blocked,24741.28341792754
S07,blocked,24739.823369680234
S05,blocked,24740.987751330107
S08,blocked,24755.663842003305
S09,working,24758.28341792754
S08,working,24757.663842003305
S07,working,24756.823369680234
S06,working,24757.31386333422
S05,working,24755.987751330107
S17,blocked,24766.8628592071
S18,blocked,24767.715957840854
S03,blocked,24768.11313225531
S02,blocked,24773.134132987176
S19,blocked,24777.60939972493
S03,working,24773.11313225531
S02,working,24774.134132987176
S16,blocked,24774.212157997576
S13,blocked,24774.093088679838
S09,blocked,24803.28341792754
S19,working,24812.60939972493
S18,working,24807.715957840854
S17,working,24812.8628592071
S16,working,24807.212157997576
S13,working,24807.093088679838
S07,blocked,24809.823369680234
S06,blocked,24813.31386333422
S08,blocked,24816.663842003305
S09,working,24821.28341792754
S08,working,24820.663842003305
S07,working,24819.823369680234
S06,working,24820.31386333422
S03,blocked,24826.11313225531
S02,blocked,24827.134132987176
S03,working,24828.11313225531
S02,working,24829.134132987176
S16,blocked,24856.212157997576
S17,blocked,24862.8628592071
S19,blocked,24865.60939972493
S18,blocked,24862.715957840854
S13,blocked,24864.093088679838
S09,blocked,24869.28341792754
S06,blocked,24868.31386333422
S09,working,24873.28341792754
S12,blocked,24884.226974598347
S06,working,24884.31386333422
S02,blocked,24886.134132987176
S03,blocked,24886.11313225531
S03,working,24894.11313225531
S02,working,24895.134132987176
S19,working,24907.60939972493
S18,working,24902.715957840854
S17,working,24907.8628592071
S16,working,24902.212157997576
S13,working,24902.093088679838
S12,working,24906.226974598347
S09,blocked,24929.28341792754
S09,working,24930.28341792754
S06,blocked,24932.31386333422
S05,blocked,24930.987751330107
S06,working,24938.31386333422
S05,working,24936.987751330107
S02,blocked,24945.134132987176
S17,blocked,24953.8628592071
S02,working,24952.134132987176
S19,blocked,24959.60939972493
S18,blocked,24954.715957840854
S16,blocked,24954.212157997576
S12,blocked,24963.226974598347
S13,blocked,24968.093088679838
S19,working,24986.60939972493
S18,working,24981.715957840854
S17,working,24986.8628592071
S16,working,24981.212157997576
S13,working,24981.093088679838
S12,working,24985.226974598347
S09,blocked,24985.28341792754
S05,blocked,24986.987751330107
S06,blocked,24992.31386333422
S08,blocked,24993.663842003305
S09,working,24999.28341792754
S08,working,24998.663842003305
S06,working,24999.31386333422
S05,working,24997.987751330107
S17,blocked,25033.8628592071
S18,blocked,25031.715957840854
S19,blocked,25037.60939972493
S16,blocked,25035.212157997576
S13,blocked,25042.093088679838
S12,blocked,25046.226974598347
S07,blocked,25044.823369680234
S06,blocked,25045.31386333422
S11,blocked,25050.949857930325
S05,blocked,25054.987751330107
S03,blocked,25060.11313225531
S01,blocked,25062.59701762589
S04,blocked,25068.875207670804
S02,blocked,25068.134132987176
S19,working,25075.60939972493
S18,working,25070.715957840854
S17,working,25075.8628592071
S16,working,25070.212157997576
S13,working,25070.093088679838
S12,working,25074.226974598347
S11,working,25073.949857930325
S07,working,25071.823369680234
S06,working,25072.31386333422
S05,working,25070.987751330107
S04,working,25072.875207670804
S03,working,25071.11313225531
S02,working,25072.134132987176
S01,working,25073.59701762589
S07,blocked,25114.823369680234
S17,blocked,25121.8628592071
S11,blocked,25121.949857930325
S03,blocked,25121.11313225531
S19,blocked,25126.60939972493
S18,blocked,25121.715957840854
S06,blocked,25123.31386333422
S01,blocked,25126.59701762589
S16,blocked,25125.212157997576
S13,blocked,25129.093088679838
S05,blocked,25130.987751330107
S12,blocked,25136.226974598347
S02,blocked,25135.134132987176
S07,working,25135.823369680234
S06,working,25136.31386333422
S05,working,25134.987751330107
S03,working,25136.11313225531
S02,working,25137.134132987176
S01,working,25138.59701762589
S19,working,25156.60939972493
S18,working,25151.715957840854
S17,working,25156.8628592071
S16,working,25151.212157997576
S13,working,25151.093088679838
S12,working,25155.226974598347
S11,working,25154.949857930325
S09,blocked,25165.28341792754
S09,working,25168.28341792754
S06,blocked,25179.31386333422
S07,blocked,25183.823369680234
S01,blocked,25189.59701762589
S03,blocked,25191.11313225531
S07,working,25192.823369680234
S06,working,25193.31386333422
S11,blocked,25195.949857930325
S02,blocked,25194.134132987176
S17,blocked,25201.8628592071
S03,working,25197.11313225531
S02,working,25198.134132987176
S01,working,25199.59701762589
S19,blocked,25205.60939972493
S18,blocked,25200.715957840854
S16,blocked,25200.212157997576
S12,blocked,25211.226974598347
S09,blocked,25220.28341792754
S13,blocked,25220.093088679838
S19,working,25242.60939972493
S18,working,25237.715957840854
S17,working,25242.8628592071
S16,working,25237.212157997576
S13,working,25237.093088679838
S12,working,25241.226974598347
S11,working,25240.949857930325
S09,working,25240.28341792754
S07,blocked,25242.823369680234
S06,blocked,25247.31386333422
S07,working,25247.823369680234
S06,working,25248.31386333422
S02,blocked,25253.134132987176
S01,blocked,25255.59701762589
S17,blocked,25289.8628592071
S09,blocked,25292.28341792754
S11,blocked,25294.949857930325
S13,blocked,25292.093088679838
S18,blocked,25294.715957840854
S19,blocked,25300.60939972493
S12,blocked,25304.226974598347
S16,blocked,25301.212157997576
S06,blocked,25303.31386333422
S08,blocked,25305.663842003305
S05,blocked,25310.987751330107
S04,blocked,25316.875207670804
S19,working,25327.60939972493
S18,working,25322.715957840854
S17,working,25327.8628592071
S16,working,25322.212157997576
S13,working,25322.093088679838
S12,working,25326.226974598347
S11,working,25325.949857930325
S09,working,25325.28341792754
S08,working,25324.663842003305
S09,blocked,25376.28341792754
S18,blocked,25374.715957840854
S13,blocked,25374.093088679838
S17,blocked,25380.8628592071
S19,blocked,25381.60939972493
S12,blocked,25382.226974598347
S11,blocked,25382.949857930325
S08,blocked,25387.663842003305
S16,blocked,25386.212157997576
S06,working,25403.31386333422
S05,working,25401.987751330107
S04,working,25403.875207670804
S19,working,25423.60939972493
S18,working,25418.715957840854
S17,working,25423.8628592071
S16,working,25418.212157997576
S13,working,25418.093088679838
S12,working,25422.226974598347
S11,working,25421.949857930325
S09,working,25421.28341792754
S08,working,25420.663842003305
S02,working,25433.134132987176
S01,working,25434.59701762589
S04,blocked,25451.875207670804
S11,blocked,25455.949857930325
S05,blocked,25453.987751330107
S06,blocked,25464.31386333422
S17,blocked,25470.8628592071
S09,blocked,25472.28341792754
S06,working,25472.31386333422
S05,working,25470.987751330107
S04,working,25472.875207670804
S16,blocked,25472.212157997576
S18,blocked,25476.715957840854
S12,blocked,25480.226974598347
S08,blocked,25480.663842003305
S02,blocked,25481.134132987176
S19,blocked,25486.60939972493
S02,working,25485.134132987176
S13,blocked,25485.093088679838
S19,working,25523.60939972493
S18,working,25518.715957840854
S17,working,25523.8628592071
S16,working,25518.212157997576
S13,working,25518.093088679838
S12,working,25522.226974598347
S11,working,25521.949857930325
S09,working,25521.28341792754
S08,working,25520.663842003305
S05,blocked,25521.987751330107
S05,working,25522.987751330107
S16,blocked,25564.212157997576
S11,blocked,25570.949857930325
S18,blocked,25568.715957840854
S07,blocked,25569.823369680234
S06,blocked,25572.31386333422
S17,blocked,25576.8628592071
S13,blocked,25571.093088679838
S05,blocked,25574.987751330107
S12,blocked,25579.226974598347
S08,blocked,25579.663842003305
S09,blocked,25583.28341792754
S19,blocked,25586.60939972493
S04,blocked,25588.875207670804
S01,blocked,25595.59701762589
S01,working,25612.59701762589
S19,working,25620.60939972493
S18,working,25615.715957840854
S17,working,25620.8628592071
S16,working,25615.212157997576
S03,blocked,25648.11313225531
S17,blocked,25662.8628592071
S01,blocked,25667.59701762589
S18,blocked,25666.715957840854
S16,blocked,25671.212157997576
S19,blocked,25684.60939972493
S19,working,25721.60939972493
S18,working,25716.715957840854
S17,working,25721.8628592071
S16,working,25716.212157997576
S02,blocked,25749.134132987176
S17,blocked,25768.8628592071
S16,blocked,25771.212157997576
S18,blocked,25772.715957840854
S19,blocked,25784.60939972493
S19,working,25792.60939972493
S18,working,25787.715957840854
S17,working,25792.8628592071
S16,working,25787.212157997576
S17,blocked,25838.8628592071
S19,blocked,25840.60939972493
S18,blocked,25836.715957840854
S16,blocked,25839.212157997576
S19,working,25873.60939972493
S18,working,25868.715957840854
S17,working,25873.8628592071
S16,working,25868.212157997576
S13,working,25905.093088679838
S12,working,25909.226974598347
S11,working,25908.949857930325
S09,working,25908.28341792754
S08,working,25907.663842003305
S07,working,25906.823369680234
S06,working,25907.31386333422
S05,working,25905.987751330107
S04,working,25907.875207670804
S03,working,25906.11313225531
S02,working,25907.134132987176
S01,working,25908.59701762589
S17,blocked,25917.8628592071
S18,blocked,25918.715957840854
S19,blocked,25926.60939972493
S16,blocked,25924.212157997576
S19,working,25950.60939972493
S18,working,25945.715957840854
S17,working,25950.8628592071
S16,working,25945.212157997576
S09,blocked,25954.28341792754
S12,blocked,25961.226974598347
S03,blocked,25960.11313225531
S06,blocked,25962.31386333422
S04,blocked,25962.875207670804
S05,blocked,25961.987751330107
S11,blocked,25965.949857930325
S02,blocked,25964.134132987176
S13,blocked,25967.093088679838
S08,blocked,25969.663842003305
S01,blocked,25970.59701762589
S13,working,25977.093088679838
S12,working,25981.226974598347
S11,working,25980.949857930325
S09,working,25980.28341792754
S08,working,25979.663842003305
S17,blocked,25996.8628592071
S19,blocked,25998.60939972493
S16,blocked,25997.212157997576
S18,blocked,25998.715957840854
S06,working,26004.31386333422
S05,working,26002.987751330107
S04,working,26004.875207670804
S03,working,26003.11313225531
S02,working,26004.134132987176
S01,working,26005.59701762589
S19,working,26028.60939972493
S18,working,26023.715957840854
S17,working,26028.8628592071
S16,working,26023.212157997576
S13,blocked,26028.093088679838
S09,blocked,26032.28341792754
S12,blocked,26040.226974598347
S08,blocked,26039.663842003305
S11,blocked,26045.949857930325
S13,working,26043.093088679838
S12,working,26047.226974598347
S11,working,26046.949857930325
S09,working,26046.28341792754
S08,working,26045.663842003305
S01,blocked,26056.59701762589
S02,blocked,26056.134132987176
S03,blocked,26058.11313225531
S05,blocked,26060.987751330107
S05,working,26062.987751330107
S03,working,26068.11313225531
S02,working,26069.134132987176
S01,working,26070.59701762589
S17,blocked,26078.8628592071
S19,blocked,26084.60939972493
S18,blocked,26079.715957840854
S16,blocked,26085.212157997576
S08,blocked,26094.663842003305
S13,blocked,26096.093088679838
S12,blocked,26100.226974598347
S11,blocked,26104.949857930325
S09,blocked,26104.28341792754
S13,working,26102.093088679838
S12,working,26106.226974598347
S11,working,26105.949857930325
S09,working,26105.28341792754
S08,working,26104.663842003305
S19,working,26121.60939972493
S18,working,26116.715957840854
S17,working,26121.8628592071
S16,working,26116.212157997576
S02,blocked,26119.134132987176
S01,blocked,26123.59701762589
S03,blocked,26126.11313225531
S03,working,26127.11313225531
S02,working,26128.134132987176
S01,working,26129.59701762589
S09,blocked,26151.28341792754
S11,blocked,26155.949857930325
S13,blocked,26157.093088679838
S12,blocked,26161.226974598347
S17,blocked,26163.8628592071
S08,blocked,26164.663842003305
S13,working,26164.093088679838
S12,working,26168.226974598347
S11,working,26167.949857930325
S09,working,26167.28341792754
S08,working,26166.663842003305
S16,blocked,26172.212157997576
S18,blocked,26174.715957840854
S19,blocked,26180.60939972493
S02,blocked,26178.134132987176
S03,blocked,26180.11313225531
S01,blocked,26183.59701762589
S04,blocked,26190.875207670804
S19,working,26201.60939972493
S18,working,26196.715957840854
S17,working,26201.8628592071
S16,working,26196.212157997576
S09,blocked,26217.28341792754
S11,blocked,26220.949857930325
S07,blocked,26219.823369680234
S13,blocked,26221.093088679838
S13,working,26222.093088679838
S11,working,26226.949857930325
S09,working,26226.28341792754
S06,blocked,26227.31386333422
S07,working,26230.823369680234
S06,working,26231.31386333422
S04,working,26233.875207670804
S03,working,26232.11313225531
S02,working,26233.134132987176
S01,working,26234.59701762589
S16,blocked,26244.212157997576
S19,blocked,26254.60939972493
S18,blocked,26251.715957840854
S17,blocked,26257.8628592071
S13,blocked,26273.093088679838
S06,blocked,26275.31386333422
S19,working,26283.60939972493
S18,working,26278.715957840854
S17,working,26283.8628592071
S16,working,26278.212157997576
S09,blocked,26281.28341792754
S12,blocked,26284.226974598347
S11,blocked,26284.949857930325
S01,blocked,26284.59701762589
S07,blocked,26284.823369680234
S13,working,26285.093088679838
S12,working,26289.226974598347
S11,working,26288.949857930325
S09,working,26288.28341792754
S07,working,26286.823369680234
S06,working,26287.31386333422
S02,blocked,26287.134132987176
S02,working,26291.134132987176
S01,working,26292.59701762589
S18,blocked,26333.715957840854
S16,blocked,26333.212157997576
S17,blocked,26340.8628592071
S07,blocked,26336.823369680234
S02,blocked,26340.134132987176
S09,blocked,26342.28341792754
S06,blocked,26341.31386333422
S03,blocked,26340.11313225531
S19,blocked,26346.60939972493
S12,blocked,26345.226974598347
S08,blocked,26343.663842003305
S11,blocked,26345.949857930325
S01,blocked,26345.59701762589
S03,working,26346.11313225531
S02,working,26347.134132987176
S01,working,26348.59701762589
S19,working,26352.60939972493
S18,working,26347.715957840854
S17,working,26352.8628592071
S16,working,26347.212157997576
S12,working,26364.226974598347
S11,working,26363.949857930325
S09,working,26363.28341792754
S08,working,26362.663842003305
S07,working,26361.823369680234
S06,working,26362.31386333422
S02,blocked,26393.134132987176
S01,blocked,26402.59701762589
S18,blocked,26402.715957840854
S02,working,26404.134132987176
S01,working,26405.59701762589
S16,blocked,26403.212157997576
S19,blocked,26413.60939972493
S17,blocked,26415.8628592071
S09,blocked,26414.28341792754
S06,blocked,26415.31386333422
S19,working,26423.60939972493
S18,working,26418.715957840854
S17,working,26423.8628592071
S16,working,26418.212157997576
S08,blocked,26420.663842003305
S11,blocked,26423.949857930325
S07,blocked,26425.823369680234
S03,blocked,26450.11313225531
S05,blocked,26451.987751330107
S02,blocked,26454.134132987176
S01,blocked,26458.59701762589
S04,blocked,26461.875207670804
S17,blocked,26471.8628592071
S16,blocked,26466.212157997576
S18,blocked,26477.715957840854
S13,blocked,26478.093088679838
S19,blocked,26485.60939972493
S13,working,26491.093088679838
S19,working,26500.60939972493
S18,working,26495.715957840854
S17,working,26500.8628592071
S16,working,26495.212157997576
S11,working,26507.949857930325
S09,working,26507.28341792754
S08,working,26506.663842003305
S07,working,26505.823369680234
S06,working,26506.31386333422
S05,working,26504.987751330107
S04,working,26506.875207670804
S03,working,26505.11313225531
S02,working,26506.134132987176
S01,working,26507.59701762589
S19,blocked,26550.60939972493
S18,blocked,26546.715957840854
S16,blocked,26546.212157997576
S06,blocked,26551.31386333422
S02,blocked,26551.134132987176
S03,blocked,26551.11313225531
S09,blocked,26554.28341792754
S05,blocked,26551.987751330107
S13,blocked,26553.093088679838
S11,blocked,26559.949857930325
S07,blocked,26558.823369680234
S13,working,26559.093088679838
S01,blocked,26562.59701762589
S17,blocked,26566.8628592071
S04,blocked,26563.875207670804
S11,working,26573.949857930325
S09,working,26579.28341792754
S07,working,26577.823369680234
S06,working,26578.31386333422
S05,working,26576.987751330107
S04,working,26578.875207670804
S03,working,26577.11313225531
S02,working,26578.134132987176
S01,working,26579.59701762589
S19,working,26589.60939972493
S18,working,26584.715957840854
S17,working,26589.8628592071
S16,working,26584.212157997576
S13,blocked,26617.093088679838
S06,blocked,26629.31386333422
S07,blocked,26629.823369680234
S13,working,26629.093088679838
S17,blocked,26635.8628592071
S16,blocked,26630.212157997576
S18,blocked,26631.715957840854
S04,blocked,26633.875207670804
S03,blocked,26632.11313225531
S05,blocked,26633.987751330107
S02,blocked,26635.134132987176
S01,blocked,26639.59701762589
S19,blocked,26642.60939972493
S07,working,26639.823369680234
S06,working,26640.31386333422
S05,working,26638.987751330107
S04,working,26640.875207670804
S03,working,26639.11313225531
S02,working,26640.134132987176
S01,working,26641.59701762589
S19,working,26676.60939972493
S18,working,26671.715957840854
S17,working,26676.8628592071
S16,working,26671.212157997576
S13,blocked,26677.093088679838
S09,blocked,26683.28341792754
S03,blocked,26685.11313225531
S01,blocked,26690.59701762589
S06,blocked,26690.31386333422
S05,blocked,26691.987751330107
S04,blocked,26694.875207670804
S07,blocked,26696.823369680234
S08,blocked,26698.663842003305
S02,blocked,26699.134132987176
S09,working,26701.28341792754
S08,working,26700.663842003305
S07,working,26699.823369680234
S06,working,26700.31386333422
S05,working,26698.987751330107
S04,working,26700.875207670804
S03,working,26699.11313225531
S02,working,26700.134132987176
S01,working,26701.59701762589
S13,working,26701.093088679838
S16,blocked,26719.212157997576
S18,blocked,26724.715957840854
S19,blocked,26735.60939972493
S17,blocked,26736.8628592071
S11,blocked,26739.949857930325
S11,working,26743.949857930325
S02,blocked,26748.134132987176
S19,working,26754.60939972493
S18,working,26749.715957840854
S17,working,26754.8628592071
S16,working,26749.212157997576
S05,blocked,26749.987751330107
S09,blocked,26755.28341792754
S09,working,26756.28341792754
S07,blocked,26756.823369680234
S04,blocked,26757.875207670804
S03,blocked,26756.11313225531
S01,blocked,26759.59701762589
S07,working,26762.823369680234
S13,blocked,26762.093088679838
S05,working,26762.987751330107
S04,working,26764.875207670804
S03,working,26763.11313225531
S02,working,26764.134132987176
S01,working,26765.59701762589
S13,working,26765.093088679838
S11,blocked,26791.949857930325
S11,working,26803.949857930325
S16,blocked,26801.212157997576
S17,blocked,26809.8628592071
S18,blocked,26805.715957840854
S19,blocked,26811.60939972493
S07,blocked,26809.823369680234
S03,blocked,26812.11313225531
S02,blocked,26814.134132987176
S07,working,26814.823369680234
S01,blocked,26820.59701762589
S13,blocked,26822.093088679838
S03,working,26824.11313225531
S02,working,26825.134132987176
S01,working,26826.59701762589
S13,working,26825.093088679838
S11,blocked,26845.949857930325
S19,working,26860.60939972493
S18,working,26855.715957840854
S17,working,26860.8628592071
S16,working,26855.212157997576
S09,blocked,26858.28341792754
S07,blocked,26862.823369680234
S11,working,26873.949857930325
S09,working,26873.28341792754
S03,blocked,26871.11313225531
S07,working,26875.823369680234
S13,blocked,26877.093088679838
S01,blocked,26882.59701762589
S03,working,26883.11313225531
S01,working,26885.59701762589
S13,working,26892.093088679838
S16,blocked,26900.212157997576
S17,blocked,26911.8628592071
S18,blocked,26907.715957840854
S19,blocked,26923.60939972493
S09,blocked,26922.28341792754
S07,blocked,26925.823369680234
S11,blocked,26931.949857930325
S19,working,26934.60939972493
S18,working,26929.715957840854
S17,working,26934.8628592071
S16,working,26929.212157997576
S11,working,26932.949857930325
S09,working,26932.28341792754
S05,blocked,26930.987751330107
S13,blocked,26933.093088679838
S03,blocked,26934.11313225531
S01,blocked,26936.59701762589
S07,working,26938.823369680234
S05,working,26938.987751330107
S03,working,26948.11313225531
S01,working,26951.59701762589
S13,working,26954.093088679838
S11,blocked,26979.949857930325
S09,blocked,26982.28341792754
S16,blocked,26980.212157997576
S19,blocked,26987.60939972493
S17,blocked,26988.8628592071
S18,blocked,26984.715957840854
S11,working,26991.949857930325
S09,working,26991.28341792754
S06,blocked,26997.31386333422
S06,working,26999.31386333422
S02,blocked,27003.134132987176
S03,blocked,27003.11313225531
S01,blocked,27005.59701762589
S19,working,27009.60939972493
S18,working,27004.715957840854
S17,working,27009.8628592071
S16,working,27004.212157997576
S04,blocked,27007.875207670804
S04,working,27008.875207670804
S03,working,27007.11313225531
S02,working,27008.134132987176
S01,working,27009.59701762589
S09,blocked,27040.28341792754
S11,blocked,27042.949857930325
S06,blocked,27044.31386333422
S07,blocked,27049.823369680234
S11,working,27052.949857930325
S09,working,27052.28341792754
S18,blocked,27053.715957840854
S07,working,27055.823369680234
S06,working,27056.31386333422
S17,blocked,27060.8628592071
S03,blocked,27056.11313225531
S01,blocked,27061.59701762589
S03,working,27062.11313225531
S16,blocked,27062.212157997576
S01,working,27068.59701762589
S19,blocked,27074.60939972493
S13,blocked,27073.093088679838
S09,blocked,27104.28341792754
S06,blocked,27104.31386333422
S07,blocked,27105.823369680234
S11,blocked,27109.949857930325
S12,blocked,27114.226974598347
S08,blocked,27115.663842003305
S05,blocked,27115.987751330107
S03,blocked,27117.11313225531
S01,blocked,27126.59701762589
S04,blocked,27127.875207670804
S19,working,27131.60939972493
S18,working,27126.715957840854
S17,working,27131.8628592071
S16,working,27126.212157997576
S13,working,27126.093088679838
S12,working,27130.226974598347
S11,working,27129.949857930325
S09,working,27129.28341792754
S08,working,27128.663842003305
S07,working,27127.823369680234
S06,working,27128.31386333422
S05,working,27126.987751330107
S04,working,27128.875207670804
S03,working,27127.11313225531
S01,working,27131.59701762589
S08,blocked,27172.663842003305
S09,blocked,27175.28341792754
S03,blocked,27176.11313225531
S19,blocked,27183.60939972493
S07,blocked,27180.823369680234
S05,blocked,27179.987751330107
S18,blocked,27180.715957840854
S11,blocked,27186.949857930325
S04,blocked,27186.875207670804
S16,blocked,27185.212157997576
S17,blocked,27191.8628592071
S13,blocked,27186.093088679838
S01,blocked,27189.59701762589
S06,blocked,27191.31386333422
S02,blocked,27194.134132987176
S12,blocked,27199.226974598347
S19,working,27240.60939972493
S18,working,27235.715957840854
S17,working,27240.8628592071
S16,working,27235.212157997576
S13,working,27235.093088679838
S12,working,27239.226974598347
S11,working,27238.949857930325
S09,working,27238.28341792754
S08,working,27237.663842003305
S07,working,27236.823369680234
S06,working,27237.31386333422
S05,working,27235.987751330107
S04,working,27237.875207670804
S03,working,27236.11313225531
S02,working,27237.134132987176
S01,working,27238.59701762589
S06,blocked,27280.31386333422
S07,blocked,27280.823369680234
S05,blocked,27284.987751330107
S03,blocked,27285.11313225531
S18,blocked,27285.715957840854
S08,blocked,27287.663842003305
S09,blocked,27289.28341792754
S02,blocked,27290.134132987176
S19,blocked,27295.60939972493
S17,blocked,27295.8628592071
S11,blocked,27293.949857930325
S16,blocked,27292.212157997576
S01,blocked,27295.59701762589
S04,blocked,27297.875207670804
S12,blocked,27301.226974598347
S13,blocked,27301.093088679838
S19,working,27351.60939972493
S18,working,27346.715957840854
S17,working,27351.8628592071
S16,working,27346.212157997576
S13,working,27346.093088679838
S12,working,27350.226974598347
S11,working,27349.949857930325
S09,working,27349.28341792754
S08,working,27348.663842003305
S07,working,27347.823369680234
S06,working,27348.31386333422
S05,working,27346.987751330107
S04,working,27348.875207670804
S03,working,27347.11313225531
S02,working,27348.134132987176
S01,working,27349.59701762589
S07,blocked,27393.823369680234
S08,blocked,27396.663842003305
S11,blocked,27399.949857930325
S06,blocked,27398.31386333422
S04,blocked,27398.875207670804
S19,blocked,27402.60939972493
S09,blocked,27401.28341792754
S13,blocked,27400.093088679838
S16,blocked,27401.212157997576
S03,blocked,27402.11313225531
S01,blocked,27404.59701762589
S18,blocked,27402.715957840854
S02,blocked,27407.134132987176
S05,blocked,27406.987751330107
S12,blocked,27415.226974598347
S17,blocked,27423.8628592071
S19,working,27429.60939972493
S18,working,27424.715957840854
S17,working,27429.8628592071
S16,working,27424.212157997576
S13,working,27424.093088679838
S12,working,27428.226974598347
S11,working,27427.949857930325
S09,working,27427.28341792754
S08,working,27426.663842003305
S07,working,27425.823369680234
S06,working,27426.31386333422
S05,working,27424.987751330107
S04,working,27426.875207670804
S03,working,27425.11313225531
S02,working,27426.134132987176
S01,working,27427.59701762589
S06,blocked,27471.31386333422
S11,blocked,27473.949857930325
S18,blocked,27473.715957840854
S07,blocked,27474.823369680234
S02,blocked,27475.134132987176
S19,blocked,27479.60939972493
S13,blocked,27474.093088679838
S09,blocked,27478.28341792754
S17,blocked,27481.8628592071
S08,blocked,27479.663842003305
S03,blocked,27479.11313225531
S01,blocked,27486.59701762589
S05,blocked,27484.987751330107
S12,blocked,27492.226974598347
S04,blocked,27490.875207670804
S16,blocked,27489.212157997576
S19,working,27543.60939972493
S18,working,27538.715957840854
S17,working,27543.8628592071
S16,working,27538.212157997576
S17,blocked,27586.8628592071
S18,blocked,27589.715957840854
S16,blocked,27589.212157997576
S19,blocked,27605.60939972493
S19,working,27626.60939972493
S18,working,27621.715957840854
S17,working,27626.8628592071
S16,working,27621.212157997576
S16,blocked,27671.212157997576
S19,blocked,27681.60939972493
S18,blocked,27676.715957840854
S17,blocked,27687.8628592071
S19,working,27718.60939972493
S18,working,27713.715957840854
S17,working,27718.8628592071
S16,working,27713.212157997576
S13,working,27734.093088679838
S12,working,27738.226974598347
S11,working,27737.949857930325
S09,working,27737.28341792754
S08,working,27736.663842003305
S07,working,27735.823369680234
S06,working,27736.31386333422
S05,working,27734.987751330107
S04,working,27736.875207670804
S03,working,27735.11313225531
S02,working,27736.134132987176
S01,working,27737.59701762589
S18,blocked,27761.715957840854
S17,blocked,27774.8628592071
S19,blocked,27777.60939972493
S16,blocked,27776.212157997576
S09,blocked,27783.28341792754
S06,blocked,27783.31386333422
S01,blocked,27791.59701762589
S08,blocked,27792.663842003305
S11,blocked,27794.949857930325
S04,blocked,27793.875207670804
S07,blocked,27793.823369680234
S05,blocked,27792.987751330107
S12,blocked,27799.226974598347
S12,working,27800.226974598347
S11,working,27799.949857930325
S09,working,27799.28341792754
S08,working,27798.663842003305
S07,working,27797.823369680234
S06,working,27798.31386333422
S05,working,27796.987751330107
S04,working,27798.875207670804
S01,working,27802.59701762589
S19,working,27813.60939972493
S18,working,27808.715957840854
S17,working,27813.8628592071
S16,working,27808.212157997576
S03,blocked,27846.11313225531
S17,blocked,27853.8628592071
S11,blocked,27851.949857930325
S09,blocked,27855.28341792754
S06,blocked,27854.31386333422
S08,blocked,27855.663842003305
S04,blocked,27855.875207670804
S02,blocked,27855.134132987176
S12,blocked,27861.226974598347
S01,blocked,27860.59701762589
S05,blocked,27858.987751330107
S18,blocked,27859.715957840854
S13,blocked,27859.093088679838
S16,blocked,27861.212157997576
S13,working,27861.093088679838
S12,working,27865.226974598347
S11,working,27864.949857930325
S07,blocked,27862.823369680234
S19,blocked,27867.60939972493
S09,working,27867.28341792754
S08,working,27866.663842003305
S07,working,27865.823369680234
S06,working,27866.31386333422
S05,working,27864.987751330107
S04,working,27866.875207670804
S03,working,27865.11313225531
S02,working,27866.134132987176
S01,working,27867.59701762589
S19,working,27878.60939972493
S18,working,27873.715957840854
S17,working,27878.8628592071
S16,working,27873.212157997576
S08,blocked,27906.663842003305
S13,blocked,27905.093088679838
S11,blocked,27908.949857930325
S17,blocked,27916.8628592071
S01,blocked,27915.59701762589
S09,blocked,27920.28341792754
S13,working,27919.093088679838
S07,blocked,27922.823369680234
S03,blocked,27922.11313225531
S02,blocked,27923.134132987176
S06,blocked,27924.31386333422
S05,blocked,27922.987751330107
S19,blocked,27930.60939972493
S18,blocked,27925.715957840854
S11,working,27928.949857930325
S09,working,27928.28341792754
S08,working,27927.663842003305
S07,working,27926.823369680234
S06,working,27927.31386333422
S05,working,27925.987751330107
S03,working,27928.11313225531
S02,working,27929.134132987176
S01,working,27930.59701762589
S16,blocked,27940.212157997576
S11,blocked,27969.949857930325
S19,working,27976.60939972493
S18,working,27971.715957840854
S17,working,27976.8628592071
S16,working,27971.212157997576
S09,blocked,27978.28341792754
S06,blocked,27977.31386333422
S02,blocked,27980.134132987176
S03,blocked,27981.11313225531
S08,blocked,27983.663842003305
S12,blocked,27989.226974598347
S05,blocked,27986.987751330107
S04,blocked,27989.875207670804
S12,working,27994.226974598347
S11,working,27993.949857930325
S09,working,27993.28341792754
S08,working,27992.663842003305
S06,working,27994.31386333422
S05,working,27992.987751330107
S04,working,27994.875207670804
S03,working,27993.11313225531
S02,working,27994.134132987176
S16,blocked,28020.212157997576
S19,blocked,28031.60939972493
S17,blocked,28031.8628592071
S11,blocked,28041.949857930325
S04,blocked,28043.875207670804
S08,blocked,28046.663842003305
S07,blocked,28045.823369680234
S12,blocked,28051.226974598347
S03,blocked,28048.11313225531
S12,working,28052.226974598347
S11,working,28051.949857930325
S06,blocked,28050.31386333422
S09,blocked,28052.28341792754
S09,working,28053.28341792754
S08,working,28052.663842003305
S07,working,28051.823369680234
S06,working,28052.31386333422
S04,working,28053.875207670804
S03,working,28052.11313225531
S19,working,28057.60939972493
S17,working,28064.8628592071
S16,working,28059.212157997576
S09,blocked,28098.28341792754
S07,blocked,28097.823369680234
S13,blocked,28098.093088679838
S06,blocked,28101.31386333422
S19,blocked,28105.60939972493
S13,working,28102.093088679838
S08,blocked,28106.663842003305
S05,blocked,28104.987751330107
S17,blocked,28112.8628592071
S03,blocked,28108.11313225531
S02,blocked,28111.134132987176
S18,blocked,28110.715957840854
S09,working,28113.28341792754
S08,working,28112.663842003305
S07,working,28111.823369680234
S06,working,28112.31386333422
S05,working,28110.987751330107
S03,working,28113.11313225531
S02,working,28114.134132987176
S16,blocked,28121.212157997576
S19,working,28141.60939972493
S18,working,28136.715957840854
S17,working,28141.8628592071
S16,working,28136.212157997576
S11,blocked,28153.949857930325
S06,blocked,28156.31386333422
S09,blocked,28159.28341792754
S07,blocked,28158.823369680234
S05,blocked,28162.987751330107
S03,blocked,28163.11313225531
S08,blocked,28165.663842003305
S04,blocked,28167.875207670804
S13,blocked,28169.093088679838
S13,working,28170.093088679838
S02,blocked,28172.134132987176
S11,working,28178.949857930325
S09,working,28178.28341792754
S08,working,28177.663842003305
S07,working,28176.823369680234
S06,working,28177.31386333422
S05,working,28175.987751330107
S04,working,28177.875207670804
S03,working,28176.11313225531
S02,working,28177.134132987176
S17,blocked,28191.8628592071
S18,blocked,28189.715957840854
S16,blocked,28190.212157997576
S19,blocked,28196.60939972493
S13,blocked,28219.093088679838
S19,working,28227.60939972493
S18,working,28222.715957840854
S17,working,28227.8628592071
S16,working,28222.212157997576
S03,blocked,28224.11313225531
S09,blocked,28227.28341792754
S07,blocked,28229.823369680234
S04,blocked,28232.875207670804
S06,blocked,28233.31386333422
S13,working,28232.093088679838
S08,blocked,28236.663842003305
S02,blocked,28236.134132987176
S05,blocked,28235.987751330107
S09,working,28239.28341792754
S08,working,28238.663842003305
S07,working,28237.823369680234
S06,working,28238.31386333422
S05,working,28236.987751330107
S04,working,28238.875207670804
S03,working,28237.11313225531
S02,working,28238.134132987176
S19,blocked,28275.60939972493
S16,blocked,28270.212157997576
S13,blocked,28274.093088679838
S06,blocked,28281.31386333422
S18,blocked,28283.715957840854
S09,blocked,28287.28341792754
S17,blocked,28290.8628592071
S02,blocked,28290.134132987176
S04,blocked,28291.875207670804
S11,blocked,28294.949857930325
S12,blocked,28296.226974598347
S05,blocked,28293.987751330107
S08,blocked,28296.663842003305
S07,blocked,28296.823369680234
S03,blocked,28297.11313225531
S19,working,28306.60939972493
S18,working,28301.715957840854
S17,working,28306.8628592071
S16,working,28301.212157997576
S13,working,28301.093088679838
S12,working,28305.226974598347
S11,working,28304.949857930325
S09,working,28304.28341792754
S08,working,28303.663842003305
S07,working,28302.823369680234
S06,working,28303.31386333422
S05,working,28301.987751330107
S04,working,28303.875207670804
S03,working,28302.11313225531
S02,working,28303.134132987176
S17,blocked,28349.8628592071
S06,blocked,28353.31386333422
S18,blocked,28353.715957840854
S16,blocked,28353.212157997576
S09,blocked,28356.28341792754
S08,blocked,28355.663842003305
S05,blocked,28354.987751330107
S04,blocked,28357.875207670804
S03,blocked,28356.11313225531
S19,blocked,28364.60939972493
S12,blocked,28365.226974598347
S13,blocked,28362.093088679838
S01,blocked,28365.59701762589
S11,blocked,28366.949857930325
S07,blocked,28366.823369680234
S02,blocked,28367.134132987176
S19,working,28385.60939972493
S18,working,28380.715957840854
S17,working,28385.8628592071
S16,working,28380.212157997576
S13,working,28380.093088679838
S12,working,28384.226974598347
S11,working,28383.949857930325
S09,working,28383.28341792754
S08,working,28382.663842003305
S07,working,28381.823369680234
S06,working,28382.31386333422
S05,working,28380.987751330107
S04,working,28382.875207670804
S03,working,28381.11313225531
S02,working,28382.134132987176
S01,working,28383.59701762589
S17,blocked,28426.8628592071
S09,blocked,28429.28341792754
S13,blocked,28428.093088679838
S03,blocked,28429.11313225531
S01,blocked,28432.59701762589
S06,blocked,28434.31386333422
S19,blocked,28443.60939972493
S12,blocked,28442.226974598347
S18,blocked,28439.715957840854
S08,blocked,28441.663842003305
S07,blocked,28441.823369680234
S02,blocked,28443.134132987176
S11,blocked,28445.949857930325
S04,blocked,28446.875207670804
S16,blocked,28446.212157997576
S05,blocked,28446.987751330107
S19,working,28470.60939972493
S18,working,28465.715957840854
S17,working,28470.8628592071
S16,working,28465.212157997576
S13,working,28465.093088679838
S12,working,28469.226974598347
S11,working,28468.949857930325
S09,working,28468.28341792754
S08,working,28467.663842003305
S07,working,28466.823369680234
S06,working,28467.31386333422
S05,working,28465.987751330107
S04,working,28467.875207670804
S03,working,28466.11313225531
S02,working,28467.134132987176
S01,working,28468.59701762589
S09,blocked,28512.28341792754
S02,blocked,28516.134132987176
S12,blocked,28519.226974598347
S17,blocked,28521.8628592071
S18,blocked,28517.715957840854
S03,blocked,28518.11313225531
S01,blocked,28520.59701762589
S05,blocked,28518.987751330107
S13,blocked,28519.093088679838
S11,blocked,28524.949857930325
S06,blocked,28523.31386333422
S04,blocked,28523.875207670804
S16,blocked,28523.212157997576
S08,blocked,28525.663842003305
S07,blocked,28527.823369680234
S19,blocked,28536.60939972493
S19,working,28562.60939972493
S18,working,28557.715957840854
S17,working,28562.8628592071
S16,working,28557.212157997576
S13,working,28557.093088679838
S12,working,28561.226974598347
S11,working,28560.949857930325
S09,working,28560.28341792754
S08,working,28559.663842003305
S07,working,28558.823369680234
S06,working,28559.31386333422
S05,working,28557.987751330107
S04,working,28559.875207670804
S03,working,28558.11313225531
S02,working,28559.134132987176
S01,working,28560.59701762589
S06,blocked,28601.31386333422
S02,blocked,28604.134132987176
S19,blocked,28611.60939972493
S17,blocked,28611.8628592071
S09,blocked,28612.28341792754
S18,blocked,28612.715957840854
S12,blocked,28616.226974598347
S05,blocked,28612.987751330107
S04,blocked,28615.875207670804
S03,blocked,28615.11313225531
S07,blocked,28616.823369680234
S13,blocked,28616.093088679838
S16,blocked,28617.212157997576
S11,blocked,28620.949857930325
S01,blocked,28620.59701762589
S08,blocked,28624.663842003305
S19,working,28648.60939972493
S18,working,28643.715957840854
S17,working,28648.8628592071
S16,working,28643.212157997576
S13,working,28643.093088679838
S12,working,28647.226974598347
S11,working,28646.949857930325
S09,working,28646.28341792754
S08,working,28645.663842003305
S07,working,28644.823369680234
S06,working,28645.31386333422
S05,working,28643.987751330107
S04,working,28645.875207670804
S03,working,28644.11313225531
S02,working,28645.134132987176
S01,working,28646.59701762589
S18,blocked,28689.715957840854
S03,blocked,28692.11313225531
S07,blocked,28693.823369680234
S17,blocked,28698.8628592071
S08,blocked,28695.663842003305
S02,blocked,28700.134132987176
S11,blocked,28703.949857930325
S09,blocked,28703.28341792754
S01,blocked,28704.59701762589
S05,blocked,28702.987751330107
S06,blocked,28705.31386333422
S13,blocked,28704.093088679838
S16,blocked,28705.212157997576
S19,blocked,28714.60939972493
S04,blocked,28711.875207670804
S12,blocked,28721.226974598347
S19,working,28732.60939972493
S18,working,28727.715957840854
S17,working,28732.8628592071
S16,working,28727.212157997576
S13,working,28727.093088679838
S12,working,28731.226974598347
S11,working,28730.949857930325
S09,working,28730.28341792754
S08,working,28729.663842003305
S07,working,28728.823369680234
S06,working,28729.31386333422
S05,working,28727.987751330107
S04,working,28729.875207670804
S03,working,28728.11313225531
S02,working,28729.134132987176
S01,working,28730.59701762589
S11,blocked,28773.949857930325
S06,blocked,28772.31386333422
S16,blocked,28771.212157997576
S17,blocked,28777.8628592071
S01,blocked,28775.59701762589
S09,blocked,28779.28341792754
S19,blocked,28784.60939972493
S18,blocked,28780.715957840854
S03,blocked,28783.11313225531
S08,blocked,28785.663842003305
S05,blocked,28783.987751330107
S02,blocked,28785.134132987176
S12,blocked,28794.226974598347
S04,blocked,28792.875207670804
S07,blocked,28793.823369680234
S13,blocked,28793.093088679838
