run,station_id,tool_id,program_id,vin,t_s,target_nm,spec_low_nm,spec_high_nm,torque_nm,angle_deg,current_a,temp_c,cycle_s,result_status
L1_run_001,S04,L1_run_001-TS04,PF100,V000001,225.0,54.5,48.45,60.54,53.558,95.226,12.252,36.981,2.99,OK
L1_run_001,S04,L1_run_001-TS04,PF100,V000002,331.0,54.5,48.45,60.54,57.156,92.083,11.489,37.169,2.887,OK
L1_run_001,S04,L1_run_001-TS04,PF100,V000003,391.0,54.5,48.45,60.54,55.247,89.975,10.716,36.352,3.121,OK
L1_run_001,S04,L1_run_001-TS04,PF100,V000004,443.0,54.5,48.45,60.54,56.259,94.9,11.732,36.848,3.347,OK
L1_run_001,S04,L1_run_001-TS04,PF100,V000005,506.0,54.5,48.45,60.54,53.142,93.442,11.434,37.934,3.024,OK
L1_run_001,S04,L1_run_001-TS04,PF100,V000006,575.0,54.5,48.45,60.54,55.322,94.543,11.52,36.541,3.577,OK
L1_run_001,S04,L1_run_001-TS04,PF100,V000007,642.0,54.5,48.45,60.54,55.203,90.276,11.854,35.504,3.278,OK
L1_run_001,S04,L1_run_001-TS04,PF100,V000008,696.0,54.5,48.45,60.54,57.234,90.59,11.52,36.363,2.766,OK
L1_run_001,S04,L1_run_001-TS04,PF100,V000009,748.0,54.5,48.45,60.54,52.434,94.397,11.418,38.581,3.379,OK
L1_run_001,S04,L1_run_001-TS04,PF100,V000010,813.0,54.5,48.45,60.54,56.494,93.071,11.686,32.763,3.308,OK
L1_run_001,S04,L1_run_001-TS04,PF100,V000011,865.0,54.5,48.45,60.54,52.393,93.996,12.311,38.494,2.8,OK
L1_run_001,S04,L1_run_001-TS04,PF100,V000012,923.0,54.5,48.45,60.54,54.058,90.855,11.246,39.432,3.001,OK
L1_run_001,S04,L1_run_001-TS04,PF100,V000013,982.0,54.5,48.45,60.54,55.07,95.506,11.476,34.162,3.169,OK
L1_run_001,S04,L1_run_001-TS04,PF100,V000014,1041.0,54.5,48.45,60.54,56.808,87.43,11.508,36.881,2.902,OK
L1_run_001,S04,L1_run_001-TS04,PF100,V000015,1098.0,54.5,48.45,60.54,54.411,93.659,11.741,35.393,2.746,OK
L1_run_001,S04,L1_run_001-TS04,PF100,V000016,1162.0,54.5,48.45,60.54,55.195,93.475,12.816,36.23,3.374,OK
L1_run_001,S04,L1_run_001-TS04,PF100,V000017,1221.0,54.5,48.45,60.54,53.285,92.346,11.597,36.73,2.834,OK
L1_run_001,S04,L1_run_001-TS04,PF100,V000018,1291.0,54.5,48.45,60.54,56.225,86.924,12.027,36.327,3.479,OK
L1_run_001,S04,L1_run_001-TS04,PF100,V000019,1350.0,54.5,48.45,60.54,54.632,94.946,11.288,38.956,3.268,OK
L1_run_001,S04,L1_run_001-TS04,PF100,V000020,1420.0,54.5,48.45,60.54,53.232,91.743,10.735,37.014,3.275,OK
L1_run_001,S04,L1_run_001-TS04,PF100,V000021,1471.0,54.5,48.45,60.54,58.079,90.328,11.704,36.316,2.84,OK
L1_run_001,S04,L1_run_001-TS04,PF100,V000022,1894.0,54.5,48.45,60.54,56.007,88.832,11.249,36.86,2.901,OK
L1_run_001,S04,L1_run_001-TS04,PF100,V000023,1946.0,54.5,48.45,60.54,54.104,91.891,12.09,35.973,2.948,OK
L1_run_001,S04,L1_run_001-TS04,PF100,V000024,2010.0,54.5,48.45,60.54,55.262,94.258,11.188,38.977,3.195,OK
L1_run_001,S04,L1_run_001-TS04,PF100,V000025,2071.0,54.5,48.45,60.54,53.48,94.753,11.166,34.772,3.406,OK
L1_run_001,S04,L1_run_001-TS04,PF100,V000026,2125.0,54.5,48.45,60.54,54.253,94.939,11.353,36.974,3.113,OK
L1_run_001,S04,L1_run_001-TS04,PF100,V000027,2186.0,54.5,48.45,60.54,55.024,91.604,11.062,36.392,2.955,OK
L1_run_001,S04,L1_run_001-TS04,PF100,V000028,2246.0,54.5,48.45,60.54,54.542,91.214,11.815,38.55,3.305,OK
L1_run_001,S04,L1_run_001-TS04,PF100,V000029,2312.0,54.5,48.45,60.54,53.689,91.464,11.932,38.699,2.913,OK
L1_run_001,S04,L1_run_001-TS04,PF100,V000030,2370.0,54.5,48.45,60.54,52.766,91.632,11.368,37.521,2.948,OK
L1_run_001,S04,L1_run_001-TS04,PF100,V000031,2431.0,54.5,48.45,60.54,52.03,95.48,11.202,35.278,3.324,OK
L1_run_001,S04,L1_run_001-TS04,PF100,V000032,2491.0,54.5,48.45,60.54,52.82,89.808,11.208,37.275,3.113,OK
L1_run_001,S04,L1_run_001-TS04,PF100,V000033,2553.0,54.5,48.45,60.54,53.195,94.496,11.291,37.923,2.956,OK
L1_run_001,S04,L1_run_001-TS04,PF100,V000034,2611.0,54.5,48.45,60.54,57.464,94.14,11.966,38.391,3.208,OK
L1_run_001,S04,L1_run_001-TS04,PF100,V000035,2666.0,54.5,48.45,60.54,53.89,92.816,11.223,35.964,2.911,OK
L1_run_001,S04,L1_run_001-TS04,PF100,V000036,2724.0,54.5,48.45,60.54,53.416,87.647,10.801,36.997,3.223,OK
L1_run_001,S04,L1_run_001-TS04,PF100,V000037,2787.0,54.5,48.45,60.54,55.801,92.511,10.7,37.28,2.961,OK
L1_run_001,S04,L1_run_001-TS04,PF100,V000038,2845.0,54.5,48.45,60.54,55.75,91.174,11.85,37.117,3.155,OK
L1_run_001,S04,L1_run_001-TS04,PF100,V000039,2913.0,54.5,48.45,60.54,53.513,92.905,11.02,38.502,2.967,OK
L1_run_001,S04,L1_run_001-TS04,PF100,V000040,2961.0,54.5,48.45,60.54,54.788,91.096,11.038,37.2,3.387,OK
L1_run_001,S04,L1_run_001-TS04,PF100,V000041,3030.0,54.5,48.45,60.54,54.799,90.94,11.925,36.679,3.262,OK
L1_run_001,S04,L1_run_001-TS04,PF100,V000042,3093.0,54.5,48.45,60.54,54.963,93.847,11.103,35.255,3.147,OK
L1_run_001,S04,L1_run_001-TS04,PF100,V000043,3150.0,54.5,48.45,60.54,55.05,89.107,11.311,34.848,3.228,OK
L1_run_001,S04,L1_run_001-TS04,PF100,V000044,3205.0,54.5,48.45,60.54,57.32,88.865,12.041,37.996,3.326,OK
L1_run_001,S04,L1_run_001-TS04,PF100,V000045,3266.0,54.5,48.45,60.54,54.727,91.563,11.344,37.567,2.835,OK
L1_run_001,S04,L1_run_001-TS04,PF100,V000046,3334.0,54.5,48.45,60.54,55.823,88.857,12.015,37.554,2.727,OK
L1_run_001,S04,L1_run_001-TS04,PF100,V000047,3397.0,54.5,48.45,60.54,54.603,96.823,11.506,34.82,3.033,OK
L1_run_001,S04,L1_run_001-TS04,PF100,V000048,3459.0,54.5,48.45,60.54,57.424,95.251,12.104,40.091,3.264,OK
L1_run_001,S04,L1_run_001-TS04,PF100,V000049,3510.0,54.5,48.45,60.54,56.088,100.995,11.225,37.721,3.064,OK
L1_run_001,S04,L1_run_001-TS04,PF100,V000050,3577.0,54.5,48.45,60.54,54.895,86.98,12.039,35.461,3.034,OK
L1_run_001,S04,L1_run_001-TS04,PF100,V000051,3651.0,54.5,48.45,60.54,55.847,92.935,11.881,34.066,2.574,OK
L1_run_001,S04,L1_run_001-TS04,PF100,V000052,3710.0,54.5,48.45,60.54,53.269,90.625,11.084,34.786,2.903,OK
L1_run_001,S04,L1_run_001-TS04,PF100,V000053,3773.0,54.5,48.45,60.54,53.646,93.605,11.716,38.354,3.116,OK
L1_run_001,S04,L1_run_001-TS04,PF100,V000054,3826.0,54.5,48.45,60.54,58.223,93.894,11.093,37.804,3.096,OK
L1_run_001,S04,L1_run_001-TS04,PF100,V000055,3880.0,54.5,48.45,60.54,52.579,98.113,11.773,33.723,3.093,OK
L1_run_001,S04,L1_run_001-TS04,PF100,V000056,3946.0,54.5,48.45,60.54,56.407,85.294,11.399,33.366,3.144,OK
L1_run_001,S04,L1_run_001-TS04,PF100,V000057,4002.0,54.5,48.45,60.54,53.089,92.654,12.035,37.932,3.277,OK
L1_run_001,S04,L1_run_001-TS04,PF100,V000058,4064.0,54.5,48.45,60.54,54.82,90.378,11.369,37.683,3.207,OK
L1_run_001,S04,L1_run_001-TS04,PF100,V000059,4116.0,54.5,48.45,60.54,51.845,92.763,10.377,39.94,3.166,OK
L1_run_001,S04,L1_run_001-TS04,PF100,V000060,4172.0,54.5,48.45,60.54,55.226,96.22,12.17,37.723,2.899,OK
L1_run_001,S04,L1_run_001-TS04,PF100,V000061,4219.0,54.5,48.45,60.54,53.411,93.419,11.71,40.589,3.085,OK
L1_run_001,S04,L1_run_001-TS04,PF100,V000062,4287.0,54.5,48.45,60.54,55.147,95.525,11.932,34.38,3.176,OK
L1_run_001,S04,L1_run_001-TS04,PF100,V000063,4349.0,54.5,48.45,60.54,53.649,90.411,11.62,36.817,2.967,OK
L1_run_001,S04,L1_run_001-TS04,PF100,V000064,4403.0,54.5,48.45,60.54,52.311,97.805,10.828,35.446,3.567,OK
L1_run_001,S04,L1_run_001-TS04,PF100,V000065,4464.0,54.5,48.45,60.54,52.767,90.163,10.532,35.741,3.109,OK
L1_run_001,S04,L1_run_001-TS04,PF100,V000066,4519.0,54.5,48.45,60.54,53.832,91.199,11.748,34.682,3.088,OK
L1_run_001,S04,L1_run_001-TS04,PF100,V000067,4576.0,54.5,48.45,60.54,53.662,87.3,11.799,37.185,3.319,OK
L1_run_001,S04,L1_run_001-TS04,PF100,V000068,4635.0,54.5,48.45,60.54,54.291,95.503,11.504,36.003,3.051,OK
L1_run_001,S04,L1_run_001-TS04,PF100,V000069,4688.0,54.5,48.45,60.54,53.605,89.014,12.539,36.876,3.121,OK
L1_run_001,S04,L1_run_001-TS04,PF100,V000070,4744.0,54.5,48.45,60.54,55.388,86.839,11.781,38.192,3.099,OK
L1_run_001,S04,L1_run_001-TS04,PF100,V000071,4798.0,54.5,48.45,60.54,56.074,94.714,11.518,36.226,3.216,OK
L1_run_001,S04,L1_run_001-TS04,PF100,V000072,4852.0,54.5,48.45,60.54,55.543,87.455,11.538,39.021,3.407,OK
L1_run_001,S04,L1_run_001-TS04,PF100,V000073,4910.0,54.5,48.45,60.54,55.308,92.49,11.993,38.809,3.007,OK
L1_run_001,S04,L1_run_001-TS04,PF100,V000074,4971.0,54.5,48.45,60.54,57.516,93.195,11.156,34.744,3.046,OK
L1_run_001,S04,L1_run_001-TS04,PF100,V000075,5035.0,54.5,48.45,60.54,52.892,96.695,11.291,37.946,3.158,OK
L1_run_001,S04,L1_run_001-TS04,PF100,V000076,5092.0,54.5,48.45,60.54,54.372,91.822,11.127,36.561,2.876,OK
L1_run_001,S04,L1_run_001-TS04,PF100,V000077,5148.0,54.5,48.45,60.54,52.91,92.149,11.047,39.081,3.081,OK
L1_run_001,S04,L1_run_001-TS04,PF100,V000078,5204.0,54.5,48.45,60.54,53.422,91.463,11.178,34.392,3.056,OK
L1_run_001,S04,L1_run_001-TS04,PF100,V000079,5259.0,54.5,48.45,60.54,55.303,95.29,10.843,37.403,2.829,OK
L1_run_001,S04,L1_run_001-TS04,PF100,V000080,5311.0,54.5,48.45,60.54,53.897,87.047,11.427,38.51,2.594,OK
L1_run_001,S04,L1_run_001-TS04,PF100,V000081,5375.0,54.5,48.45,60.54,55.148,93.978,11.696,37.728,3.083,OK
L1_run_001,S04,L1_run_001-TS04,PF100,V000082,5438.0,54.5,48.45,60.54,50.545,93.437,11.545,36.299,3.102,OK
L1_run_001,S04,L1_run_001-TS04,PF100,V000083,5494.0,54.5,48.45,60.54,54.398,94.145,11.076,35.637,3.347,OK
L1_run_001,S04,L1_run_001-TS04,PF100,V000084,5556.0,54.5,48.45,60.54,54.327,88.37,11.38,36.365,3.217,OK
L1_run_001,S04,L1_run_001-TS04,PF100,V000085,5621.0,54.5,48.45,60.54,54.738,93.99,10.617,34.766,3.023,OK
L1_run_001,S04,L1_run_001-TS04,PF100,V000086,5683.0,54.5,48.45,60.54,52.999,94.349,11.103,35.935,3.277,OK
L1_run_001,S04,L1_run_001-TS04,PF100,V000087,5782.0,54.5,48.45,60.54,55.141,88.416,11.882,35.666,2.989,OK
L1_run_001,S04,L1_run_001-TS04,PF100,V000088,5840.0,54.5,48.45,60.54,50.533,94.147,11.283,32.688,2.93,OK
L1_run_001,S04,L1_run_001-TS04,PF100,V000089,5900.0,54.5,48.45,60.54,55.751,97.748,11.423,36.255,3.365,OK
L1_run_001,S04,L1_run_001-TS04,PF100,V000090,5965.0,54.5,48.45,60.54,54.067,90.842,11.398,37.165,2.803,OK
L1_run_001,S04,L1_run_001-TS04,PF100,V000091,6027.0,54.5,48.45,60.54,55.624,95.214,12.045,35.033,2.939,OK
L1_run_001,S04,L1_run_001-TS04,PF100,V000092,6085.0,54.5,48.45,60.54,53.453,92.332,11.616,36.058,3.183,OK
L1_run_001,S04,L1_run_001-TS04,PF100,V000093,6142.0,54.5,48.45,60.54,53.4,95.521,11.321,35.953,3.053,OK
L1_run_001,S04,L1_run_001-TS04,PF100,V000094,6214.0,54.5,48.45,60.54,55.05,95.272,11.418,36.427,3.215,OK
L1_run_001,S04,L1_run_001-TS04,PF100,V000095,6404.0,54.5,48.45,60.54,54.668,96.22,11.427,37.634,2.984,OK
L1_run_001,S04,L1_run_001-TS04,PF100,V000096,6469.0,54.5,48.45,60.54,56.399,85.431,12.001,39.01,2.926,OK
L1_run_001,S04,L1_run_001-TS04,PF100,V000097,6529.0,54.5,48.45,60.54,55.756,93.603,11.737,37.438,3.144,OK
L1_run_001,S04,L1_run_001-TS04,PF100,V000098,6584.0,54.5,48.45,60.54,53.66,90.528,11.395,37.446,3.209,OK
L1_run_001,S04,L1_run_001-TS04,PF100,V000099,6643.0,54.5,48.45,60.54,53.554,92.32,11.626,35.586,3.161,OK
L1_run_001,S04,L1_run_001-TS04,PF100,V000100,6704.0,54.5,48.45,60.54,54.305,92.203,11.582,34.22,3.381,OK
L1_run_001,S04,L1_run_001-TS04,PF100,V000101,6762.0,54.5,48.45,60.54,53.644,92.539,11.193,38.453,2.977,OK
L1_run_001,S04,L1_run_001-TS04,PF100,V000102,6827.0,54.5,48.45,60.54,55.484,92.778,11.537,39.071,3.125,OK
L1_run_001,S04,L1_run_001-TS04,PF100,V000103,6888.0,54.5,48.45,60.54,53.141,92.246,11.724,37.732,3.082,OK
L1_run_001,S04,L1_run_001-TS04,PF100,V000104,6951.0,54.5,48.45,60.54,55.278,93.017,12.183,38.261,3.152,OK
L1_run_001,S04,L1_run_001-TS04,PF100,V000105,7008.0,54.5,48.45,60.54,53.83,91.625,11.366,37.38,2.868,OK
L1_run_001,S04,L1_run_001-TS04,PF100,V000106,7129.0,54.5,48.45,60.54,54.903,90.933,12.101,39.723,2.911,OK
L1_run_001,S04,L1_run_001-TS04,PF100,V000107,7194.0,54.5,48.45,60.54,54.912,96.446,11.44,39.181,3.244,OK
L1_run_001,S04,L1_run_001-TS04,PF100,V000108,7863.0,54.5,48.45,60.54,55.814,92.348,10.83,37.287,3.244,OK
L1_run_001,S04,L1_run_001-TS04,PF100,V000109,7926.0,54.5,48.45,60.54,55.223,86.678,11.737,35.367,2.897,OK
L1_run_001,S04,L1_run_001-TS04,PF100,V000110,7991.0,54.5,48.45,60.54,56.827,87.28,11.569,37.383,3.014,OK
L1_run_001,S04,L1_run_001-TS04,PF100,V000111,8045.0,54.5,48.45,60.54,52.264,91.74,11.402,37.359,2.798,OK
L1_run_001,S04,L1_run_001-TS04,PF100,V000112,8108.0,54.5,48.45,60.54,55.619,91.005,12.191,36.59,3.027,OK
L1_run_001,S04,L1_run_001-TS04,PF100,V000113,8179.0,54.5,48.45,60.54,55.945,91.261,11.853,34.468,2.862,OK
L1_run_001,S04,L1_run_001-TS04,PF100,V000114,8244.0,54.5,48.45,60.54,54.989,89.268,11.662,39.745,3.045,OK
L1_run_001,S04,L1_run_001-TS04,PF100,V000115,8293.0,54.5,48.45,60.54,55.044,89.51,11.184,38.842,2.929,OK
L1_run_001,S04,L1_run_001-TS04,PF100,V000116,8357.0,54.5,48.45,60.54,53.061,91.127,12.283,37.324,3.217,OK
L1_run_001,S04,L1_run_001-TS04,PF100,V000117,8421.0,54.5,48.45,60.54,54.627,88.517,11.534,37.542,3.028,OK
L1_run_001,S04,L1_run_001-TS04,PF100,V000118,8477.0,54.5,48.45,60.54,54.897,89.626,11.449,37.326,2.795,OK
L1_run_001,S04,L1_run_001-TS04,PF100,V000119,8529.0,54.5,48.45,60.54,56.347,92.769,12.2,36.004,3.287,OK
L1_run_001,S04,L1_run_001-TS04,PF100,V000120,8586.0,54.5,48.45,60.54,54.388,95.591,11.684,36.419,3.17,OK
L1_run_001,S04,L1_run_001-TS04,PF100,V000121,8645.0,54.5,48.45,60.54,57.595,93.819,11.001,35.259,3.267,OK
L1_run_001,S04,L1_run_001-TS04,PF100,V000122,8708.0,54.5,48.45,60.54,57.034,91.414,11.352,37.264,3.149,OK
L1_run_001,S04,L1_run_001-TS04,PF100,V000123,8768.0,54.5,48.45,60.54,52.115,93.066,11.081,38.238,3.064,OK
L1_run_001,S04,L1_run_001-TS04,PF100,V000124,8826.0,54.5,48.45,60.54,54.263,90.525,11.066,35.797,3.246,OK
L1_run_001,S04,L1_run_001-TS04,PF100,V000125,8889.0,54.5,48.45,60.54,57.157,85.814,11.704,36.924,3.352,OK
L1_run_001,S04,L1_run_001-TS04,PF100,V000126,9135.0,54.5,48.45,60.54,52.99,93.2,10.321,33.933,3.217,OK
L1_run_001,S04,L1_run_001-TS04,PF100,V000127,9197.0,54.5,48.45,60.54,55.352,96.919,11.053,38.077,3.03,OK
L1_run_001,S04,L1_run_001-TS04,PF100,V000128,9252.0,54.5,48.45,60.54,56.162,89.534,11.307,34.825,3.128,OK
L1_run_001,S04,L1_run_001-TS04,PF100,V000129,9309.0,54.5,48.45,60.54,56.018,91.107,11.723,36.919,2.793,OK
L1_run_001,S04,L1_run_001-TS04,PF100,V000130,9359.0,54.5,48.45,60.54,54.701,88.696,10.86,36.445,3.285,OK
L1_run_001,S04,L1_run_001-TS04,PF100,V000131,9419.0,54.5,48.45,60.54,53.971,86.958,11.535,37.284,3.234,OK
L1_run_001,S04,L1_run_001-TS04,PF100,V000132,9482.0,54.5,48.45,60.54,53.934,92.713,11.644,35.328,3.219,OK
L1_run_001,S04,L1_run_001-TS04,PF100,V000133,9529.0,54.5,48.45,60.54,57.07,86.323,12.719,33.133,2.963,OK
L1_run_001,S04,L1_run_001-TS04,PF100,V000134,9585.0,54.5,48.45,60.54,55.935,91.063,11.975,36.223,3.228,OK
L1_run_001,S04,L1_run_001-TS04,PF100,V000135,9649.0,54.5,48.45,60.54,55.268,89.299,11.871,37.747,2.983,OK
L1_run_001,S04,L1_run_001-TS04,PF100,V000136,9705.0,54.5,48.45,60.54,54.449,93.094,11.761,36.142,3.011,OK
L1_run_001,S04,L1_run_001-TS04,PF100,V000137,9759.0,54.5,48.45,60.54,56.411,90.66,11.765,36.347,2.774,OK
L1_run_001,S04,L1_run_001-TS04,PF100,V000138,9826.0,54.5,48.45,60.54,54.701,93.407,12.505,38.665,3.224,OK
L1_run_001,S04,L1_run_001-TS04,PF100,V000139,9893.0,54.5,48.45,60.54,55.321,86.149,11.128,36.281,3.278,OK
L1_run_001,S04,L1_run_001-TS04,PF100,V000140,9952.0,54.5,48.45,60.54,56.301,91.076,12.263,36.023,3.336,OK
L1_run_001,S04,L1_run_001-TS04,PF100,V000141,10014.0,54.5,48.45,60.54,57.016,89.805,11.896,38.549,2.863,OK
L1_run_001,S04,L1_run_001-TS04,PF100,V000142,10066.0,54.5,48.45,60.54,53.006,93.086,10.96,38.226,3.085,OK
L1_run_001,S04,L1_run_001-TS04,PF100,V000143,10131.0,54.5,48.45,60.54,52.212,91.785,11.498,40.85,2.996,OK
L1_run_001,S04,L1_run_001-TS04,PF100,V000144,10184.0,54.5,48.45,60.54,52.752,89.705,11.476,36.788,3.486,OK
L1_run_001,S04,L1_run_001-TS04,PF100,V000145,10249.0,54.5,48.45,60.54,53.939,92.702,12.229,37.082,3.249,OK
L1_run_001,S04,L1_run_001-TS04,PF100,V000146,10312.0,54.5,48.45,60.54,55.868,84.475,11.146,38.985,3.164,OK
L1_run_001,S04,L1_run_001-TS04,PF100,V000147,10377.0,54.5,48.45,60.54,53.008,95.97,11.27,37.908,2.914,OK
L1_run_001,S04,L1_run_001-TS04,PF100,V000148,10435.0,54.5,48.45,60.54,53.677,89.825,11.385,37.821,3.267,OK
L1_run_001,S04,L1_run_001-TS04,PF100,V000149,10494.0,54.5,48.45,60.54,53.054,87.994,12.28,37.246,2.87,OK
L1_run_001,S04,L1_run_001-TS04,PF100,V000150,10552.0,54.5,48.45,60.54,53.996,95.579,10.883,38.147,2.681,OK
L1_run_001,S04,L1_run_001-TS04,PF100,V000151,10607.0,54.5,48.45,60.54,56.486,92.252,11.282,41.402,3.095,OK
L1_run_001,S04,L1_run_001-TS04,PF100,V000152,10789.0,54.5,48.45,60.54,54.179,88.775,10.959,35.024,3.217,OK
L1_run_001,S04,L1_run_001-TS04,PF100,V000153,11056.0,54.5,48.45,60.54,55.164,88.67,11.142,36.38,3.133,OK
L1_run_001,S04,L1_run_001-TS04,PF100,V000154,11115.0,54.5,48.45,60.54,53.906,91.676,11.557,35.088,3.238,OK
L1_run_001,S04,L1_run_001-TS04,PF100,V000155,11172.0,54.5,48.45,60.54,53.749,89.642,11.815,39.104,3.07,OK
L1_run_001,S04,L1_run_001-TS04,PF100,V000156,11237.0,54.5,48.45,60.54,53.262,89.177,11.302,36.347,3.615,OK
L1_run_001,S04,L1_run_001-TS04,PF100,V000157,11297.0,54.5,48.45,60.54,55.208,90.541,11.912,37.501,3.319,OK
L1_run_001,S04,L1_run_001-TS04,PF100,V000158,11361.0,54.5,48.45,60.54,53.925,89.188,11.379,36.393,3.13,OK
L1_run_001,S04,L1_run_001-TS04,PF100,V000159,11415.0,54.5,48.45,60.54,54.724,93.522,11.469,37.747,3.317,OK
L1_run_001,S04,L1_run_001-TS04,PF100,V000160,11467.0,54.5,48.45,60.54,52.661,100.403,11.674,38.635,3.218,OK
L1_run_001,S04,L1_run_001-TS04,PF100,V000161,11531.0,54.5,48.45,60.54,53.779,97.775,11.248,39.278,3.045,OK
L1_run_001,S04,L1_run_001-TS04,PF100,V000162,11589.0,54.5,48.45,60.54,55.579,88.431,11.279,37.45,3.251,OK
L1_run_001,S04,L1_run_001-TS04,PF100,V000163,11652.0,54.5,48.45,60.54,55.229,90.954,11.803,36.467,3.169,OK
L1_run_001,S04,L1_run_001-TS04,PF100,V000164,11713.0,54.5,48.45,60.54,54.344,93.5,11.611,38.688,3.169,OK
L1_run_001,S04,L1_run_001-TS04,PF100,V000165,11920.0,54.5,48.45,60.54,54.602,95.329,11.413,38.027,3.18,OK
L1_run_001,S04,L1_run_001-TS04,PF100,V000166,11982.0,54.5,48.45,60.54,53.049,95.99,11.16,39.676,2.821,OK
L1_run_001,S04,L1_run_001-TS04,PF100,V000167,12035.0,54.5,48.45,60.54,51.777,94.283,10.631,37.148,3.116,OK
L1_run_001,S04,L1_run_001-TS04,PF100,V000168,12098.0,54.5,48.45,60.54,53.572,91.138,11.619,37.305,2.766,OK
L1_run_001,S04,L1_run_001-TS04,PF100,V000169,12157.0,54.5,48.45,60.54,53.429,98.545,11.154,37.921,3.164,OK
L1_run_001,S04,L1_run_001-TS04,PF100,V000170,12212.0,54.5,48.45,60.54,56.372,91.39,12.255,38.147,2.989,OK
L1_run_001,S04,L1_run_001-TS04,PF100,V000171,12267.0,54.5,48.45,60.54,53.141,88.289,10.607,37.44,3.272,OK
L1_run_001,S04,L1_run_001-TS04,PF100,V000172,12323.0,54.5,48.45,60.54,51.964,96.497,10.606,36.661,3.021,OK
L1_run_001,S04,L1_run_001-TS04,PF100,V000173,12376.0,54.5,48.45,60.54,55.141,96.342,11.371,36.949,3.124,OK
L1_run_001,S04,L1_run_001-TS04,PF100,V000174,12437.0,54.5,48.45,60.54,52.5,95.02,10.97,34.55,2.919,OK
L1_run_001,S04,L1_run_001-TS04,PF100,V000175,12500.0,54.5,48.45,60.54,55.924,87.42,11.279,38.813,3.055,OK
L1_run_001,S04,L1_run_001-TS04,PF100,V000176,12554.0,54.5,48.45,60.54,51.506,94.283,11.041,39.242,3.106,OK
L1_run_001,S04,L1_run_001-TS04,PF100,V000177,12610.0,54.5,48.45,60.54,55.108,87.834,11.664,38.473,2.91,OK
L1_run_001,S04,L1_run_001-TS04,PF100,V000178,12668.0,54.5,48.45,60.54,55.001,92.38,11.114,36.911,3.424,OK
L1_run_001,S04,L1_run_001-TS04,PF100,V000179,12734.0,54.5,48.45,60.54,49.87,97.982,11.165,38.445,3.063,OK
L1_run_001,S04,L1_run_001-TS04,PF100,V000180,12806.0,54.5,48.45,60.54,55.792,90.158,11.919,42.711,3.423,OK
L1_run_001,S04,L1_run_001-TS04,PF100,V000181,12861.0,54.5,48.45,60.54,57.124,89.853,11.419,40.539,2.823,OK
L1_run_001,S04,L1_run_001-TS04,PF100,V000182,12928.0,54.5,48.45,60.54,54.262,91.98,11.98,36.505,2.832,OK
L1_run_001,S04,L1_run_001-TS04,PF100,V000183,12989.0,54.5,48.45,60.54,55.233,89.647,11.975,38.336,3.144,OK
L1_run_001,S04,L1_run_001-TS04,PF100,V000184,13229.0,54.5,48.45,60.54,54.925,89.021,11.59,38.451,3.061,OK
L1_run_001,S04,L1_run_001-TS04,PF100,V000185,13288.0,54.5,48.45,60.54,53.684,93.128,10.933,38.103,3.135,OK
L1_run_001,S04,L1_run_001-TS04,PF100,V000186,13342.0,54.5,48.45,60.54,56.338,88.334,11.708,39.584,3.198,OK
L1_run_001,S04,L1_run_001-TS04,PF100,V000187,13395.0,54.5,48.45,60.54,56.359,87.096,11.46,37.763,3.201,OK
L1_run_001,S04,L1_run_001-TS04,PF100,V000188,13463.0,54.5,48.45,60.54,53.164,99.086,11.425,36.833,3.161,OK
L1_run_001,S04,L1_run_001-TS04,PF100,V000189,13525.0,54.5,48.45,60.54,55.911,92.525,11.742,36.959,3.49,OK
L1_run_001,S04,L1_run_001-TS04,PF100,V000190,13586.0,54.5,48.45,60.54,54.5,88.872,12.116,36.86,3.543,OK
L1_run_001,S04,L1_run_001-TS04,PF100,V000191,13653.0,54.5,48.45,60.54,55.029,87.944,11.807,36.191,3.324,OK
L1_run_001,S04,L1_run_001-TS04,PF100,V000192,16319.0,54.5,48.45,60.54,53.154,89.308,11.253,38.077,2.674,OK
L1_run_001,S04,L1_run_001-TS04,PF100,V000193,16390.0,54.5,48.45,60.54,52.872,92.815,11.361,36.707,2.892,OK
L1_run_001,S04,L1_run_001-TS04,PF100,V000194,16618.0,54.5,48.45,60.54,55.084,92.738,11.573,38.352,2.679,OK
L1_run_001,S04,L1_run_001-TS04,PF100,V000195,16713.0,54.5,48.45,60.54,54.77,96.703,10.765,40.86,3.241,OK
L1_run_001,S04,L1_run_001-TS04,PF100,V000196,16883.0,54.5,48.45,60.54,55.225,94.833,11.089,38.842,3.146,OK
L1_run_001,S04,L1_run_001-TS04,PF100,V000197,16946.0,54.5,48.45,60.54,55.862,88.065,12.088,40.926,2.982,OK
L1_run_001,S04,L1_run_001-TS04,PF100,V000198,17008.0,54.5,48.45,60.54,55.06,94.368,11.162,35.959,2.971,OK
L1_run_001,S04,L1_run_001-TS04,PF100,V000199,17088.0,54.5,48.45,60.54,55.343,88.988,11.428,40.811,3.028,OK
L1_run_001,S04,L1_run_001-TS04,PF100,V000200,17173.0,54.5,48.45,60.54,53.956,84.777,11.077,39.521,2.993,OK
L1_run_001,S04,L1_run_001-TS04,PF100,V000201,17247.0,54.5,48.45,60.54,56.432,91.238,11.741,35.19,3.172,OK
L1_run_001,S04,L1_run_001-TS04,PF100,V000202,17320.0,54.5,48.45,60.54,52.763,91.063,11.964,39.651,3.107,OK
L1_run_001,S04,L1_run_001-TS04,PF100,V000203,17399.0,54.5,48.45,60.54,54.121,92.858,11.504,37.919,2.93,OK
L1_run_001,S04,L1_run_001-TS04,PF100,V000204,17502.0,54.5,48.45,60.54,54.377,95.217,11.204,39.394,3.348,OK
L1_run_001,S04,L1_run_001-TS04,PF100,V000205,17587.0,54.5,48.45,60.54,55.063,87.738,11.574,38.753,3.038,OK
L1_run_001,S04,L1_run_001-TS04,PF100,V000206,17671.0,54.5,48.45,60.54,52.795,91.9,10.519,38.997,3.108,OK
L1_run_001,S04,L1_run_001-TS04,PF100,V000207,17750.0,54.5,48.45,60.54,57.486,88.648,11.74,39.118,2.916,OK
L1_run_001,S04,L1_run_001-TS04,PF100,V000208,17842.0,54.5,48.45,60.54,53.599,91.335,11.223,38.656,3.242,OK
L1_run_001,S04,L1_run_001-TS04,PF100,V000209,17941.0,54.5,48.45,60.54,56.675,90.521,11.831,38.146,2.95,OK
L1_run_001,S04,L1_run_001-TS04,PF100,V000210,18540.0,54.5,48.45,60.54,51.504,91.573,11.635,37.089,3.236,OK
L1_run_001,S04,L1_run_001-TS04,PF100,V000211,18601.0,54.5,48.45,60.54,52.473,91.481,11.23,38.909,3.149,OK
L1_run_001,S04,L1_run_001-TS04,PF100,V000212,18749.0,54.5,48.45,60.54,55.244,92.796,11.511,41.589,3.32,OK
L1_run_001,S04,L1_run_001-TS04,PF100,V000213,18815.0,54.5,48.45,60.54,54.066,91.34,11.689,39.21,3.084,OK
L1_run_001,S04,L1_run_001-TS04,PF100,V000214,18875.0,54.5,48.45,60.54,54.598,90.891,10.586,34.738,3.088,OK
L1_run_001,S04,L1_run_001-TS04,PF100,V000215,19402.0,54.5,48.45,60.54,53.818,89.589,11.896,39.85,3.08,OK
L1_run_001,S04,L1_run_001-TS04,PF100,V000216,19463.0,54.5,48.45,60.54,55.742,86.69,11.091,39.498,3.206,OK
L1_run_001,S04,L1_run_001-TS04,PF100,V000217,19523.0,54.5,48.45,60.54,52.792,94.949,12.088,36.77,3.294,OK
L1_run_001,S04,L1_run_001-TS04,PF100,V000218,19578.0,54.5,48.45,60.54,53.971,96.435,11.325,38.088,3.132,OK
L1_run_001,S04,L1_run_001-TS04,PF100,V000219,19641.0,54.5,48.45,60.54,54.335,95.291,11.304,40.793,2.641,OK
L1_run_001,S04,L1_run_001-TS04,PF100,V000220,19700.0,54.5,48.45,60.54,54.254,89.803,12.432,39.305,3.004,OK
L1_run_001,S04,L1_run_001-TS04,PF100,V000221,19764.0,54.5,48.45,60.54,55.751,92.072,12.0,36.034,3.033,OK
L1_run_001,S04,L1_run_001-TS04,PF100,V000222,19832.0,54.5,48.45,60.54,54.954,92.874,12.462,38.612,3.223,OK
L1_run_001,S04,L1_run_001-TS04,PF100,V000223,19893.0,54.5,48.45,60.54,54.603,91.466,12.053,38.817,3.143,OK
L1_run_001,S04,L1_run_001-TS04,PF100,V000224,19949.0,54.5,48.45,60.54,52.268,90.336,11.627,40.203,3.097,OK
L1_run_001,S04,L1_run_001-TS04,PF100,V000225,20005.0,54.5,48.45,60.54,53.161,93.846,11.123,40.026,2.722,OK
L1_run_001,S04,L1_run_001-TS04,PF100,V000226,20079.0,54.5,48.45,60.54,53.506,94.027,10.438,40.697,3.087,OK
L1_run_001,S04,L1_run_001-TS04,PF100,V000227,20132.0,54.5,48.45,60.54,54.574,93.206,11.764,39.885,3.251,OK
L1_run_001,S04,L1_run_001-TS04,PF100,V000228,20191.0,54.5,48.45,60.54,54.737,87.502,10.932,37.601,2.912,OK
L1_run_001,S04,L1_run_001-TS04,PF100,V000229,20244.0,54.5,48.45,60.54,50.163,90.295,10.556,38.763,2.87,OK
L1_run_001,S04,L1_run_001-TS04,PF100,V000230,20303.0,54.5,48.45,60.54,54.084,91.031,12.064,38.525,3.095,OK
L1_run_001,S04,L1_run_001-TS04,PF100,V000231,20366.0,54.5,48.45,60.54,53.319,88.851,11.166,35.736,3.591,OK
L1_run_001,S04,L1_run_001-TS04,PF100,V000232,20420.0,54.5,48.45,60.54,54.688,90.462,11.24,38.271,3.343,OK
L1_run_001,S04,L1_run_001-TS04,PF100,V000233,20486.0,54.5,48.45,60.54,55.342,90.964,11.272,37.093,3.169,OK
L1_run_001,S04,L1_run_001-TS04,PF100,V000234,20547.0,54.5,48.45,60.54,53.774,93.034,11.294,38.039,3.36,OK
L1_run_001,S04,L1_run_001-TS04,PF100,V000235,20602.0,54.5,48.45,60.54,55.036,90.079,11.458,37.726,2.587,OK
L1_run_001,S04,L1_run_001-TS04,PF100,V000236,20658.0,54.5,48.45,60.54,52.339,92.946,11.904,38.55,3.058,OK
L1_run_001,S04,L1_run_001-TS04,PF100,V000237,20710.0,54.5,48.45,60.54,52.98,98.97,11.831,40.189,3.075,OK
L1_run_001,S04,L1_run_001-TS04,PF100,V000238,20770.0,54.5,48.45,60.54,54.811,89.677,11.375,38.523,2.994,OK
L1_run_001,S04,L1_run_001-TS04,PF100,V000239,20832.0,54.5,48.45,60.54,53.687,92.304,11.95,41.675,2.879,OK
L1_run_001,S04,L1_run_001-TS04,PF100,V000240,20893.0,54.5,48.45,60.54,54.361,94.524,11.251,36.36,2.848,OK
L1_run_001,S04,L1_run_001-TS04,PF100,V000241,20955.0,54.5,48.45,60.54,52.929,96.094,11.662,38.139,2.932,OK
L1_run_001,S04,L1_run_001-TS04,PF100,V000242,21020.0,54.5,48.45,60.54,54.91,95.54,10.317,39.248,3.031,OK
L1_run_001,S04,L1_run_001-TS04,PF100,V000243,21073.0,54.5,48.45,60.54,54.767,95.213,11.676,36.882,3.069,OK
L1_run_001,S04,L1_run_001-TS04,PF100,V000244,21136.0,54.5,48.45,60.54,52.501,95.156,12.151,34.272,3.048,OK
L1_run_001,S04,L1_run_001-TS04,PF100,V000245,21192.0,54.5,48.45,60.54,53.641,89.701,11.178,37.763,3.204,OK
L1_run_001,S04,L1_run_001-TS04,PF100,V000246,21249.0,54.5,48.45,60.54,56.155,94.397,11.344,36.665,2.86,OK
L1_run_001,S04,L1_run_001-TS04,PF100,V000247,21313.0,54.5,48.45,60.54,53.432,89.164,12.201,36.931,3.616,OK
L1_run_001,S04,L1_run_001-TS04,PF100,V000248,21379.0,54.5,48.45,60.54,54.153,92.665,11.755,38.911,3.437,OK
L1_run_001,S04,L1_run_001-TS04,PF100,V000249,21440.0,54.5,48.45,60.54,55.263,90.298,11.655,35.91,2.826,OK
L1_run_001,S04,L1_run_001-TS04,PF100,V000250,21500.0,54.5,48.45,60.54,56.942,90.077,11.402,36.957,3.07,OK
L1_run_001,S04,L1_run_001-TS04,PF100,V000251,21615.0,54.5,48.45,60.54,55.745,90.242,11.706,38.565,3.331,OK
L1_run_001,S04,L1_run_001-TS04,PF100,V000252,21678.0,54.5,48.45,60.54,53.232,93.139,11.935,38.462,3.105,OK
L1_run_001,S04,L1_run_001-TS04,PF100,V000253,21765.0,54.5,48.45,60.54,55.622,92.632,10.976,39.667,3.25,OK
L1_run_001,S04,L1_run_001-TS04,PF100,V000254,21855.0,54.5,48.45,60.54,55.785,87.313,11.704,38.085,3.128,OK
L1_run_001,S04,L1_run_001-TS04,PF100,V000255,22315.0,54.5,48.45,60.54,54.872,88.109,11.377,38.919,3.013,OK
L1_run_001,S04,L1_run_001-TS04,PF100,V000256,22378.0,54.5,48.45,60.54,54.488,91.009,11.174,36.581,2.852,OK
L1_run_001,S04,L1_run_001-TS04,PF100,V000257,22571.0,54.5,48.45,60.54,56.236,88.234,11.781,38.632,2.986,OK
L1_run_001,S04,L1_run_001-TS04,PF100,V000258,22633.0,54.5,48.45,60.54,52.724,93.87,12.295,38.331,2.965,OK
L1_run_001,S04,L1_run_001-TS04,PF100,V000259,22696.0,54.5,48.45,60.54,53.337,92.53,11.461,38.185,2.593,OK
L1_run_001,S04,L1_run_001-TS04,PF100,V000260,22758.0,54.5,48.45,60.54,54.045,85.603,11.525,37.343,3.015,OK
L1_run_001,S04,L1_run_001-TS04,PF100,V000261,22819.0,54.5,48.45,60.54,57.33,87.566,12.139,40.514,2.943,OK
L1_run_001,S04,L1_run_001-TS04,PF100,V000262,22880.0,54.5,48.45,60.54,53.059,95.948,11.213,40.029,3.113,OK
L1_run_001,S04,L1_run_001-TS04,PF100,V000263,22933.0,54.5,48.45,60.54,54.412,91.857,11.355,38.959,2.721,OK
L1_run_001,S04,L1_run_001-TS04,PF100,V000264,23001.0,54.5,48.45,60.54,54.009,93.257,12.054,41.3,2.828,OK
L1_run_001,S04,L1_run_001-TS04,PF100,V000265,23057.0,54.5,48.45,60.54,54.171,94.771,11.028,38.196,2.781,OK
L1_run_001,S04,L1_run_001-TS04,PF100,V000266,23116.0,54.5,48.45,60.54,53.7,93.559,11.103,41.958,2.858,OK
L1_run_001,S04,L1_run_001-TS04,PF100,V000267,23193.0,54.5,48.45,60.54,53.981,92.674,12.055,38.118,2.962,OK
L1_run_001,S04,L1_run_001-TS04,PF100,V000268,23264.0,54.5,48.45,60.54,55.685,92.356,11.05,40.606,2.991,OK
L1_run_001,S04,L1_run_001-TS04,PF100,V000269,23332.0,54.5,48.45,60.54,56.862,93.204,11.04,40.013,2.969,OK
L1_run_001,S04,L1_run_001-TS04,PF100,V000270,23395.0,54.5,48.45,60.54,55.833,92.379,11.565,39.542,3.327,OK
L1_run_001,S04,L1_run_001-TS04,PF100,V000271,24329.0,54.5,48.45,60.54,56.779,88.016,11.818,42.066,3.306,OK
L1_run_001,S04,L1_run_001-TS04,PF100,V000272,24423.0,54.5,48.45,60.54,54.486,95.077,11.575,38.91,3.34,OK
L1_run_001,S04,L1_run_001-TS04,PF100,V000273,24488.0,54.5,48.45,60.54,54.4,91.383,11.969,37.833,3.288,OK
L1_run_001,S04,L1_run_001-TS04,PF100,V000274,24544.0,54.5,48.45,60.54,52.264,96.476,11.439,40.138,3.407,OK
L1_run_001,S04,L1_run_001-TS04,PF100,V000275,24602.0,54.5,48.45,60.54,56.511,89.617,11.494,36.702,3.271,OK
L1_run_001,S04,L1_run_001-TS04,PF100,V000276,24663.0,54.5,48.45,60.54,55.74,87.394,11.5,39.085,2.901,OK
L1_run_001,S04,L1_run_001-TS04,PF100,V000277,24719.0,54.5,48.45,60.54,54.204,90.096,11.088,40.802,3.06,OK
L1_run_001,S04,L1_run_001-TS04,PF100,V000278,24775.0,54.5,48.45,60.54,53.456,96.253,11.511,38.421,2.89,OK
L1_run_001,S04,L1_run_001-TS04,PF100,V000279,24830.0,54.5,48.45,60.54,53.339,92.783,11.784,38.891,3.087,OK
L1_run_001,S04,L1_run_001-TS04,PF100,V000280,24896.0,54.5,48.45,60.54,54.496,91.672,10.836,42.87,3.146,OK
L1_run_001,S04,L1_run_001-TS04,PF100,V000281,24953.0,54.5,48.45,60.54,56.093,92.56,11.599,41.118,3.195,OK
L1_run_001,S04,L1_run_001-TS04,PF100,V000282,25005.0,54.5,48.45,60.54,56.012,86.572,11.72,37.718,2.817,OK
L1_run_001,S04,L1_run_001-TS04,PF100,V000283,25073.0,54.5,48.45,60.54,54.617,83.874,12.251,39.202,3.179,OK
L1_run_001,S04,L1_run_001-TS04,PF100,V000284,25138.0,54.5,48.45,60.54,54.706,89.361,11.252,38.822,2.61,OK
L1_run_001,S04,L1_run_001-TS04,PF100,V000285,25199.0,54.5,48.45,60.54,55.686,92.483,11.696,37.584,3.267,OK
L1_run_001,S04,L1_run_001-TS04,PF100,V000286,25264.0,54.5,48.45,60.54,53.683,88.58,11.562,38.051,3.119,OK
L1_run_001,S04,L1_run_001-TS04,PF100,V000287,25404.0,54.5,48.45,60.54,52.963,91.398,11.743,43.944,2.478,OK
L1_run_001,S04,L1_run_001-TS04,PF100,V000288,25473.0,54.5,48.45,60.54,57.889,93.517,11.402,40.389,3.655,OK
L1_run_001,S04,L1_run_001-TS04,PF100,V000289,25534.0,54.5,48.45,60.54,53.642,92.794,11.816,39.451,2.864,OK
L1_run_001,S04,L1_run_001-TS04,PF100,V000290,25908.0,54.5,48.45,60.54,53.507,90.302,12.424,36.195,3.245,OK
L1_run_001,S04,L1_run_001-TS04,PF100,V000291,26005.0,54.5,48.45,60.54,52.628,85.125,12.393,38.417,3.296,OK
L1_run_001,S04,L1_run_001-TS04,PF100,V000292,26070.0,54.5,48.45,60.54,53.659,88.804,11.639,37.072,2.923,OK
L1_run_001,S04,L1_run_001-TS04,PF100,V000293,26129.0,54.5,48.45,60.54,54.48,90.866,11.951,38.314,3.38,OK
L1_run_001,S04,L1_run_001-TS04,PF100,V000294,26234.0,54.5,48.45,60.54,55.266,92.95,12.311,39.161,3.025,OK
L1_run_001,S04,L1_run_001-TS04,PF100,V000295,26292.0,54.5,48.45,60.54,55.611,90.329,11.718,40.209,3.184,OK
L1_run_001,S04,L1_run_001-TS04,PF100,V000296,26348.0,54.5,48.45,60.54,55.066,92.197,10.808,40.091,3.088,OK
L1_run_001,S04,L1_run_001-TS04,PF100,V000297,26399.0,54.5,48.45,60.54,53.136,98.713,11.485,39.349,3.091,OK
L1_run_001,S04,L1_run_001-TS04,PF100,V000298,26507.0,54.5,48.45,60.54,53.732,92.289,12.048,35.441,3.243,OK
L1_run_001,S04,L1_run_001-TS04,PF100,V000299,26579.0,54.5,48.45,60.54,55.892,89.876,11.134,38.452,3.008,OK
L1_run_001,S04,L1_run_001-TS04,PF100,V000300,26641.0,54.5,48.45,60.54,56.24,87.694,11.53,39.575,3.16,OK
L1_run_001,S04,L1_run_001-TS04,PF100,V000301,26701.0,54.5,48.45,60.54,54.535,92.654,11.672,39.54,3.114,OK
L1_run_001,S04,L1_run_001-TS04,PF100,V000302,26765.0,54.5,48.45,60.54,54.636,90.502,11.406,39.779,3.135,OK
L1_run_001,S04,L1_run_001-TS04,PF100,V000303,26826.0,54.5,48.45,60.54,54.865,89.821,11.122,36.506,3.144,OK
L1_run_001,S04,L1_run_001-TS04,PF100,V000304,26885.0,54.5,48.45,60.54,53.429,90.904,11.789,40.009,2.956,OK
L1_run_001,S04,L1_run_001-TS04,PF100,V000305,26950.0,54.5,48.45,60.54,54.623,89.81,11.092,37.642,2.74,OK
L1_run_001,S04,L1_run_001-TS04,PF100,V000306,27009.0,54.5,48.45,60.54,55.467,92.514,11.257,38.084,3.589,OK
L1_run_001,S04,L1_run_001-TS04,PF100,V000307,27064.0,54.5,48.45,60.54,54.262,89.89,11.741,38.994,2.882,OK
L1_run_001,S04,L1_run_001-TS04,PF100,V000308,27129.0,54.5,48.45,60.54,55.158,91.009,11.952,40.63,3.158,OK
L1_run_001,S04,L1_run_001-TS04,PF100,V000309,27238.0,54.5,48.45,60.54,54.783,95.88,11.653,40.745,2.944,OK
L1_run_001,S04,L1_run_001-TS04,PF100,V000310,27349.0,54.5,48.45,60.54,56.357,92.533,11.671,39.353,3.013,OK
L1_run_001,S04,L1_run_001-TS04,PF100,V000311,27427.0,54.5,48.45,60.54,53.909,88.425,10.53,34.382,3.158,OK
L1_run_001,S04,L1_run_001-TS04,PF100,V000312,27737.0,54.5,48.45,60.54,53.937,89.627,11.903,39.855,3.468,OK
L1_run_001,S04,L1_run_001-TS04,PF100,V000313,27799.0,54.5,48.45,60.54,55.442,86.731,12.544,36.339,3.251,OK
L1_run_001,S04,L1_run_001-TS04,PF100,V000314,27867.0,54.5,48.45,60.54,54.48,93.701,10.802,41.612,3.204,OK
L1_run_001,S04,L1_run_001-TS04,PF100,V000315,27930.0,54.5,48.45,60.54,53.728,90.786,11.045,42.505,3.079,OK
L1_run_001,S04,L1_run_001-TS04,PF100,V000316,27995.0,54.5,48.45,60.54,56.069,88.825,11.187,43.289,3.156,OK
L1_run_001,S04,L1_run_001-TS04,PF100,V000317,28054.0,54.5,48.45,60.54,53.274,92.747,11.429,38.864,3.242,OK
L1_run_001,S04,L1_run_001-TS04,PF100,V000318,28115.0,54.5,48.45,60.54,54.811,93.667,11.274,39.235,3.058,OK
L1_run_001,S04,L1_run_001-TS04,PF100,V000319,28178.0,54.5,48.45,60.54,54.057,91.701,11.202,39.952,3.142,OK
L1_run_001,S04,L1_run_001-TS04,PF100,V000320,28239.0,54.5,48.45,60.54,54.404,92.906,11.328,38.903,2.799,OK
L1_run_001,S04,L1_run_001-TS04,PF100,V000321,28304.0,54.5,48.45,60.54,56.42,88.068,11.249,42.325,3.157,OK
L1_run_001,S04,L1_run_001-TS04,PF100,V000322,28383.0,54.5,48.45,60.54,54.367,88.388,12.063,38.024,2.956,OK
L1_run_001,S04,L1_run_001-TS04,PF100,V000323,28468.0,54.5,48.45,60.54,55.273,90.194,11.822,40.586,3.272,OK
L1_run_001,S04,L1_run_001-TS04,PF100,V000324,28560.0,54.5,48.45,60.54,52.577,93.633,11.618,39.93,3.0,OK
L1_run_001,S04,L1_run_001-TS04,PF100,V000325,28646.0,54.5,48.45,60.54,53.586,97.944,11.91,38.972,2.945,OK
L1_run_001,S04,L1_run_001-TS04,PF100,V000326,28730.0,54.5,48.45,60.54,52.971,95.565,11.732,40.755,2.702,OK
L1_run_001,S05,L1_run_001-TS05,PF101,V000001,274.0,57.84,53.18,62.5,57.475,88.485,10.858,36.21,3.1,OK
L1_run_001,S05,L1_run_001-TS05,PF101,V000002,383.0,57.84,53.18,62.5,56.968,93.777,11.011,35.113,3.257,OK
L1_run_001,S05,L1_run_001-TS05,PF101,V000003,460.0,57.84,53.18,62.5,56.127,95.194,11.378,34.434,3.129,OK
L1_run_001,S05,L1_run_001-TS05,PF101,V000004,514.0,57.84,53.18,62.5,55.329,88.601,11.646,35.281,2.932,OK
L1_run_001,S05,L1_run_001-TS05,PF101,V000005,570.0,57.84,53.18,62.5,57.51,93.326,11.662,34.277,3.032,OK
L1_run_001,S05,L1_run_001-TS05,PF101,V000006,644.0,57.84,53.18,62.5,56.023,91.906,11.082,36.192,2.633,OK
L1_run_001,S05,L1_run_001-TS05,PF101,V000007,694.0,57.84,53.18,62.5,59.303,93.741,11.353,36.547,3.121,OK
L1_run_001,S05,L1_run_001-TS05,PF101,V000008,759.0,57.84,53.18,62.5,56.679,93.671,10.899,35.494,3.099,OK
L1_run_001,S05,L1_run_001-TS05,PF101,V000009,818.0,57.84,53.18,62.5,58.441,93.26,11.036,38.916,3.052,OK
L1_run_001,S05,L1_run_001-TS05,PF101,V000010,881.0,57.84,53.18,62.5,57.056,94.401,11.164,35.276,2.997,OK
L1_run_001,S05,L1_run_001-TS05,PF101,V000011,944.0,57.84,53.18,62.5,57.54,90.841,11.312,36.175,2.926,OK
L1_run_001,S05,L1_run_001-TS05,PF101,V000012,994.0,57.84,53.18,62.5,57.605,90.57,11.348,39.42,3.334,OK
L1_run_001,S05,L1_run_001-TS05,PF101,V000013,1055.0,57.84,53.18,62.5,58.319,92.431,11.136,35.972,2.976,OK
L1_run_001,S05,L1_run_001-TS05,PF101,V000014,1114.0,57.84,53.18,62.5,58.415,90.449,11.195,35.244,2.983,OK
L1_run_001,S05,L1_run_001-TS05,PF101,V000015,1179.0,57.84,53.18,62.5,57.302,91.625,11.957,37.481,3.169,OK
L1_run_001,S05,L1_run_001-TS05,PF101,V000016,1242.0,57.84,53.18,62.5,57.353,93.417,10.973,37.065,3.385,OK
L1_run_001,S05,L1_run_001-TS05,PF101,V000017,1303.0,57.84,53.18,62.5,58.242,92.677,11.463,36.996,3.229,OK
L1_run_001,S05,L1_run_001-TS05,PF101,V000018,1366.0,57.84,53.18,62.5,56.555,89.992,10.956,35.374,3.3,OK
L1_run_001,S05,L1_run_001-TS05,PF101,V000019,1434.0,57.84,53.18,62.5,56.481,98.412,10.954,38.606,3.309,OK
L1_run_001,S05,L1_run_001-TS05,PF101,V000020,1489.0,57.84,53.18,62.5,58.711,85.608,12.066,34.915,2.999,OK
L1_run_001,S05,L1_run_001-TS05,PF101,V000021,1560.0,57.84,53.18,62.5,56.635,93.55,11.225,39.25,3.041,OK
L1_run_001,S05,L1_run_001-TS05,PF101,V000022,1957.0,57.84,53.18,62.5,56.724,97.935,11.737,40.179,3.078,OK
L1_run_001,S05,L1_run_001-TS05,PF101,V000023,2010.0,57.84,53.18,62.5,58.227,92.135,11.284,36.456,3.321,OK
L1_run_001,S05,L1_run_001-TS05,PF101,V000024,2065.0,57.84,53.18,62.5,57.567,95.924,11.64,36.539,3.183,OK
L1_run_001,S05,L1_run_001-TS05,PF101,V000025,2133.0,57.84,53.18,62.5,56.604,90.231,10.988,38.339,2.996,OK
L1_run_001,S05,L1_run_001-TS05,PF101,V000026,2190.0,57.84,53.18,62.5,57.803,93.178,11.134,36.236,3.095,OK
L1_run_001,S05,L1_run_001-TS05,PF101,V000027,2242.0,57.84,53.18,62.5,57.545,88.81,11.744,36.777,2.624,OK
L1_run_001,S05,L1_run_001-TS05,PF101,V000028,2301.0,57.84,53.18,62.5,54.781,96.113,11.596,36.703,3.232,OK
L1_run_001,S05,L1_run_001-TS05,PF101,V000029,2372.0,57.84,53.18,62.5,57.836,89.208,10.679,39.502,3.135,OK
L1_run_001,S05,L1_run_001-TS05,PF101,V000030,2423.0,57.84,53.18,62.5,58.941,87.031,12.471,36.422,3.33,OK
L1_run_001,S05,L1_run_001-TS05,PF101,V000031,2494.0,57.84,53.18,62.5,57.976,94.915,11.445,36.505,3.04,OK
L1_run_001,S05,L1_run_001-TS05,PF101,V000032,2551.0,57.84,53.18,62.5,56.976,90.573,11.588,34.696,2.894,OK
L1_run_001,S05,L1_run_001-TS05,PF101,V000033,2613.0,57.84,53.18,62.5,58.468,90.165,11.567,34.793,3.073,OK
L1_run_001,S05,L1_run_001-TS05,PF101,V000034,2671.0,57.84,53.18,62.5,56.807,93.257,11.268,36.306,3.15,OK
L1_run_001,S05,L1_run_001-TS05,PF101,V000035,2733.0,57.84,53.18,62.5,56.116,89.501,11.283,37.874,2.918,OK
L1_run_001,S05,L1_run_001-TS05,PF101,V000036,2787.0,57.84,53.18,62.5,58.065,93.354,11.862,38.259,3.363,OK
L1_run_001,S05,L1_run_001-TS05,PF101,V000037,2845.0,57.84,53.18,62.5,57.557,97.017,11.168,37.641,2.957,OK
L1_run_001,S05,L1_run_001-TS05,PF101,V000038,2908.0,57.84,53.18,62.5,58.466,94.058,11.069,36.366,3.114,OK
L1_run_001,S05,L1_run_001-TS05,PF101,V000039,2972.0,57.84,53.18,62.5,58.699,92.776,11.556,39.405,2.983,OK
L1_run_001,S05,L1_run_001-TS05,PF101,V000040,3028.0,57.84,53.18,62.5,56.43,89.637,11.279,39.604,3.3,OK
L1_run_001,S05,L1_run_001-TS05,PF101,V000041,3085.0,57.84,53.18,62.5,57.534,89.548,11.63,38.188,3.347,OK
L1_run_001,S05,L1_run_001-TS05,PF101,V000042,3146.0,57.84,53.18,62.5,58.806,89.946,11.012,36.919,3.098,OK
L1_run_001,S05,L1_run_001-TS05,PF101,V000043,3203.0,57.84,53.18,62.5,58.726,92.039,12.048,35.167,2.767,OK
L1_run_001,S05,L1_run_001-TS05,PF101,V000044,3261.0,57.84,53.18,62.5,60.824,82.971,11.073,36.109,2.976,OK
L1_run_001,S05,L1_run_001-TS05,PF101,V000045,3325.0,57.84,53.18,62.5,57.481,92.863,11.703,36.997,2.829,OK
L1_run_001,S05,L1_run_001-TS05,PF101,V000046,3405.0,57.84,53.18,62.5,57.612,90.056,11.51,36.463,3.079,OK
L1_run_001,S05,L1_run_001-TS05,PF101,V000047,3462.0,57.84,53.18,62.5,57.835,88.763,11.462,37.716,3.396,OK
L1_run_001,S05,L1_run_001-TS05,PF101,V000048,3523.0,57.84,53.18,62.5,59.216,88.593,12.08,34.766,2.748,OK
L1_run_001,S05,L1_run_001-TS05,PF101,V000049,3572.0,57.84,53.18,62.5,56.545,91.518,11.714,38.327,3.11,OK
L1_run_001,S05,L1_run_001-TS05,PF101,V000050,3635.0,57.84,53.18,62.5,59.449,92.542,11.337,35.197,3.278,OK
L1_run_001,S05,L1_run_001-TS05,PF101,V000051,3740.0,57.84,53.18,62.5,59.209,91.075,11.047,36.814,3.459,OK
L1_run_001,S05,L1_run_001-TS05,PF101,V000052,3792.0,57.84,53.18,62.5,57.493,94.859,12.275,35.544,3.259,OK
L1_run_001,S05,L1_run_001-TS05,PF101,V000053,3845.0,57.84,53.18,62.5,58.847,89.616,11.46,34.778,3.24,OK
L1_run_001,S05,L1_run_001-TS05,PF101,V000054,3899.0,57.84,53.18,62.5,55.835,95.082,11.523,35.391,3.028,OK
L1_run_001,S05,L1_run_001-TS05,PF101,V000055,3957.0,57.84,53.18,62.5,57.576,91.993,11.933,38.657,3.075,OK
L1_run_001,S05,L1_run_001-TS05,PF101,V000056,4014.0,57.84,53.18,62.5,57.489,92.179,11.088,36.625,3.183,OK
L1_run_001,S05,L1_run_001-TS05,PF101,V000057,4079.0,57.84,53.18,62.5,57.459,90.558,11.536,37.619,2.707,OK
L1_run_001,S05,L1_run_001-TS05,PF101,V000058,4130.0,57.84,53.18,62.5,56.923,93.244,12.527,36.076,2.987,OK
L1_run_001,S05,L1_run_001-TS05,PF101,V000059,4186.0,57.84,53.18,62.5,58.004,93.192,11.882,36.274,3.179,OK
L1_run_001,S05,L1_run_001-TS05,PF101,V000060,4252.0,57.84,53.18,62.5,58.471,90.206,11.184,35.311,3.326,OK
L1_run_001,S05,L1_run_001-TS05,PF101,V000061,4304.0,57.84,53.18,62.5,59.056,91.567,11.41,35.617,3.146,OK
L1_run_001,S05,L1_run_001-TS05,PF101,V000062,4362.0,57.84,53.18,62.5,56.713,93.107,11.848,35.754,2.917,OK
L1_run_001,S05,L1_run_001-TS05,PF101,V000063,4421.0,57.84,53.18,62.5,57.445,96.899,10.72,35.781,3.165,OK
L1_run_001,S05,L1_run_001-TS05,PF101,V000064,4486.0,57.84,53.18,62.5,57.094,94.097,11.408,36.541,3.02,OK
L1_run_001,S05,L1_run_001-TS05,PF101,V000065,4544.0,57.84,53.18,62.5,57.128,89.706,11.988,33.874,2.771,OK
L1_run_001,S05,L1_run_001-TS05,PF101,V000066,4603.0,57.84,53.18,62.5,57.395,94.788,10.773,40.456,2.889,OK
L1_run_001,S05,L1_run_001-TS05,PF101,V000067,4662.0,57.84,53.18,62.5,58.467,94.561,12.0,38.286,3.115,OK
L1_run_001,S05,L1_run_001-TS05,PF101,V000068,4716.0,57.84,53.18,62.5,57.598,96.346,10.849,35.351,2.926,OK
L1_run_001,S05,L1_run_001-TS05,PF101,V000069,4780.0,57.84,53.18,62.5,59.583,91.091,11.654,34.653,3.063,OK
L1_run_001,S05,L1_run_001-TS05,PF101,V000070,4840.0,57.84,53.18,62.5,58.023,91.638,12.33,38.757,3.309,OK
L1_run_001,S05,L1_run_001-TS05,PF101,V000071,4898.0,57.84,53.18,62.5,57.983,89.634,11.238,34.791,3.419,OK
L1_run_001,S05,L1_run_001-TS05,PF101,V000072,4965.0,57.84,53.18,62.5,57.992,90.399,11.096,33.553,2.911,OK
L1_run_001,S05,L1_run_001-TS05,PF101,V000073,5024.0,57.84,53.18,62.5,56.132,100.567,11.348,38.084,3.095,OK
L1_run_001,S05,L1_run_001-TS05,PF101,V000074,5080.0,57.84,53.18,62.5,57.687,88.969,11.3,37.539,3.44,OK
L1_run_001,S05,L1_run_001-TS05,PF101,V000075,5130.0,57.84,53.18,62.5,57.475,92.016,10.601,34.575,3.069,OK
L1_run_001,S05,L1_run_001-TS05,PF101,V000076,5180.0,57.84,53.18,62.5,57.775,93.156,11.528,34.808,2.899,OK
L1_run_001,S05,L1_run_001-TS05,PF101,V000077,5225.0,57.84,53.18,62.5,58.373,89.73,11.656,37.431,3.3,OK
L1_run_001,S05,L1_run_001-TS05,PF101,V000078,5279.0,57.84,53.18,62.5,59.074,92.906,11.538,40.832,2.781,OK
L1_run_001,S05,L1_run_001-TS05,PF101,V000079,5331.0,57.84,53.18,62.5,59.038,86.644,10.403,35.43,3.019,OK
L1_run_001,S05,L1_run_001-TS05,PF101,V000080,5390.0,57.84,53.18,62.5,58.931,91.465,11.245,37.709,3.03,OK
L1_run_001,S05,L1_run_001-TS05,PF101,V000081,5442.0,57.84,53.18,62.5,56.907,99.284,10.397,39.015,2.509,OK
L1_run_001,S05,L1_run_001-TS05,PF101,V000082,5497.0,57.84,53.18,62.5,56.392,94.912,11.482,38.532,2.985,OK
L1_run_001,S05,L1_run_001-TS05,PF101,V000083,5551.0,57.84,53.18,62.5,57.845,91.351,11.175,35.122,3.437,OK
L1_run_001,S05,L1_run_001-TS05,PF101,V000084,5626.0,57.84,53.18,62.5,58.51,89.978,11.701,36.274,3.094,OK
L1_run_001,S05,L1_run_001-TS05,PF101,V000085,5678.0,57.84,53.18,62.5,59.148,92.534,12.116,38.536,3.133,OK
L1_run_001,S05,L1_run_001-TS05,PF101,V000086,5744.0,57.84,53.18,62.5,57.567,92.476,12.147,39.002,3.236,OK
L1_run_001,S05,L1_run_001-TS05,PF101,V000087,5833.0,57.84,53.18,62.5,57.85,93.462,11.787,39.417,3.277,OK
L1_run_001,S05,L1_run_001-TS05,PF101,V000088,5897.0,57.84,53.18,62.5,57.752,84.856,11.171,35.409,3.078,OK
L1_run_001,S05,L1_run_001-TS05,PF101,V000089,5958.0,57.84,53.18,62.5,55.922,91.706,11.95,35.125,2.829,OK
L1_run_001,S05,L1_run_001-TS05,PF101,V000090,6022.0,57.84,53.18,62.5,59.768,86.926,11.652,35.668,3.138,OK
L1_run_001,S05,L1_run_001-TS05,PF101,V000091,6404.0,57.84,53.18,62.5,57.965,94.678,11.698,33.456,2.989,OK
L1_run_001,S05,L1_run_001-TS05,PF101,V000092,6463.0,57.84,53.18,62.5,59.17,90.613,11.517,38.577,2.86,OK
L1_run_001,S05,L1_run_001-TS05,PF101,V000093,6515.0,57.84,53.18,62.5,57.672,88.528,11.727,37.842,2.876,OK
L1_run_001,S05,L1_run_001-TS05,PF101,V000094,6575.0,57.84,53.18,62.5,58.285,95.835,10.864,35.454,2.639,OK
L1_run_001,S05,L1_run_001-TS05,PF101,V000095,6643.0,57.84,53.18,62.5,57.748,94.014,11.41,38.504,3.205,OK
L1_run_001,S05,L1_run_001-TS05,PF101,V000096,6704.0,57.84,53.18,62.5,57.886,94.351,11.792,38.155,3.206,OK
L1_run_001,S05,L1_run_001-TS05,PF101,V000097,6762.0,57.84,53.18,62.5,58.721,91.173,11.607,37.068,3.196,OK
L1_run_001,S05,L1_run_001-TS05,PF101,V000098,6827.0,57.84,53.18,62.5,58.158,89.678,12.256,36.279,2.931,OK
L1_run_001,S05,L1_run_001-TS05,PF101,V000099,6872.0,57.84,53.18,62.5,57.906,91.399,11.709,36.765,3.075,OK
L1_run_001,S05,L1_run_001-TS05,PF101,V000100,6928.0,57.84,53.18,62.5,55.896,94.995,11.084,38.531,3.246,OK
L1_run_001,S05,L1_run_001-TS05,PF101,V000101,6984.0,57.84,53.18,62.5,56.886,92.758,11.897,38.284,2.895,OK
L1_run_001,S05,L1_run_001-TS05,PF101,V000102,7039.0,57.84,53.18,62.5,56.361,94.956,10.716,38.368,2.666,OK
L1_run_001,S05,L1_run_001-TS05,PF101,V000103,7101.0,57.84,53.18,62.5,58.109,93.463,11.89,36.972,3.062,OK
L1_run_001,S05,L1_run_001-TS05,PF101,V000104,7156.0,57.84,53.18,62.5,58.649,91.29,11.121,36.702,3.112,OK
L1_run_001,S05,L1_run_001-TS05,PF101,V000105,7816.0,57.84,53.18,62.5,57.38,90.073,11.879,36.793,2.911,OK
L1_run_001,S05,L1_run_001-TS05,PF101,V000106,7873.0,57.84,53.18,62.5,56.402,90.23,11.306,37.769,2.891,OK
L1_run_001,S05,L1_run_001-TS05,PF101,V000107,7931.0,57.84,53.18,62.5,58.224,96.171,11.152,36.091,3.01,OK
L1_run_001,S05,L1_run_001-TS05,PF101,V000108,7998.0,57.84,53.18,62.5,57.757,93.471,11.688,34.777,2.935,OK
L1_run_001,S05,L1_run_001-TS05,PF101,V000109,8067.0,57.84,53.18,62.5,58.76,92.028,10.72,38.303,2.968,OK
L1_run_001,S05,L1_run_001-TS05,PF101,V000110,8118.0,57.84,53.18,62.5,57.567,88.353,11.707,34.033,3.208,OK
L1_run_001,S05,L1_run_001-TS05,PF101,V000111,8187.0,57.84,53.18,62.5,56.301,96.47,11.54,36.006,3.304,OK
L1_run_001,S05,L1_run_001-TS05,PF101,V000112,8255.0,57.84,53.18,62.5,58.869,91.752,11.123,38.544,3.035,OK
L1_run_001,S05,L1_run_001-TS05,PF101,V000113,8313.0,57.84,53.18,62.5,56.58,94.025,10.969,35.74,3.062,OK
L1_run_001,S05,L1_run_001-TS05,PF101,V000114,8374.0,57.84,53.18,62.5,57.33,98.849,11.524,38.251,3.058,OK
L1_run_001,S05,L1_run_001-TS05,PF101,V000115,8430.0,57.84,53.18,62.5,56.223,90.082,11.478,36.868,3.34,OK
L1_run_001,S05,L1_run_001-TS05,PF101,V000116,8490.0,57.84,53.18,62.5,58.009,92.552,11.318,35.84,3.516,OK
L1_run_001,S05,L1_run_001-TS05,PF101,V000117,8550.0,57.84,53.18,62.5,58.687,91.997,11.361,39.045,2.709,OK
L1_run_001,S05,L1_run_001-TS05,PF101,V000118,8603.0,57.84,53.18,62.5,57.287,90.348,11.07,38.772,2.8,OK
L1_run_001,S05,L1_run_001-TS05,PF101,V000119,8658.0,57.84,53.18,62.5,57.419,94.399,11.434,39.73,3.286,OK
L1_run_001,S05,L1_run_001-TS05,PF101,V000120,8711.0,57.84,53.18,62.5,56.575,92.926,10.9,36.904,3.195,OK
L1_run_001,S05,L1_run_001-TS05,PF101,V000121,8776.0,57.84,53.18,62.5,58.383,91.45,11.186,36.72,3.252,OK
L1_run_001,S05,L1_run_001-TS05,PF101,V000122,9135.0,57.84,53.18,62.5,55.969,91.656,11.569,35.222,2.954,OK
L1_run_001,S05,L1_run_001-TS05,PF101,V000123,9187.0,57.84,53.18,62.5,58.077,91.07,11.759,36.779,2.711,OK
L1_run_001,S05,L1_run_001-TS05,PF101,V000124,9237.0,57.84,53.18,62.5,57.789,94.232,11.627,40.365,2.97,OK
L1_run_001,S05,L1_run_001-TS05,PF101,V000125,9294.0,57.84,53.18,62.5,55.389,99.191,11.96,39.404,3.039,OK
L1_run_001,S05,L1_run_001-TS05,PF101,V000126,9355.0,57.84,53.18,62.5,58.787,91.94,11.042,39.04,3.472,OK
L1_run_001,S05,L1_run_001-TS05,PF101,V000127,9411.0,57.84,53.18,62.5,56.359,95.379,10.94,37.824,3.088,OK
L1_run_001,S05,L1_run_001-TS05,PF101,V000128,9465.0,57.84,53.18,62.5,59.404,92.622,10.684,40.079,3.154,OK
L1_run_001,S05,L1_run_001-TS05,PF101,V000129,9524.0,57.84,53.18,62.5,55.509,95.875,11.464,39.056,3.517,OK
L1_run_001,S05,L1_run_001-TS05,PF101,V000130,9584.0,57.84,53.18,62.5,56.524,93.303,12.255,42.486,2.939,OK
L1_run_001,S05,L1_run_001-TS05,PF101,V000131,9641.0,57.84,53.18,62.5,58.389,89.032,11.77,36.442,2.841,OK
L1_run_001,S05,L1_run_001-TS05,PF101,V000132,9686.0,57.84,53.18,62.5,57.006,95.866,10.622,38.776,3.274,OK
L1_run_001,S05,L1_run_001-TS05,PF101,V000133,9737.0,57.84,53.18,62.5,57.676,95.68,11.148,40.588,3.29,OK
L1_run_001,S05,L1_run_001-TS05,PF101,V000134,9787.0,57.84,53.18,62.5,57.881,95.747,10.615,37.291,3.188,OK
L1_run_001,S05,L1_run_001-TS05,PF101,V000135,9836.0,57.84,53.18,62.5,57.661,89.771,11.653,38.804,2.876,OK
L1_run_001,S05,L1_run_001-TS05,PF101,V000136,9894.0,57.84,53.18,62.5,59.181,94.061,10.887,38.706,3.338,OK
L1_run_001,S05,L1_run_001-TS05,PF101,V000137,9961.0,57.84,53.18,62.5,55.012,97.584,10.249,40.004,3.244,OK
L1_run_001,S05,L1_run_001-TS05,PF101,V000138,10006.0,57.84,53.18,62.5,59.767,99.691,11.788,39.071,3.37,OK
L1_run_001,S05,L1_run_001-TS05,PF101,V000139,10067.0,57.84,53.18,62.5,58.95,88.381,11.738,39.294,2.97,OK
L1_run_001,S05,L1_run_001-TS05,PF101,V000140,10118.0,57.84,53.18,62.5,55.794,95.926,10.99,41.301,3.178,OK
L1_run_001,S05,L1_run_001-TS05,PF101,V000141,10173.0,57.84,53.18,62.5,56.315,94.73,10.915,38.522,3.287,OK
L1_run_001,S05,L1_run_001-TS05,PF101,V000142,10232.0,57.84,53.18,62.5,56.326,98.742,10.832,39.761,3.588,OK
L1_run_001,S05,L1_run_001-TS05,PF101,V000143,10280.0,57.84,53.18,62.5,56.573,95.717,11.601,40.372,3.356,OK
L1_run_001,S05,L1_run_001-TS05,PF101,V000144,10335.0,57.84,53.18,62.5,56.456,95.008,10.474,38.849,3.18,OK
L1_run_001,S05,L1_run_001-TS05,PF101,V000145,10396.0,57.84,53.18,62.5,57.535,97.808,11.513,34.757,3.359,OK
L1_run_001,S05,L1_run_001-TS05,PF101,V000146,10446.0,57.84,53.18,62.5,54.975,98.137,10.628,38.529,3.502,OK
L1_run_001,S05,L1_run_001-TS05,PF101,V000147,10496.0,57.84,53.18,62.5,56.658,93.876,11.287,37.148,3.291,OK
L1_run_001,S05,L1_run_001-TS05,PF101,V000148,10561.0,57.84,53.18,62.5,56.36,97.728,10.435,38.164,3.305,OK
L1_run_001,S05,L1_run_001-TS05,PF101,V000149,11056.0,57.84,53.18,62.5,58.737,99.329,11.507,38.895,3.359,OK
L1_run_001,S05,L1_run_001-TS05,PF101,V000150,11115.0,57.84,53.18,62.5,59.623,95.725,10.841,39.203,3.618,OK
L1_run_001,S05,L1_run_001-TS05,PF101,V000151,11172.0,57.84,53.18,62.5,57.333,101.541,10.719,40.936,3.421,OK
L1_run_001,S05,L1_run_001-TS05,PF101,V000152,11237.0,57.84,53.18,62.5,55.821,97.898,11.35,38.686,3.463,OK
L1_run_001,S05,L1_run_001-TS05,PF101,V000153,11288.0,57.84,53.18,62.5,55.197,96.355,10.651,39.946,3.193,OK
L1_run_001,S05,L1_run_001-TS05,PF101,V000154,11344.0,57.84,53.18,62.5,53.932,95.742,11.948,40.507,3.134,OK
L1_run_001,S05,L1_run_001-TS05,PF101,V000155,11400.0,57.84,53.18,62.5,56.88,94.438,10.657,37.694,3.16,OK
L1_run_001,S05,L1_run_001-TS05,PF101,V000156,11453.0,57.84,53.18,62.5,54.198,100.781,11.017,39.929,3.053,OK
L1_run_001,S05,L1_run_001-TS05,PF101,V000157,11504.0,57.84,53.18,62.5,54.966,98.302,10.096,41.378,3.605,OK
L1_run_001,S05,L1_run_001-TS05,PF101,V000158,11557.0,57.84,53.18,62.5,54.888,101.237,10.841,41.292,3.64,OK
L1_run_001,S05,L1_run_001-TS05,PF101,V000159,11610.0,57.84,53.18,62.5,57.853,102.858,10.466,39.387,3.293,OK
L1_run_001,S05,L1_run_001-TS05,PF101,V000160,11667.0,57.84,53.18,62.5,56.166,98.227,10.789,37.886,3.341,OK
L1_run_001,S05,L1_run_001-TS05,PF101,V000161,11920.0,57.84,53.18,62.5,55.355,102.089,9.891,42.301,3.401,OK
L1_run_001,S05,L1_run_001-TS05,PF101,V000162,11980.0,57.84,53.18,62.5,55.146,102.15,10.028,41.935,3.384,OK
L1_run_001,S05,L1_run_001-TS05,PF101,V000163,12029.0,57.84,53.18,62.5,52.725,106.275,9.895,43.065,3.386,NOK
L1_run_001,S05,L1_run_001-TS05,PF101,V000164,12080.0,57.84,53.18,62.5,52.252,100.27,10.413,42.756,3.661,NOK
L1_run_001,S05,L1_run_001-TS05,PF101,V000165,12135.0,57.84,53.18,62.5,56.629,100.769,11.232,40.707,3.39,OK
L1_run_001,S05,L1_run_001-TS05,PF101,V000166,12192.0,57.84,53.18,62.5,54.65,101.452,9.986,41.314,3.377,OK
L1_run_001,S05,L1_run_001-TS05,PF101,V000167,12248.0,57.84,53.18,62.5,54.452,101.393,9.743,43.128,3.699,OK
L1_run_001,S05,L1_run_001-TS05,PF101,V000168,12314.0,57.84,53.18,62.5,58.066,100.584,10.511,41.269,3.639,OK
L1_run_001,S05,L1_run_001-TS05,PF101,V000169,12376.0,57.84,53.18,62.5,55.749,100.651,10.387,40.73,3.454,OK
L1_run_001,S05,L1_run_001-TS05,PF101,V000170,12427.0,57.84,53.18,62.5,59.232,104.93,10.461,44.765,3.656,OK
L1_run_001,S05,L1_run_001-TS05,PF101,V000171,12495.0,57.84,53.18,62.5,58.477,99.986,10.071,42.766,3.577,OK
L1_run_001,S05,L1_run_001-TS05,PF101,V000172,12553.0,57.84,53.18,62.5,53.16,101.722,10.347,43.659,4.015,NOK
L1_run_001,S05,L1_run_001-TS05,PF101,V000173,12605.0,57.84,53.18,62.5,54.092,104.298,9.993,44.004,3.535,OK
L1_run_001,S05,L1_run_001-TS05,PF101,V000174,12667.0,57.84,53.18,62.5,51.398,104.152,10.585,41.481,3.386,NOK
L1_run_001,S05,L1_run_001-TS05,PF101,V000175,12714.0,57.84,53.18,62.5,53.625,108.394,9.665,43.499,3.6,OK
L1_run_001,S05,L1_run_001-TS05,PF101,V000176,12806.0,57.84,53.18,62.5,56.325,108.777,9.403,43.731,3.725,OK
L1_run_001,S05,L1_run_001-TS05,PF101,V000177,12861.0,57.84,53.18,62.5,52.414,110.156,10.246,46.02,3.798,NOK
L1_run_001,S05,L1_run_001-TS05,PF101,V000178,12928.0,57.84,53.18,62.5,55.655,106.196,9.483,41.904,3.877,OK
L1_run_001,S05,L1_run_001-TS05,PF101,V000179,12987.0,57.84,53.18,62.5,53.502,105.964,10.53,42.826,3.673,OK
L1_run_001,S05,L1_run_001-TS05,PF101,V000180,13052.0,57.84,53.18,62.5,52.862,110.075,9.825,45.005,4.061,NOK
L1_run_001,S05,L1_run_001-TS05,PF101,V000181,13110.0,57.84,53.18,62.5,56.43,112.337,9.982,45.451,3.272,OK
L1_run_001,S05,L1_run_001-TS05,PF101,V000182,13166.0,57.84,53.18,62.5,58.176,106.476,9.65,44.04,3.806,OK
L1_run_001,S05,L1_run_001-TS05,PF101,V000183,13265.0,57.84,53.18,62.5,51.14,111.681,9.487,42.671,3.798,NOK
L1_run_001,S05,L1_run_001-TS05,PF101,V000184,13341.0,57.84,53.18,62.5,54.236,108.089,10.106,43.435,3.512,OK
L1_run_001,S05,L1_run_001-TS05,PF101,V000185,13421.0,57.84,53.18,62.5,57.076,108.725,8.862,42.591,3.78,OK
L1_run_001,S05,L1_run_001-TS05,PF101,V000186,13539.0,57.84,53.18,62.5,53.956,108.393,9.881,45.856,4.193,OK
L1_run_001,S05,L1_run_001-TS05,PF101,V000187,13648.0,57.84,53.18,62.5,50.405,107.491,9.102,43.444,3.668,NOK
L1_run_001,S05,L1_run_001-TS05,PF101,V000188,16319.0,57.84,53.18,62.5,51.053,108.264,9.264,45.734,3.548,NOK
L1_run_001,S05,L1_run_001-TS05,PF101,V000189,16386.0,57.84,53.18,62.5,55.093,105.172,10.518,45.11,3.656,OK
L1_run_001,S05,L1_run_001-TS05,PF101,V000190,16618.0,57.84,53.18,62.5,52.091,111.99,9.481,43.592,3.798,NOK
L1_run_001,S05,L1_run_001-TS05,PF101,V000191,16713.0,57.84,53.18,62.5,56.284,109.495,10.405,44.62,3.589,OK
L1_run_001,S05,L1_run_001-TS05,PF101,V000192,16816.0,57.84,53.18,62.5,53.505,114.42,9.561,45.27,3.571,OK
L1_run_001,S05,L1_run_001-TS05,PF101,V000193,16898.0,57.84,53.18,62.5,56.167,107.736,10.309,44.511,3.715,OK
L1_run_001,S05,L1_run_001-TS05,PF101,V000194,16989.0,57.84,53.18,62.5,51.677,109.028,9.247,45.465,3.736,NOK
L1_run_001,S05,L1_run_001-TS05,PF101,V000195,17088.0,57.84,53.18,62.5,53.694,105.985,9.623,44.732,3.795,OK
L1_run_001,S05,L1_run_001-TS05,PF101,V000196,17173.0,57.84,53.18,62.5,54.034,106.644,10.725,44.35,3.796,OK
L1_run_001,S05,L1_run_001-TS05,PF101,V000197,17247.0,57.84,53.18,62.5,56.3,109.19,10.073,45.102,3.471,OK
L1_run_001,S05,L1_run_001-TS05,PF101,V000198,17320.0,57.84,53.18,62.5,52.386,104.684,10.204,46.02,3.981,NOK
L1_run_001,S05,L1_run_001-TS05,PF101,V000199,17399.0,57.84,53.18,62.5,54.129,109.126,9.839,43.155,4.128,OK
L1_run_001,S05,L1_run_001-TS05,PF101,V000200,17502.0,57.84,53.18,62.5,51.925,110.834,9.619,47.461,4.116,NOK
L1_run_001,S05,L1_run_001-TS05,PF101,V000201,17587.0,57.84,53.18,62.5,54.707,109.857,9.702,46.699,3.864,OK
L1_run_001,S05,L1_run_001-TS05,PF101,V000202,17671.0,57.84,53.18,62.5,51.538,115.374,10.441,46.565,4.217,NOK
L1_run_001,S05,L1_run_001-TS05,PF101,V000203,17750.0,57.84,53.18,62.5,54.229,111.029,9.67,44.896,3.619,OK
L1_run_001,S05,L1_run_001-TS05,PF101,V000204,17842.0,57.84,53.18,62.5,58.039,107.269,10.079,47.199,3.55,OK
L1_run_001,S05,L1_run_001-TS05,PF101,V000205,17941.0,57.84,53.18,62.5,51.907,108.856,9.908,45.905,3.401,NOK
L1_run_001,S05,L1_run_001-TS05,PF101,V000206,18540.0,57.84,53.18,62.5,54.988,113.955,10.329,47.404,3.654,OK
L1_run_001,S05,L1_run_001-TS05,PF101,V000207,18601.0,57.84,53.18,62.5,54.858,105.656,10.057,46.991,3.875,OK
L1_run_001,S05,L1_run_001-TS05,PF101,V000208,18673.0,57.84,53.18,62.5,53.724,109.359,9.474,42.16,3.843,OK
L1_run_001,S05,L1_run_001-TS05,PF101,V000209,18739.0,57.84,53.18,62.5,54.335,107.246,9.125,42.944,3.813,OK
L1_run_001,S05,L1_run_001-TS05,PF101,V000210,18805.0,57.84,53.18,62.5,52.461,113.743,9.36,44.01,3.544,NOK
L1_run_001,S05,L1_run_001-TS05,PF101,V000211,18871.0,57.84,53.18,62.5,53.516,105.169,9.714,44.238,3.803,OK
L1_run_001,S05,L1_run_001-TS05,PF101,V000212,18928.0,57.84,53.18,62.5,55.065,112.135,9.621,44.948,3.686,OK
L1_run_001,S05,L1_run_001-TS05,PF101,V000213,18989.0,57.84,53.18,62.5,51.521,111.877,11.097,41.016,3.782,NOK
L1_run_001,S05,L1_run_001-TS05,PF101,V000214,19052.0,57.84,53.18,62.5,51.883,110.994,9.707,45.585,3.998,NOK
L1_run_001,S05,L1_run_001-TS05,PF101,V000215,19468.0,57.84,53.18,62.5,53.378,113.576,9.908,45.735,3.74,OK
L1_run_001,S05,L1_run_001-TS05,PF101,V000216,19524.0,57.84,53.18,62.5,55.618,111.928,9.543,42.796,3.65,OK
L1_run_001,S05,L1_run_001-TS05,PF101,V000217,19586.0,57.84,53.18,62.5,52.054,108.96,9.935,45.441,3.874,NOK
L1_run_001,S05,L1_run_001-TS05,PF101,V000218,19642.0,57.84,53.18,62.5,55.723,106.971,9.773,46.915,3.637,OK
L1_run_001,S05,L1_run_001-TS05,PF101,V000219,19700.0,57.84,53.18,62.5,54.027,108.57,9.515,45.124,3.755,OK
L1_run_001,S05,L1_run_001-TS05,PF101,V000220,19755.0,57.84,53.18,62.5,56.037,112.525,10.575,45.853,4.101,OK
L1_run_001,S05,L1_run_001-TS05,PF101,V000221,19826.0,57.84,53.18,62.5,52.328,112.907,9.182,42.596,3.726,NOK
L1_run_001,S05,L1_run_001-TS05,PF101,V000222,19887.0,57.84,53.18,62.5,52.783,104.308,9.78,48.273,3.944,NOK
L1_run_001,S05,L1_run_001-TS05,PF101,V000223,19942.0,57.84,53.18,62.5,55.373,111.403,9.904,44.635,3.866,OK
L1_run_001,S05,L1_run_001-TS05,PF101,V000224,20006.0,57.84,53.18,62.5,54.013,105.475,8.998,45.685,3.736,OK
L1_run_001,S05,L1_run_001-TS05,PF101,V000225,20071.0,57.84,53.18,62.5,51.878,113.742,10.192,44.895,3.557,NOK
L1_run_001,S05,L1_run_001-TS05,PF101,V000226,20189.0,57.84,53.18,62.5,52.955,109.862,9.593,41.076,3.793,NOK
L1_run_001,S05,L1_run_001-TS05,PF101,V000227,20243.0,57.84,53.18,62.5,54.581,104.313,9.679,45.278,3.816,OK
L1_run_001,S05,L1_run_001-TS05,PF101,V000228,20298.0,57.84,53.18,62.5,53.922,110.319,9.703,47.441,3.668,OK
L1_run_001,S05,L1_run_001-TS05,PF101,V000229,20352.0,57.84,53.18,62.5,54.577,112.248,9.229,43.634,3.88,OK
L1_run_001,S05,L1_run_001-TS05,PF101,V000230,20411.0,57.84,53.18,62.5,53.485,109.305,10.051,48.411,3.664,OK
L1_run_001,S05,L1_run_001-TS05,PF101,V000231,20469.0,57.84,53.18,62.5,53.122,110.912,9.197,46.268,4.026,NOK
L1_run_001,S05,L1_run_001-TS05,PF101,V000232,20526.0,57.84,53.18,62.5,54.196,109.293,9.696,44.115,3.916,OK
L1_run_001,S05,L1_run_001-TS05,PF101,V000233,20582.0,57.84,53.18,62.5,56.829,107.432,9.868,44.183,3.689,OK
L1_run_001,S05,L1_run_001-TS05,PF101,V000234,20636.0,57.84,53.18,62.5,51.068,106.719,10.192,42.807,3.619,NOK
L1_run_001,S05,L1_run_001-TS05,PF101,V000235,20686.0,57.84,53.18,62.5,50.579,109.556,9.176,46.2,3.723,NOK
L1_run_001,S05,L1_run_001-TS05,PF101,V000236,20747.0,57.84,53.18,62.5,54.578,111.012,9.272,42.499,3.448,OK
L1_run_001,S05,L1_run_001-TS05,PF101,V000237,20811.0,57.84,53.18,62.5,52.03,109.048,10.113,46.881,4.197,NOK
L1_run_001,S05,L1_run_001-TS05,PF101,V000238,20864.0,57.84,53.18,62.5,54.272,108.707,10.295,43.91,3.656,OK
L1_run_001,S05,L1_run_001-TS05,PF101,V000239,20920.0,57.84,53.18,62.5,55.774,108.387,9.735,43.265,3.852,OK
L1_run_001,S05,L1_run_001-TS05,PF101,V000240,20996.0,57.84,53.18,62.5,52.032,105.934,10.351,46.308,3.703,NOK
L1_run_001,S05,L1_run_001-TS05,PF101,V000241,21082.0,57.84,53.18,62.5,52.532,110.52,9.527,44.202,3.962,NOK
L1_run_001,S05,L1_run_001-TS05,PF101,V000242,21161.0,57.84,53.18,62.5,55.137,111.737,10.019,44.883,3.888,OK
L1_run_001,S05,L1_run_001-TS05,PF101,V000243,21255.0,57.84,53.18,62.5,53.19,105.31,10.164,46.376,3.871,OK
L1_run_001,S05,L1_run_001-TS05,PF101,V000244,21324.0,57.84,53.18,62.5,51.646,109.845,9.767,46.203,3.562,NOK
L1_run_001,S05,L1_run_001-TS05,PF101,V000245,21422.0,57.84,53.18,62.5,53.957,109.8,9.555,47.499,3.761,OK
L1_run_001,S05,L1_run_001-TS05,PF101,V000246,21497.0,57.84,53.18,62.5,51.131,114.169,9.846,44.866,3.661,NOK
L1_run_001,S05,L1_run_001-TS05,PF101,V000247,21586.0,57.84,53.18,62.5,55.585,109.591,10.434,43.961,3.767,OK
L1_run_001,S05,L1_run_001-TS05,PF101,V000248,21675.0,57.84,53.18,62.5,51.006,107.771,9.644,44.316,3.625,NOK
L1_run_001,S05,L1_run_001-TS05,PF101,V000249,21765.0,57.84,53.18,62.5,54.376,110.729,9.608,46.217,3.73,OK
L1_run_001,S05,L1_run_001-TS05,PF101,V000250,21855.0,57.84,53.18,62.5,55.105,112.143,9.626,44.141,3.678,OK
L1_run_001,S05,L1_run_001-TS05,PF101,V000251,22315.0,57.84,53.18,62.5,54.615,114.081,9.646,44.653,3.875,OK
L1_run_001,S05,L1_run_001-TS05,PF101,V000252,22378.0,57.84,53.18,62.5,54.609,107.677,10.338,41.937,3.889,OK
L1_run_001,S05,L1_run_001-TS05,PF101,V000253,22571.0,57.84,53.18,62.5,53.372,106.91,9.245,45.527,3.742,OK
L1_run_001,S05,L1_run_001-TS05,PF101,V000254,22628.0,57.84,53.18,62.5,54.724,113.13,10.177,45.115,3.563,OK
L1_run_001,S05,L1_run_001-TS05,PF101,V000255,22688.0,57.84,53.18,62.5,54.723,107.452,9.948,42.458,4.029,OK
L1_run_001,S05,L1_run_001-TS05,PF101,V000256,22758.0,57.84,53.18,62.5,53.179,107.565,10.065,45.408,3.637,OK
L1_run_001,S05,L1_run_001-TS05,PF101,V000257,22817.0,57.84,53.18,62.5,55.621,105.468,9.279,42.923,3.833,OK
L1_run_001,S05,L1_run_001-TS05,PF101,V000258,22880.0,57.84,53.18,62.5,53.734,108.805,9.357,46.519,3.58,OK
L1_run_001,S05,L1_run_001-TS05,PF101,V000259,22933.0,57.84,53.18,62.5,55.152,111.958,9.971,43.317,3.662,OK
L1_run_001,S05,L1_run_001-TS05,PF101,V000260,22997.0,57.84,53.18,62.5,55.429,106.428,9.592,48.254,4.077,OK
L1_run_001,S05,L1_run_001-TS05,PF101,V000261,23057.0,57.84,53.18,62.5,51.44,114.022,9.295,45.995,3.319,NOK
L1_run_001,S05,L1_run_001-TS05,PF101,V000262,23111.0,57.84,53.18,62.5,53.094,103.789,10.12,47.676,3.45,NOK
L1_run_001,S05,L1_run_001-TS05,PF101,V000263,23193.0,57.84,53.18,62.5,54.376,110.39,9.25,45.229,3.742,OK
L1_run_001,S05,L1_run_001-TS05,PF101,V000264,23264.0,57.84,53.18,62.5,54.578,108.577,9.983,43.361,3.73,OK
L1_run_001,S05,L1_run_001-TS05,PF101,V000265,23326.0,57.84,53.18,62.5,55.118,112.845,9.418,46.754,4.091,OK
L1_run_001,S05,L1_run_001-TS05,PF101,V000266,23390.0,57.84,53.18,62.5,51.469,111.238,9.485,45.232,4.153,NOK
L1_run_001,S05,L1_run_001-TS05,PF101,V000267,24329.0,57.84,53.18,62.5,55.954,106.911,10.588,42.503,3.964,OK
L1_run_001,S05,L1_run_001-TS05,PF101,V000268,24423.0,57.84,53.18,62.5,55.696,107.603,10.787,47.771,3.807,OK
L1_run_001,S05,L1_run_001-TS05,PF101,V000269,24468.0,57.84,53.18,62.5,51.701,109.665,9.875,47.187,3.955,NOK
L1_run_001,S05,L1_run_001-TS05,PF101,V000270,24518.0,57.84,53.18,62.5,56.059,105.702,10.47,46.503,3.597,OK
L1_run_001,S05,L1_run_001-TS05,PF101,V000271,24584.0,57.84,53.18,62.5,54.146,103.229,10.364,43.821,4.019,OK
L1_run_001,S05,L1_run_001-TS05,PF101,V000272,24635.0,57.84,53.18,62.5,54.63,112.02,10.363,46.81,3.498,OK
L1_run_001,S05,L1_run_001-TS05,PF101,V000273,24691.0,57.84,53.18,62.5,55.266,110.008,9.739,45.749,3.272,OK
L1_run_001,S05,L1_run_001-TS05,PF101,V000274,24758.0,57.84,53.18,62.5,53.726,109.622,10.185,48.837,3.838,OK
L1_run_001,S05,L1_run_001-TS05,PF101,V000275,24822.0,57.84,53.18,62.5,56.118,109.448,10.176,45.986,3.826,OK
L1_run_001,S05,L1_run_001-TS05,PF101,V000276,24885.0,57.84,53.18,62.5,54.591,110.471,10.076,45.85,3.966,OK
L1_run_001,S05,L1_run_001-TS05,PF101,V000277,24939.0,57.84,53.18,62.5,53.278,110.379,9.945,45.27,3.483,OK
L1_run_001,S05,L1_run_001-TS05,PF101,V000278,25000.0,57.84,53.18,62.5,52.452,111.93,9.52,46.84,4.014,NOK
L1_run_001,S05,L1_run_001-TS05,PF101,V000279,25073.0,57.84,53.18,62.5,55.683,115.194,9.74,49.661,3.756,OK
L1_run_001,S05,L1_run_001-TS05,PF101,V000280,25137.0,57.84,53.18,62.5,54.163,110.207,10.284,49.308,3.79,OK
L1_run_001,S05,L1_run_001-TS05,PF101,V000281,25199.0,57.84,53.18,62.5,52.966,111.648,9.91,45.874,3.864,NOK
L1_run_001,S05,L1_run_001-TS05,PF101,V000282,25257.0,57.84,53.18,62.5,51.607,111.331,9.967,42.392,3.772,NOK
L1_run_001,S05,L1_run_001-TS05,PF101,V000283,25404.0,57.84,53.18,62.5,50.971,113.076,9.652,44.878,4.162,NOK
L1_run_001,S05,L1_run_001-TS05,PF101,V000284,25473.0,57.84,53.18,62.5,54.515,109.035,9.828,45.688,3.731,OK
L1_run_001,S05,L1_run_001-TS05,PF101,V000285,25525.0,57.84,53.18,62.5,51.056,113.147,9.632,46.67,3.8,NOK
L1_run_001,S05,L1_run_001-TS05,PF101,V000286,25908.0,57.84,53.18,62.5,52.339,108.359,10.118,43.885,4.118,NOK
L1_run_001,S05,L1_run_001-TS05,PF101,V000287,26005.0,57.84,53.18,62.5,54.558,107.766,10.132,47.1,3.792,OK
L1_run_001,S05,L1_run_001-TS05,PF101,V000288,26065.0,57.84,53.18,62.5,54.856,106.737,9.886,45.088,3.882,OK
L1_run_001,S05,L1_run_001-TS05,PF101,V000289,26124.0,57.84,53.18,62.5,51.678,108.387,9.681,46.593,3.689,NOK
L1_run_001,S05,L1_run_001-TS05,PF101,V000290,26234.0,57.84,53.18,62.5,54.797,110.33,10.581,49.742,3.581,OK
L1_run_001,S05,L1_run_001-TS05,PF101,V000291,26283.0,57.84,53.18,62.5,56.427,106.39,10.242,45.723,3.859,OK
L1_run_001,S05,L1_run_001-TS05,PF101,V000292,26337.0,57.84,53.18,62.5,53.957,108.769,10.092,47.031,3.859,OK
L1_run_001,S05,L1_run_001-TS05,PF101,V000293,26392.0,57.84,53.18,62.5,54.516,112.93,9.854,43.828,3.75,OK
L1_run_001,S05,L1_run_001-TS05,PF101,V000294,26507.0,57.84,53.18,62.5,52.414,110.33,9.351,45.463,4.018,NOK
L1_run_001,S05,L1_run_001-TS05,PF101,V000295,26579.0,57.84,53.18,62.5,55.757,106.818,10.087,48.489,3.644,OK
L1_run_001,S05,L1_run_001-TS05,PF101,V000296,26641.0,57.84,53.18,62.5,52.975,108.321,9.584,47.587,3.672,NOK
L1_run_001,S05,L1_run_001-TS05,PF101,V000297,26701.0,57.84,53.18,62.5,53.464,112.004,9.492,44.363,3.744,OK
L1_run_001,S05,L1_run_001-TS05,PF101,V000298,26765.0,57.84,53.18,62.5,56.708,108.447,9.87,46.457,3.899,OK
L1_run_001,S05,L1_run_001-TS05,PF101,V000299,26826.0,57.84,53.18,62.5,55.198,116.003,9.958,47.593,3.788,OK
L1_run_001,S05,L1_run_001-TS05,PF101,V000300,26882.0,57.84,53.18,62.5,53.692,109.306,10.005,47.053,3.733,OK
L1_run_001,S05,L1_run_001-TS05,PF101,V000301,26941.0,57.84,53.18,62.5,53.065,104.242,10.385,47.443,3.506,NOK
L1_run_001,S05,L1_run_001-TS05,PF101,V000302,27009.0,57.84,53.18,62.5,53.05,106.206,9.303,45.008,3.709,NOK
L1_run_001,S05,L1_run_001-TS05,PF101,V000303,27061.0,57.84,53.18,62.5,49.667,108.859,9.524,42.995,3.803,NOK
L1_run_001,S05,L1_run_001-TS05,PF101,V000304,27129.0,57.84,53.18,62.5,52.114,110.335,10.121,46.161,4.207,NOK
L1_run_001,S05,L1_run_001-TS05,PF101,V000305,27238.0,57.84,53.18,62.5,52.999,111.327,9.422,47.224,4.126,NOK
L1_run_001,S05,L1_run_001-TS05,PF101,V000306,27349.0,57.84,53.18,62.5,52.597,110.857,9.67,43.462,3.885,NOK
L1_run_001,S05,L1_run_001-TS05,PF101,V000307,27427.0,57.84,53.18,62.5,54.955,105.945,9.65,46.625,3.887,OK
L1_run_001,S05,L1_run_001-TS05,PF101,V000308,27737.0,57.84,53.18,62.5,54.146,110.348,10.071,47.243,3.598,OK
L1_run_001,S05,L1_run_001-TS05,PF101,V000309,27799.0,57.84,53.18,62.5,57.875,103.909,9.739,46.009,3.641,OK
L1_run_001,S05,L1_run_001-TS05,PF101,V000310,27867.0,57.84,53.18,62.5,50.438,107.793,9.571,47.189,3.954,NOK
L1_run_001,S05,L1_run_001-TS05,PF101,V000311,27928.0,57.84,53.18,62.5,53.415,115.049,10.304,43.675,3.928,OK
L1_run_001,S05,L1_run_001-TS05,PF101,V000312,27995.0,57.84,53.18,62.5,50.846,109.508,10.069,46.559,3.917,NOK
L1_run_001,S05,L1_run_001-TS05,PF101,V000313,28054.0,57.84,53.18,62.5,53.846,111.271,9.928,44.902,3.594,OK
L1_run_001,S05,L1_run_001-TS05,PF101,V000314,28113.0,57.84,53.18,62.5,56.861,109.364,10.574,44.095,4.046,OK
L1_run_001,S05,L1_run_001-TS05,PF101,V000315,28178.0,57.84,53.18,62.5,56.213,109.388,9.242,46.666,3.569,OK
L1_run_001,S05,L1_run_001-TS05,PF101,V000316,28239.0,57.84,53.18,62.5,52.964,116.09,10.206,45.195,3.668,NOK
L1_run_001,S05,L1_run_001-TS05,PF101,V000317,28304.0,57.84,53.18,62.5,53.309,109.813,9.676,49.445,3.869,OK
L1_run_001,S05,L1_run_001-TS05,PF101,V000318,28383.0,57.84,53.18,62.5,56.174,106.253,10.181,45.974,3.828,OK
L1_run_001,S05,L1_run_001-TS05,PF101,V000319,28468.0,57.84,53.18,62.5,54.019,107.638,8.881,45.369,4.017,OK
L1_run_001,S05,L1_run_001-TS05,PF101,V000320,28560.0,57.84,53.18,62.5,55.55,112.088,10.319,43.92,3.774,OK
L1_run_001,S05,L1_run_001-TS05,PF101,V000321,28646.0,57.84,53.18,62.5,56.808,101.854,10.471,45.134,3.709,OK
L1_run_001,S05,L1_run_001-TS05,PF101,V000322,28730.0,57.84,53.18,62.5,51.486,107.412,9.32,47.137,4.093,NOK
L1_run_001,S06,L1_run_001-TS06,PF102,V000001,329.0,80.65,71.16,90.13,81.38,90.563,11.56,37.999,3.293,OK
L1_run_001,S06,L1_run_001-TS06,PF102,V000002,433.0,80.65,71.16,90.13,82.932,85.802,11.574,38.211,2.983,OK
L1_run_001,S06,L1_run_001-TS06,PF102,V000003,512.0,80.65,71.16,90.13,79.11,93.651,11.577,34.525,2.985,OK
L1_run_001,S06,L1_run_001-TS06,PF102,V000004,564.0,80.65,71.16,90.13,77.964,90.153,11.076,37.056,3.259,OK
L1_run_001,S06,L1_run_001-TS06,PF102,V000005,619.0,80.65,71.16,90.13,77.905,93.232,10.96,34.634,3.251,OK
L1_run_001,S06,L1_run_001-TS06,PF102,V000006,691.0,80.65,71.16,90.13,78.001,94.903,11.544,35.934,3.209,OK
L1_run_001,S06,L1_run_001-TS06,PF102,V000007,750.0,80.65,71.16,90.13,78.227,92.855,10.936,38.313,3.495,OK
L1_run_001,S06,L1_run_001-TS06,PF102,V000008,821.0,80.65,71.16,90.13,81.234,89.561,11.189,38.053,2.6,OK
L1_run_001,S06,L1_run_001-TS06,PF102,V000009,863.0,80.65,71.16,90.13,83.726,94.193,11.429,38.412,2.842,OK
L1_run_001,S06,L1_run_001-TS06,PF102,V000010,937.0,80.65,71.16,90.13,81.907,90.078,11.812,36.989,3.274,OK
L1_run_001,S06,L1_run_001-TS06,PF102,V000011,1004.0,80.65,71.16,90.13,75.238,95.804,11.659,32.929,3.072,OK
L1_run_001,S06,L1_run_001-TS06,PF102,V000012,1052.0,80.65,71.16,90.13,80.286,91.375,11.188,37.091,3.226,OK
L1_run_001,S06,L1_run_001-TS06,PF102,V000013,1303.0,80.65,71.16,90.13,81.689,90.845,10.917,38.389,3.256,OK
L1_run_001,S06,L1_run_001-TS06,PF102,V000014,1366.0,80.65,71.16,90.13,75.734,93.539,11.403,37.825,3.136,OK
L1_run_001,S06,L1_run_001-TS06,PF102,V000015,1422.0,80.65,71.16,90.13,82.023,89.39,11.546,37.164,3.337,OK
L1_run_001,S06,L1_run_001-TS06,PF102,V000016,1469.0,80.65,71.16,90.13,81.504,92.115,11.582,36.487,3.168,OK
L1_run_001,S06,L1_run_001-TS06,PF102,V000017,1528.0,80.65,71.16,90.13,81.751,91.202,11.608,37.735,3.06,OK
L1_run_001,S06,L1_run_001-TS06,PF102,V000018,1582.0,80.65,71.16,90.13,82.382,91.971,11.48,35.291,2.736,OK
L1_run_001,S06,L1_run_001-TS06,PF102,V000019,1641.0,80.65,71.16,90.13,80.53,90.008,10.957,36.034,2.746,OK
L1_run_001,S06,L1_run_001-TS06,PF102,V000020,1698.0,80.65,71.16,90.13,85.06,88.689,11.418,37.654,3.14,OK
L1_run_001,S06,L1_run_001-TS06,PF102,V000021,1754.0,80.65,71.16,90.13,80.274,93.162,11.513,35.407,2.675,OK
L1_run_001,S06,L1_run_001-TS06,PF102,V000022,2017.0,80.65,71.16,90.13,86.057,94.617,11.037,37.565,3.142,OK
L1_run_001,S06,L1_run_001-TS06,PF102,V000023,2066.0,80.65,71.16,90.13,79.026,90.238,11.975,35.291,3.315,OK
L1_run_001,S06,L1_run_001-TS06,PF102,V000024,2121.0,80.65,71.16,90.13,82.324,90.08,11.458,37.387,3.131,OK
L1_run_001,S06,L1_run_001-TS06,PF102,V000025,2182.0,80.65,71.16,90.13,82.835,89.014,12.111,40.241,3.054,OK
L1_run_001,S06,L1_run_001-TS06,PF102,V000026,2246.0,80.65,71.16,90.13,80.764,93.698,11.087,36.526,2.794,OK
L1_run_001,S06,L1_run_001-TS06,PF102,V000027,2302.0,80.65,71.16,90.13,78.603,96.406,12.25,37.255,3.07,OK
L1_run_001,S06,L1_run_001-TS06,PF102,V000028,2368.0,80.65,71.16,90.13,78.379,90.739,11.664,36.704,3.086,OK
L1_run_001,S06,L1_run_001-TS06,PF102,V000029,2420.0,80.65,71.16,90.13,79.071,91.256,11.757,34.863,2.726,OK
L1_run_001,S06,L1_run_001-TS06,PF102,V000030,2486.0,80.65,71.16,90.13,84.397,88.261,11.294,36.062,3.093,OK
L1_run_001,S06,L1_run_001-TS06,PF102,V000031,2552.0,80.65,71.16,90.13,79.074,93.843,10.726,38.282,3.162,OK
L1_run_001,S06,L1_run_001-TS06,PF102,V000032,2608.0,80.65,71.16,90.13,78.607,93.325,10.897,37.905,3.068,OK
L1_run_001,S06,L1_run_001-TS06,PF102,V000033,2674.0,80.65,71.16,90.13,78.836,94.79,10.997,38.982,3.247,OK
L1_run_001,S06,L1_run_001-TS06,PF102,V000034,2721.0,80.65,71.16,90.13,77.726,92.393,11.608,37.455,2.971,OK
L1_run_001,S06,L1_run_001-TS06,PF102,V000035,2790.0,80.65,71.16,90.13,80.607,93.184,11.501,37.432,3.08,OK
L1_run_001,S06,L1_run_001-TS06,PF102,V000036,2854.0,80.65,71.16,90.13,80.521,97.01,11.393,33.875,3.349,OK
L1_run_001,S06,L1_run_001-TS06,PF102,V000037,2910.0,80.65,71.16,90.13,79.82,95.439,11.196,39.395,3.397,OK
L1_run_001,S06,L1_run_001-TS06,PF102,V000038,2962.0,80.65,71.16,90.13,78.203,91.908,11.885,40.004,3.365,OK
L1_run_001,S06,L1_run_001-TS06,PF102,V000039,3027.0,80.65,71.16,90.13,78.198,89.77,11.847,38.255,3.139,OK
L1_run_001,S06,L1_run_001-TS06,PF102,V000040,3082.0,80.65,71.16,90.13,78.601,90.119,11.602,35.981,3.053,OK
L1_run_001,S06,L1_run_001-TS06,PF102,V000041,3142.0,80.65,71.16,90.13,80.309,91.627,11.957,37.751,3.231,OK
L1_run_001,S06,L1_run_001-TS06,PF102,V000042,3200.0,80.65,71.16,90.13,78.536,92.467,10.658,35.986,3.211,OK
L1_run_001,S06,L1_run_001-TS06,PF102,V000043,3261.0,80.65,71.16,90.13,83.489,90.238,12.297,36.107,2.95,OK
L1_run_001,S06,L1_run_001-TS06,PF102,V000044,3319.0,80.65,71.16,90.13,79.357,91.465,11.285,36.844,3.033,OK
L1_run_001,S06,L1_run_001-TS06,PF102,V000045,3389.0,80.65,71.16,90.13,78.012,95.455,10.895,35.07,3.55,OK
L1_run_001,S06,L1_run_001-TS06,PF102,V000046,3469.0,80.65,71.16,90.13,79.349,96.265,10.876,37.436,3.189,OK
L1_run_001,S06,L1_run_001-TS06,PF102,V000047,3517.0,80.65,71.16,90.13,76.369,97.819,10.859,36.252,3.111,OK
L1_run_001,S06,L1_run_001-TS06,PF102,V000048,3588.0,80.65,71.16,90.13,83.232,87.657,11.415,35.552,3.201,OK
L1_run_001,S06,L1_run_001-TS06,PF102,V000049,3642.0,80.65,71.16,90.13,81.803,87.461,11.635,38.36,3.344,OK
L1_run_001,S06,L1_run_001-TS06,PF102,V000050,3694.0,80.65,71.16,90.13,78.154,90.908,11.232,36.062,2.893,OK
L1_run_001,S06,L1_run_001-TS06,PF102,V000051,3802.0,80.65,71.16,90.13,80.163,89.617,11.541,37.746,2.957,OK
L1_run_001,S06,L1_run_001-TS06,PF102,V000052,3848.0,80.65,71.16,90.13,83.857,88.616,11.511,36.203,3.095,OK
L1_run_001,S06,L1_run_001-TS06,PF102,V000053,3905.0,80.65,71.16,90.13,76.826,91.337,11.039,38.809,3.152,OK
L1_run_001,S06,L1_run_001-TS06,PF102,V000054,3951.0,80.65,71.16,90.13,81.65,88.47,11.48,38.036,3.596,OK
L1_run_001,S06,L1_run_001-TS06,PF102,V000055,4013.0,80.65,71.16,90.13,82.123,93.734,11.851,39.038,3.25,OK
L1_run_001,S06,L1_run_001-TS06,PF102,V000056,4070.0,80.65,71.16,90.13,84.387,91.468,11.35,38.334,3.14,OK
L1_run_001,S06,L1_run_001-TS06,PF102,V000057,4137.0,80.65,71.16,90.13,77.279,94.786,11.115,34.963,2.733,OK
L1_run_001,S06,L1_run_001-TS06,PF102,V000058,4196.0,80.65,71.16,90.13,78.231,90.401,11.561,36.302,2.576,OK
L1_run_001,S06,L1_run_001-TS06,PF102,V000059,4248.0,80.65,71.16,90.13,76.955,89.482,11.243,39.296,3.18,OK
L1_run_001,S06,L1_run_001-TS06,PF102,V000060,4308.0,80.65,71.16,90.13,79.325,94.891,11.231,38.187,3.253,OK
L1_run_001,S06,L1_run_001-TS06,PF102,V000061,4360.0,80.65,71.16,90.13,79.162,93.184,11.345,35.631,3.271,OK
L1_run_001,S06,L1_run_001-TS06,PF102,V000062,4424.0,80.65,71.16,90.13,80.856,90.693,11.295,37.916,3.229,OK
L1_run_001,S06,L1_run_001-TS06,PF102,V000063,4479.0,80.65,71.16,90.13,77.376,89.714,10.663,34.633,3.273,OK
L1_run_001,S06,L1_run_001-TS06,PF102,V000064,4542.0,80.65,71.16,90.13,81.927,88.082,11.56,39.299,3.382,OK
L1_run_001,S06,L1_run_001-TS06,PF102,V000065,4604.0,80.65,71.16,90.13,85.524,87.892,11.138,37.047,2.989,OK
L1_run_001,S06,L1_run_001-TS06,PF102,V000066,4657.0,80.65,71.16,90.13,78.099,90.477,11.662,35.831,2.756,OK
L1_run_001,S06,L1_run_001-TS06,PF102,V000067,4711.0,80.65,71.16,90.13,79.013,90.692,10.997,31.514,3.183,OK
L1_run_001,S06,L1_run_001-TS06,PF102,V000068,4786.0,80.65,71.16,90.13,80.902,88.347,11.914,36.434,3.182,OK
L1_run_001,S06,L1_run_001-TS06,PF102,V000069,4830.0,80.65,71.16,90.13,78.171,92.23,12.161,37.582,2.774,OK
L1_run_001,S06,L1_run_001-TS06,PF102,V000070,4900.0,80.65,71.16,90.13,81.863,93.068,11.222,36.698,3.355,OK
L1_run_001,S06,L1_run_001-TS06,PF102,V000071,4992.0,80.65,71.16,90.13,82.598,89.812,12.156,33.909,3.118,OK
L1_run_001,S06,L1_run_001-TS06,PF102,V000072,5050.0,80.65,71.16,90.13,80.686,96.246,11.32,37.857,2.95,OK
L1_run_001,S06,L1_run_001-TS06,PF102,V000073,5102.0,80.65,71.16,90.13,78.747,93.909,12.042,34.043,2.696,OK
L1_run_001,S06,L1_run_001-TS06,PF102,V000074,5163.0,80.65,71.16,90.13,83.607,90.642,11.722,35.237,3.046,OK
L1_run_001,S06,L1_run_001-TS06,PF102,V000075,5208.0,80.65,71.16,90.13,80.32,91.924,11.382,35.682,2.917,OK
L1_run_001,S06,L1_run_001-TS06,PF102,V000076,5256.0,80.65,71.16,90.13,78.759,93.083,10.926,36.16,2.969,OK
L1_run_001,S06,L1_run_001-TS06,PF102,V000077,5307.0,80.65,71.16,90.13,79.747,96.124,11.352,40.495,2.692,OK
L1_run_001,S06,L1_run_001-TS06,PF102,V000078,5428.0,80.65,71.16,90.13,86.256,95.571,10.849,37.298,3.208,OK
L1_run_001,S06,L1_run_001-TS06,PF102,V000079,5481.0,80.65,71.16,90.13,79.025,96.144,12.476,36.578,3.121,OK
L1_run_001,S06,L1_run_001-TS06,PF102,V000080,5531.0,80.65,71.16,90.13,77.929,90.487,11.887,38.387,2.874,OK
L1_run_001,S06,L1_run_001-TS06,PF102,V000081,5585.0,80.65,71.16,90.13,80.308,94.395,12.158,38.509,3.375,OK
L1_run_001,S06,L1_run_001-TS06,PF102,V000082,5639.0,80.65,71.16,90.13,79.835,92.759,11.888,38.469,2.986,OK
L1_run_001,S06,L1_run_001-TS06,PF102,V000083,5691.0,80.65,71.16,90.13,76.058,97.995,11.666,34.664,3.099,OK
L1_run_001,S06,L1_run_001-TS06,PF102,V000084,5737.0,80.65,71.16,90.13,76.699,96.518,11.177,40.429,3.248,OK
L1_run_001,S06,L1_run_001-TS06,PF102,V000085,5782.0,80.65,71.16,90.13,83.066,93.781,11.527,35.061,2.954,OK
L1_run_001,S06,L1_run_001-TS06,PF102,V000086,5838.0,80.65,71.16,90.13,80.777,89.837,11.126,36.076,2.933,OK
L1_run_001,S06,L1_run_001-TS06,PF102,V000087,5884.0,80.65,71.16,90.13,81.025,92.179,12.362,37.942,3.377,OK
L1_run_001,S06,L1_run_001-TS06,PF102,V000088,5953.0,80.65,71.16,90.13,77.39,91.629,11.486,38.068,3.314,OK
L1_run_001,S06,L1_run_001-TS06,PF102,V000089,6017.0,80.65,71.16,90.13,78.469,92.032,11.128,36.333,2.965,OK
L1_run_001,S06,L1_run_001-TS06,PF102,V000090,6081.0,80.65,71.16,90.13,80.728,92.818,11.744,38.829,3.416,OK
L1_run_001,S06,L1_run_001-TS06,PF102,V000091,6460.0,80.65,71.16,90.13,81.419,94.761,11.227,37.158,3.32,OK
L1_run_001,S06,L1_run_001-TS06,PF102,V000092,6514.0,80.65,71.16,90.13,80.705,90.419,11.213,38.404,3.033,OK
L1_run_001,S06,L1_run_001-TS06,PF102,V000093,6566.0,80.65,71.16,90.13,82.897,93.524,12.379,36.17,3.134,OK
L1_run_001,S06,L1_run_001-TS06,PF102,V000094,6627.0,80.65,71.16,90.13,76.575,90.125,10.707,38.921,3.277,OK
L1_run_001,S06,L1_run_001-TS06,PF102,V000095,6712.0,80.65,71.16,90.13,82.836,87.618,11.478,36.161,3.131,OK
L1_run_001,S06,L1_run_001-TS06,PF102,V000096,6762.0,80.65,71.16,90.13,81.439,93.969,11.469,36.85,3.049,OK
L1_run_001,S06,L1_run_001-TS06,PF102,V000097,6822.0,80.65,71.16,90.13,81.817,97.77,11.609,34.07,3.293,OK
L1_run_001,S06,L1_run_001-TS06,PF102,V000098,6885.0,80.65,71.16,90.13,77.399,88.581,11.212,36.888,3.089,OK
L1_run_001,S06,L1_run_001-TS06,PF102,V000099,6939.0,80.65,71.16,90.13,80.926,91.359,11.084,39.249,2.943,OK
L1_run_001,S06,L1_run_001-TS06,PF102,V000100,6995.0,80.65,71.16,90.13,75.607,91.872,10.444,37.243,3.36,OK
L1_run_001,S06,L1_run_001-TS06,PF102,V000101,7060.0,80.65,71.16,90.13,77.395,95.952,11.146,36.429,3.222,OK
L1_run_001,S06,L1_run_001-TS06,PF102,V000102,7121.0,80.65,71.16,90.13,81.641,94.098,11.878,34.87,3.039,OK
L1_run_001,S06,L1_run_001-TS06,PF102,V000103,7177.0,80.65,71.16,90.13,78.815,89.715,11.502,36.963,3.099,OK
L1_run_001,S06,L1_run_001-TS06,PF102,V000104,7825.0,80.65,71.16,90.13,82.252,95.705,11.291,37.122,3.141,OK
L1_run_001,S06,L1_run_001-TS06,PF102,V000105,7873.0,80.65,71.16,90.13,77.559,93.002,11.24,37.815,3.005,OK
L1_run_001,S06,L1_run_001-TS06,PF102,V000106,7938.0,80.65,71.16,90.13,75.568,97.367,10.678,37.077,3.113,OK
L1_run_001,S06,L1_run_001-TS06,PF102,V000107,7994.0,80.65,71.16,90.13,75.999,95.292,11.549,32.721,3.296,OK
L1_run_001,S06,L1_run_001-TS06,PF102,V000108,8055.0,80.65,71.16,90.13,79.945,89.677,11.476,35.972,3.029,OK
L1_run_001,S06,L1_run_001-TS06,PF102,V000109,8135.0,80.65,71.16,90.13,80.934,90.994,11.682,38.397,2.912,OK
L1_run_001,S06,L1_run_001-TS06,PF102,V000110,8196.0,80.65,71.16,90.13,75.119,92.854,11.985,38.477,2.939,OK
L1_run_001,S06,L1_run_001-TS06,PF102,V000111,8239.0,80.65,71.16,90.13,78.031,94.1,12.043,39.131,2.674,OK
L1_run_001,S06,L1_run_001-TS06,PF102,V000112,8307.0,80.65,71.16,90.13,79.96,92.347,11.142,37.864,3.065,OK
L1_run_001,S06,L1_run_001-TS06,PF102,V000113,8369.0,80.65,71.16,90.13,78.11,98.258,11.417,34.845,3.041,OK
L1_run_001,S06,L1_run_001-TS06,PF102,V000114,8428.0,80.65,71.16,90.13,80.111,93.24,11.627,39.221,2.877,OK
L1_run_001,S06,L1_run_001-TS06,PF102,V000115,8486.0,80.65,71.16,90.13,81.627,86.835,11.753,40.97,2.998,OK
L1_run_001,S06,L1_run_001-TS06,PF102,V000116,8549.0,80.65,71.16,90.13,79.507,89.269,11.129,35.67,3.118,OK
L1_run_001,S06,L1_run_001-TS06,PF102,V000117,8608.0,80.65,71.16,90.13,77.361,94.856,10.886,37.33,3.037,OK
L1_run_001,S06,L1_run_001-TS06,PF102,V000118,8664.0,80.65,71.16,90.13,77.071,88.008,12.12,38.462,3.135,OK
L1_run_001,S06,L1_run_001-TS06,PF102,V000119,8726.0,80.65,71.16,90.13,76.75,91.388,11.733,34.398,3.391,OK
L1_run_001,S06,L1_run_001-TS06,PF102,V000120,8780.0,80.65,71.16,90.13,75.372,95.014,11.079,35.477,2.916,OK
L1_run_001,S06,L1_run_001-TS06,PF102,V000121,8834.0,80.65,71.16,90.13,79.024,91.025,11.477,37.586,2.918,OK
L1_run_001,S06,L1_run_001-TS06,PF102,V000122,9190.0,80.65,71.16,90.13,76.801,92.178,11.586,35.378,2.781,OK
L1_run_001,S06,L1_run_001-TS06,PF102,V000123,9240.0,80.65,71.16,90.13,76.992,95.736,11.15,38.134,3.248,OK
L1_run_001,S06,L1_run_001-TS06,PF102,V000124,9295.0,80.65,71.16,90.13,77.825,91.159,11.083,35.397,2.968,OK
L1_run_001,S06,L1_run_001-TS06,PF102,V000125,9354.0,80.65,71.16,90.13,73.335,90.97,11.169,37.192,2.899,OK
L1_run_001,S06,L1_run_001-TS06,PF102,V000126,9423.0,80.65,71.16,90.13,78.897,90.439,10.816,35.408,3.325,OK
L1_run_001,S06,L1_run_001-TS06,PF102,V000127,9482.0,80.65,71.16,90.13,78.186,93.238,11.476,39.432,3.023,OK
L1_run_001,S06,L1_run_001-TS06,PF102,V000128,9538.0,80.65,71.16,90.13,75.512,93.203,11.375,37.601,3.204,OK
L1_run_001,S06,L1_run_001-TS06,PF102,V000129,9640.0,80.65,71.16,90.13,74.03,90.31,11.633,36.416,2.936,OK
L1_run_001,S06,L1_run_001-TS06,PF102,V000130,9694.0,80.65,71.16,90.13,75.235,91.066,10.716,38.047,3.288,OK
L1_run_001,S06,L1_run_001-TS06,PF102,V000131,9757.0,80.65,71.16,90.13,74.802,91.746,11.929,37.599,3.354,OK
L1_run_001,S06,L1_run_001-TS06,PF102,V000132,9808.0,80.65,71.16,90.13,78.551,94.552,12.028,35.939,2.877,OK
L1_run_001,S06,L1_run_001-TS06,PF102,V000133,9863.0,80.65,71.16,90.13,71.761,91.295,11.748,37.004,2.888,OK
L1_run_001,S06,L1_run_001-TS06,PF102,V000134,9917.0,80.65,71.16,90.13,78.565,84.481,11.347,35.612,3.184,OK
L1_run_001,S06,L1_run_001-TS06,PF102,V000135,9968.0,80.65,71.16,90.13,74.597,95.606,11.633,38.71,3.036,OK
L1_run_001,S06,L1_run_001-TS06,PF102,V000136,10018.0,80.65,71.16,90.13,74.732,94.974,11.886,37.112,3.213,OK
L1_run_001,S06,L1_run_001-TS06,PF102,V000137,10071.0,80.65,71.16,90.13,71.579,92.796,10.754,37.317,2.929,OK
L1_run_001,S06,L1_run_001-TS06,PF102,V000138,10128.0,80.65,71.16,90.13,76.734,86.992,11.583,37.894,3.058,OK
L1_run_001,S06,L1_run_001-TS06,PF102,V000139,10183.0,80.65,71.16,90.13,79.417,89.88,11.664,38.194,3.349,OK
L1_run_001,S06,L1_run_001-TS06,PF102,V000140,10238.0,80.65,71.16,90.13,77.484,88.977,11.023,37.571,3.178,OK
L1_run_001,S06,L1_run_001-TS06,PF102,V000141,10299.0,80.65,71.16,90.13,73.2,93.666,11.456,36.274,3.231,OK
L1_run_001,S06,L1_run_001-TS06,PF102,V000142,10365.0,80.65,71.16,90.13,73.076,89.853,11.071,39.614,3.353,OK
L1_run_001,S06,L1_run_001-TS06,PF102,V000143,10426.0,80.65,71.16,90.13,69.237,94.179,11.845,37.478,2.573,NOK
L1_run_001,S06,L1_run_001-TS06,PF102,V000144,10486.0,80.65,71.16,90.13,71.749,93.54,11.273,37.279,3.201,OK
L1_run_001,S06,L1_run_001-TS06,PF102,V000145,10536.0,80.65,71.16,90.13,72.859,90.309,11.399,36.106,3.255,OK
L1_run_001,S06,L1_run_001-TS06,PF102,V000146,10599.0,80.65,71.16,90.13,70.704,96.255,11.126,37.869,3.18,NOK
L1_run_001,S06,L1_run_001-TS06,PF102,V000147,10666.0,80.65,71.16,90.13,74.581,93.498,11.946,36.092,3.13,OK
L1_run_001,S06,L1_run_001-TS06,PF102,V000148,10729.0,80.65,71.16,90.13,70.133,91.367,11.195,39.319,3.517,NOK
L1_run_001,S06,L1_run_001-TS06,PF102,V000149,11115.0,80.65,71.16,90.13,73.656,91.732,11.967,38.555,2.873,OK
L1_run_001,S06,L1_run_001-TS06,PF102,V000150,11173.0,80.65,71.16,90.13,71.897,88.369,11.569,35.244,3.102,OK
L1_run_001,S06,L1_run_001-TS06,PF102,V000151,11230.0,80.65,71.16,90.13,66.743,98.466,10.475,38.366,3.202,NOK
L1_run_001,S06,L1_run_001-TS06,PF102,V000152,11293.0,80.65,71.16,90.13,72.136,94.605,11.48,39.044,3.004,OK
L1_run_001,S06,L1_run_001-TS06,PF102,V000153,11345.0,80.65,71.16,90.13,77.163,91.48,11.877,35.012,2.885,OK
L1_run_001,S06,L1_run_001-TS06,PF102,V000154,11400.0,80.65,71.16,90.13,73.761,88.704,11.513,35.754,3.22,OK
L1_run_001,S06,L1_run_001-TS06,PF102,V000155,11452.0,80.65,71.16,90.13,73.561,89.801,11.396,40.024,3.229,OK
L1_run_001,S06,L1_run_001-TS06,PF102,V000156,11510.0,80.65,71.16,90.13,71.6,94.632,10.835,34.735,3.071,OK
L1_run_001,S06,L1_run_001-TS06,PF102,V000157,11559.0,80.65,71.16,90.13,70.683,94.671,11.357,36.776,2.599,NOK
L1_run_001,S06,L1_run_001-TS06,PF102,V000158,11607.0,80.65,71.16,90.13,74.082,96.332,11.291,36.358,2.889,OK
L1_run_001,S06,L1_run_001-TS06,PF102,V000159,11662.0,80.65,71.16,90.13,77.468,87.938,11.571,39.078,3.199,OK
L1_run_001,S06,L1_run_001-TS06,PF102,V000160,11725.0,80.65,71.16,90.13,76.18,90.14,11.898,37.346,3.175,OK
L1_run_001,S06,L1_run_001-TS06,PF102,V000161,11980.0,80.65,71.16,90.13,76.987,89.814,11.795,37.703,3.284,OK
L1_run_001,S06,L1_run_001-TS06,PF102,V000162,12035.0,80.65,71.16,90.13,75.46,89.649,11.408,39.028,2.719,OK
L1_run_001,S06,L1_run_001-TS06,PF102,V000163,12091.0,80.65,71.16,90.13,73.081,89.878,10.944,36.863,3.187,OK
L1_run_001,S06,L1_run_001-TS06,PF102,V000164,12143.0,80.65,71.16,90.13,69.389,94.406,11.203,38.354,3.259,NOK
L1_run_001,S06,L1_run_001-TS06,PF102,V000165,12195.0,80.65,71.16,90.13,70.783,95.614,11.211,36.8,2.877,NOK
L1_run_001,S06,L1_run_001-TS06,PF102,V000166,12239.0,80.65,71.16,90.13,76.992,88.169,11.693,36.232,2.878,OK
L1_run_001,S06,L1_run_001-TS06,PF102,V000167,12305.0,80.65,71.16,90.13,78.125,90.656,10.965,35.879,3.271,OK
L1_run_001,S06,L1_run_001-TS06,PF102,V000168,12379.0,80.65,71.16,90.13,75.284,89.588,10.883,38.203,3.181,OK
L1_run_001,S06,L1_run_001-TS06,PF102,V000169,12438.0,80.65,71.16,90.13,74.75,86.228,11.679,37.134,3.091,OK
L1_run_001,S06,L1_run_001-TS06,PF102,V000170,12486.0,80.65,71.16,90.13,75.137,90.157,12.056,35.506,2.885,OK
L1_run_001,S06,L1_run_001-TS06,PF102,V000171,12547.0,80.65,71.16,90.13,71.932,94.196,10.977,36.732,3.385,OK
L1_run_001,S06,L1_run_001-TS06,PF102,V000172,12606.0,80.65,71.16,90.13,75.096,91.736,11.644,36.163,3.59,OK
L1_run_001,S06,L1_run_001-TS06,PF102,V000173,12667.0,80.65,71.16,90.13,73.307,92.421,11.753,37.96,3.059,OK
L1_run_001,S06,L1_run_001-TS06,PF102,V000174,12750.0,80.65,71.16,90.13,73.28,92.656,11.983,39.414,3.039,OK
L1_run_001,S06,L1_run_001-TS06,PF102,V000175,12846.0,80.65,71.16,90.13,75.026,89.248,12.17,36.707,3.079,OK
L1_run_001,S06,L1_run_001-TS06,PF102,V000176,12930.0,80.65,71.16,90.13,75.686,91.426,11.666,37.032,2.963,OK
L1_run_001,S06,L1_run_001-TS06,PF102,V000177,13097.0,80.65,71.16,90.13,74.964,93.3,11.813,35.673,3.119,OK
L1_run_001,S06,L1_run_001-TS06,PF102,V000178,13165.0,80.65,71.16,90.13,73.627,93.676,11.399,38.04,3.128,OK
L1_run_001,S06,L1_run_001-TS06,PF102,V000179,13265.0,80.65,71.16,90.13,71.875,95.792,11.262,38.891,2.81,OK
L1_run_001,S06,L1_run_001-TS06,PF102,V000180,13341.0,80.65,71.16,90.13,73.262,92.96,11.025,37.699,3.27,OK
L1_run_001,S06,L1_run_001-TS06,PF102,V000181,13421.0,80.65,71.16,90.13,76.066,90.083,11.496,38.658,3.26,OK
L1_run_001,S06,L1_run_001-TS06,PF102,V000182,13539.0,80.65,71.16,90.13,73.028,97.616,10.515,39.683,3.125,OK
L1_run_001,S06,L1_run_001-TS06,PF102,V000183,13648.0,80.65,71.16,90.13,75.405,93.412,11.667,38.796,3.267,OK
L1_run_001,S06,L1_run_001-TS06,PF102,V000184,16319.0,80.65,71.16,90.13,77.004,91.914,12.122,39.059,3.316,OK
L1_run_001,S06,L1_run_001-TS06,PF102,V000185,16386.0,80.65,71.16,90.13,72.221,92.205,10.959,39.223,2.928,OK
L1_run_001,S06,L1_run_001-TS06,PF102,V000186,16618.0,80.65,71.16,90.13,73.91,90.326,10.831,38.449,3.183,OK
L1_run_001,S06,L1_run_001-TS06,PF102,V000187,16713.0,80.65,71.16,90.13,71.063,91.097,11.352,36.585,3.181,NOK
L1_run_001,S06,L1_run_001-TS06,PF102,V000188,16816.0,80.65,71.16,90.13,75.395,93.404,12.078,37.588,3.316,OK
L1_run_001,S06,L1_run_001-TS06,PF102,V000189,16898.0,80.65,71.16,90.13,73.586,90.897,11.595,35.942,3.053,OK
L1_run_001,S06,L1_run_001-TS06,PF102,V000190,16989.0,80.65,71.16,90.13,77.577,84.989,11.878,38.498,3.321,OK
L1_run_001,S06,L1_run_001-TS06,PF102,V000191,17088.0,80.65,71.16,90.13,74.668,91.465,12.124,38.608,3.248,OK
L1_run_001,S06,L1_run_001-TS06,PF102,V000192,17173.0,80.65,71.16,90.13,75.1,86.453,11.9,36.341,2.786,OK
L1_run_001,S06,L1_run_001-TS06,PF102,V000193,17247.0,80.65,71.16,90.13,76.576,90.24,11.109,39.637,3.159,OK
L1_run_001,S06,L1_run_001-TS06,PF102,V000194,17320.0,80.65,71.16,90.13,70.872,97.673,11.556,39.299,3.195,NOK
L1_run_001,S06,L1_run_001-TS06,PF102,V000195,17399.0,80.65,71.16,90.13,68.068,92.814,11.508,37.75,3.019,NOK
L1_run_001,S06,L1_run_001-TS06,PF102,V000196,17502.0,80.65,71.16,90.13,70.008,95.505,11.689,38.429,2.859,NOK
L1_run_001,S06,L1_run_001-TS06,PF102,V000197,17587.0,80.65,71.16,90.13,72.523,98.043,11.241,40.198,3.097,OK
L1_run_001,S06,L1_run_001-TS06,PF102,V000198,17671.0,80.65,71.16,90.13,74.009,94.905,11.872,38.4,2.992,OK
L1_run_001,S06,L1_run_001-TS06,PF102,V000199,17750.0,80.65,71.16,90.13,74.513,93.718,12.358,39.089,3.369,OK
L1_run_001,S06,L1_run_001-TS06,PF102,V000200,17842.0,80.65,71.16,90.13,73.539,94.361,11.719,38.389,3.405,OK
L1_run_001,S06,L1_run_001-TS06,PF102,V000201,17941.0,80.65,71.16,90.13,74.597,90.261,11.999,39.518,3.284,OK
L1_run_001,S06,L1_run_001-TS06,PF102,V000202,18540.0,80.65,71.16,90.13,72.93,91.679,11.79,38.656,3.412,OK
L1_run_001,S06,L1_run_001-TS06,PF102,V000203,18599.0,80.65,71.16,90.13,74.241,89.437,11.219,39.442,3.17,OK
L1_run_001,S06,L1_run_001-TS06,PF102,V000204,18673.0,80.65,71.16,90.13,78.259,93.181,11.882,38.784,3.214,OK
L1_run_001,S06,L1_run_001-TS06,PF102,V000205,18739.0,80.65,71.16,90.13,72.853,93.764,11.463,40.918,3.219,OK
L1_run_001,S06,L1_run_001-TS06,PF102,V000206,18805.0,80.65,71.16,90.13,77.736,90.913,11.898,39.562,3.016,OK
L1_run_001,S06,L1_run_001-TS06,PF102,V000207,18871.0,80.65,71.16,90.13,74.316,91.047,11.12,37.756,2.933,OK
L1_run_001,S06,L1_run_001-TS06,PF102,V000208,18925.0,80.65,71.16,90.13,71.25,97.074,11.138,37.053,3.246,OK
L1_run_001,S06,L1_run_001-TS06,PF102,V000209,18989.0,80.65,71.16,90.13,70.335,91.584,11.248,37.443,2.703,NOK
L1_run_001,S06,L1_run_001-TS06,PF102,V000210,19052.0,80.65,71.16,90.13,75.5,92.489,11.972,37.317,3.145,OK
L1_run_001,S06,L1_run_001-TS06,PF102,V000211,19114.0,80.65,71.16,90.13,79.725,91.528,11.391,35.447,3.106,OK
L1_run_001,S06,L1_run_001-TS06,PF102,V000212,19174.0,80.65,71.16,90.13,75.31,90.06,11.688,40.124,2.782,OK
L1_run_001,S06,L1_run_001-TS06,PF102,V000213,19230.0,80.65,71.16,90.13,75.204,93.948,11.955,36.872,2.615,OK
L1_run_001,S06,L1_run_001-TS06,PF102,V000214,19293.0,80.65,71.16,90.13,77.865,88.812,11.496,39.192,3.145,OK
L1_run_001,S06,L1_run_001-TS06,PF102,V000215,19526.0,80.65,71.16,90.13,78.604,83.96,11.604,38.607,3.455,OK
L1_run_001,S06,L1_run_001-TS06,PF102,V000216,19586.0,80.65,71.16,90.13,72.457,97.125,12.094,40.488,3.236,OK
L1_run_001,S06,L1_run_001-TS06,PF102,V000217,19645.0,80.65,71.16,90.13,75.76,95.315,11.649,41.729,3.176,OK
L1_run_001,S06,L1_run_001-TS06,PF102,V000218,19698.0,80.65,71.16,90.13,76.314,92.657,11.581,39.932,3.197,OK
L1_run_001,S06,L1_run_001-TS06,PF102,V000219,19749.0,80.65,71.16,90.13,73.403,97.666,11.129,37.754,2.897,OK
L1_run_001,S06,L1_run_001-TS06,PF102,V000220,19821.0,80.65,71.16,90.13,74.766,86.508,11.547,38.297,3.095,OK
L1_run_001,S06,L1_run_001-TS06,PF102,V000221,19878.0,80.65,71.16,90.13,75.169,89.165,12.007,37.573,2.896,OK
L1_run_001,S06,L1_run_001-TS06,PF102,V000222,19940.0,80.65,71.16,90.13,72.816,89.063,11.397,36.157,2.875,OK
L1_run_001,S06,L1_run_001-TS06,PF102,V000223,20008.0,80.65,71.16,90.13,79.637,87.393,11.88,38.803,3.013,OK
L1_run_001,S06,L1_run_001-TS06,PF102,V000224,20072.0,80.65,71.16,90.13,74.327,89.887,11.818,41.649,3.135,OK
L1_run_001,S06,L1_run_001-TS06,PF102,V000225,20135.0,80.65,71.16,90.13,69.845,94.395,11.085,39.242,2.87,NOK
L1_run_001,S06,L1_run_001-TS06,PF102,V000226,20245.0,80.65,71.16,90.13,71.975,94.161,11.44,38.828,2.981,OK
L1_run_001,S06,L1_run_001-TS06,PF102,V000227,20298.0,80.65,71.16,90.13,70.254,90.046,11.396,37.31,2.855,NOK
L1_run_001,S06,L1_run_001-TS06,PF102,V000228,20367.0,80.65,71.16,90.13,77.232,92.152,11.512,38.021,2.772,OK
L1_run_001,S06,L1_run_001-TS06,PF102,V000229,20408.0,80.65,71.16,90.13,75.291,90.165,11.763,41.321,2.808,OK
L1_run_001,S06,L1_run_001-TS06,PF102,V000230,20465.0,80.65,71.16,90.13,70.654,91.992,11.603,36.554,3.151,NOK
L1_run_001,S06,L1_run_001-TS06,PF102,V000231,20543.0,80.65,71.16,90.13,75.882,90.963,11.971,39.504,3.305,OK
L1_run_001,S06,L1_run_001-TS06,PF102,V000232,20632.0,80.65,71.16,90.13,72.598,95.098,11.598,38.023,3.008,OK
L1_run_001,S06,L1_run_001-TS06,PF102,V000233,20744.0,80.65,71.16,90.13,74.232,92.675,11.302,41.324,2.572,OK
L1_run_001,S06,L1_run_001-TS06,PF102,V000234,20838.0,80.65,71.16,90.13,73.457,93.076,11.752,38.93,3.432,OK
L1_run_001,S06,L1_run_001-TS06,PF102,V000235,20918.0,80.65,71.16,90.13,74.279,92.536,11.941,39.612,3.127,OK
L1_run_001,S06,L1_run_001-TS06,PF102,V000236,20996.0,80.65,71.16,90.13,74.671,87.728,11.48,39.565,2.874,OK
L1_run_001,S06,L1_run_001-TS06,PF102,V000237,21082.0,80.65,71.16,90.13,78.414,91.774,12.379,38.647,3.291,OK
L1_run_001,S06,L1_run_001-TS06,PF102,V000238,21161.0,80.65,71.16,90.13,74.295,92.946,11.57,39.434,3.085,OK
L1_run_001,S06,L1_run_001-TS06,PF102,V000239,21255.0,80.65,71.16,90.13,73.784,93.148,11.425,38.288,2.727,OK
L1_run_001,S06,L1_run_001-TS06,PF102,V000240,21324.0,80.65,71.16,90.13,75.015,92.583,11.963,36.945,2.99,OK
L1_run_001,S06,L1_run_001-TS06,PF102,V000241,21422.0,80.65,71.16,90.13,72.39,95.271,11.12,38.872,3.133,OK
L1_run_001,S06,L1_run_001-TS06,PF102,V000242,21497.0,80.65,71.16,90.13,74.083,91.068,12.52,36.237,3.167,OK
L1_run_001,S06,L1_run_001-TS06,PF102,V000243,21586.0,80.65,71.16,90.13,70.392,94.392,12.429,38.797,3.207,NOK
L1_run_001,S06,L1_run_001-TS06,PF102,V000244,21675.0,80.65,71.16,90.13,76.824,85.438,12.512,36.959,3.03,OK
L1_run_001,S06,L1_run_001-TS06,PF102,V000245,21765.0,80.65,71.16,90.13,73.05,92.31,11.419,38.184,3.075,OK
L1_run_001,S06,L1_run_001-TS06,PF102,V000246,21855.0,80.65,71.16,90.13,78.189,89.138,11.575,39.774,2.982,OK
L1_run_001,S06,L1_run_001-TS06,PF102,V000247,22315.0,80.65,71.16,90.13,76.017,94.037,11.57,38.52,2.862,OK
L1_run_001,S06,L1_run_001-TS06,PF102,V000248,22378.0,80.65,71.16,90.13,76.259,93.141,11.743,39.824,3.401,OK
L1_run_001,S06,L1_run_001-TS06,PF102,V000249,22571.0,80.65,71.16,90.13,70.52,91.947,11.243,37.048,2.85,NOK
L1_run_001,S06,L1_run_001-TS06,PF102,V000250,22628.0,80.65,71.16,90.13,75.431,91.458,11.631,39.991,3.218,OK
L1_run_001,S06,L1_run_001-TS06,PF102,V000251,22688.0,80.65,71.16,90.13,75.402,97.286,11.659,38.085,3.122,OK
L1_run_001,S06,L1_run_001-TS06,PF102,V000252,22758.0,80.65,71.16,90.13,73.683,92.373,12.062,38.937,3.132,OK
L1_run_001,S06,L1_run_001-TS06,PF102,V000253,22817.0,80.65,71.16,90.13,74.833,88.891,11.194,39.362,3.231,OK
L1_run_001,S06,L1_run_001-TS06,PF102,V000254,22871.0,80.65,71.16,90.13,75.807,93.067,10.89,41.404,3.049,OK
L1_run_001,S06,L1_run_001-TS06,PF102,V000255,22926.0,80.65,71.16,90.13,69.229,95.84,11.818,37.804,3.6,NOK
L1_run_001,S06,L1_run_001-TS06,PF102,V000256,22991.0,80.65,71.16,90.13,73.987,90.28,11.402,40.815,3.309,OK
L1_run_001,S06,L1_run_001-TS06,PF102,V000257,23049.0,80.65,71.16,90.13,71.43,96.798,11.755,36.82,2.885,OK
L1_run_001,S06,L1_run_001-TS06,PF102,V000258,23111.0,80.65,71.16,90.13,73.774,93.737,11.252,37.099,2.985,OK
L1_run_001,S06,L1_run_001-TS06,PF102,V000259,23193.0,80.65,71.16,90.13,73.959,89.863,11.403,38.693,3.419,OK
L1_run_001,S06,L1_run_001-TS06,PF102,V000260,23264.0,80.65,71.16,90.13,74.912,89.965,11.179,37.836,3.372,OK
L1_run_001,S06,L1_run_001-TS06,PF102,V000261,23321.0,80.65,71.16,90.13,76.314,91.255,11.714,36.784,3.377,OK
L1_run_001,S06,L1_run_001-TS06,PF102,V000262,23382.0,80.65,71.16,90.13,72.293,89.204,10.978,37.821,2.987,OK
L1_run_001,S06,L1_run_001-TS06,PF102,V000263,24329.0,80.65,71.16,90.13,76.912,92.381,11.922,40.373,3.017,OK
L1_run_001,S06,L1_run_001-TS06,PF102,V000264,24390.0,80.65,71.16,90.13,73.89,90.517,11.335,38.452,2.757,OK
L1_run_001,S06,L1_run_001-TS06,PF102,V000265,24450.0,80.65,71.16,90.13,75.334,89.591,11.313,37.875,3.11,OK
L1_run_001,S06,L1_run_001-TS06,PF102,V000266,24507.0,80.65,71.16,90.13,69.296,95.94,11.612,41.444,2.673,NOK
L1_run_001,S06,L1_run_001-TS06,PF102,V000267,24567.0,80.65,71.16,90.13,74.393,92.412,10.395,35.93,2.843,OK
L1_run_001,S06,L1_run_001-TS06,PF102,V000268,24635.0,80.65,71.16,90.13,73.242,93.019,11.771,37.758,2.814,OK
L1_run_001,S06,L1_run_001-TS06,PF102,V000269,24691.0,80.65,71.16,90.13,71.84,97.228,10.962,39.58,3.138,OK
L1_run_001,S06,L1_run_001-TS06,PF102,V000270,24758.0,80.65,71.16,90.13,72.898,95.849,11.285,40.626,3.135,OK
L1_run_001,S06,L1_run_001-TS06,PF102,V000271,24821.0,80.65,71.16,90.13,75.858,95.437,11.95,38.331,2.859,OK
L1_run_001,S06,L1_run_001-TS06,PF102,V000272,24885.0,80.65,71.16,90.13,73.173,93.49,11.1,40.276,2.997,OK
L1_run_001,S06,L1_run_001-TS06,PF102,V000273,24939.0,80.65,71.16,90.13,73.371,93.194,11.127,39.006,3.125,OK
L1_run_001,S06,L1_run_001-TS06,PF102,V000274,25000.0,80.65,71.16,90.13,70.245,90.984,11.063,39.261,2.912,NOK
L1_run_001,S06,L1_run_001-TS06,PF102,V000275,25073.0,80.65,71.16,90.13,73.532,88.401,11.228,39.637,3.305,OK
L1_run_001,S06,L1_run_001-TS06,PF102,V000276,25137.0,80.65,71.16,90.13,74.949,92.776,11.667,41.46,3.331,OK
L1_run_001,S06,L1_run_001-TS06,PF102,V000277,25194.0,80.65,71.16,90.13,74.706,86.701,12.777,40.992,2.737,OK
L1_run_001,S06,L1_run_001-TS06,PF102,V000278,25249.0,80.65,71.16,90.13,73.435,92.629,11.607,41.694,3.057,OK
L1_run_001,S06,L1_run_001-TS06,PF102,V000279,25404.0,80.65,71.16,90.13,77.03,87.223,11.997,39.335,2.958,OK
L1_run_001,S06,L1_run_001-TS06,PF102,V000280,25473.0,80.65,71.16,90.13,70.59,95.666,12.101,36.898,2.866,NOK
L1_run_001,S06,L1_run_001-TS06,PF102,V000281,25525.0,80.65,71.16,90.13,73.739,90.789,11.771,38.309,2.855,OK
L1_run_001,S06,L1_run_001-TS06,PF102,V000282,25908.0,80.65,71.16,90.13,78.491,90.957,12.106,37.347,3.497,OK
L1_run_001,S06,L1_run_001-TS06,PF102,V000283,26005.0,80.65,71.16,90.13,75.353,90.218,11.641,38.435,2.942,OK
L1_run_001,S06,L1_run_001-TS06,PF102,V000284,26065.0,80.65,71.16,90.13,72.066,94.398,12.102,39.335,3.005,OK
L1_run_001,S06,L1_run_001-TS06,PF102,V000285,26116.0,80.65,71.16,90.13,72.715,89.451,11.675,41.105,3.256,OK
L1_run_001,S06,L1_run_001-TS06,PF102,V000286,26170.0,80.65,71.16,90.13,78.267,90.579,11.91,39.778,3.186,OK
L1_run_001,S06,L1_run_001-TS06,PF102,V000287,26232.0,80.65,71.16,90.13,72.752,90.609,11.985,37.444,2.859,OK
L1_run_001,S06,L1_run_001-TS06,PF102,V000288,26288.0,80.65,71.16,90.13,72.768,94.593,11.546,38.442,3.007,OK
L1_run_001,S06,L1_run_001-TS06,PF102,V000289,26363.0,80.65,71.16,90.13,71.422,90.646,11.34,39.647,3.173,OK
L1_run_001,S06,L1_run_001-TS06,PF102,V000290,26507.0,80.65,71.16,90.13,72.151,93.597,11.929,38.773,3.112,OK
L1_run_001,S06,L1_run_001-TS06,PF102,V000291,26579.0,80.65,71.16,90.13,72.398,90.854,11.797,40.149,3.099,OK
L1_run_001,S06,L1_run_001-TS06,PF102,V000292,26641.0,80.65,71.16,90.13,70.692,96.274,11.506,38.347,3.202,NOK
L1_run_001,S06,L1_run_001-TS06,PF102,V000293,26701.0,80.65,71.16,90.13,71.341,91.695,10.506,38.827,3.325,OK
L1_run_001,S06,L1_run_001-TS06,PF102,V000294,26765.0,80.65,71.16,90.13,72.931,91.848,11.238,39.374,3.57,OK
L1_run_001,S06,L1_run_001-TS06,PF102,V000295,26820.0,80.65,71.16,90.13,74.276,89.652,11.141,38.328,3.178,OK
L1_run_001,S06,L1_run_001-TS06,PF102,V000296,26877.0,80.65,71.16,90.13,72.59,87.351,11.642,37.781,3.344,OK
L1_run_001,S06,L1_run_001-TS06,PF102,V000297,26941.0,80.65,71.16,90.13,75.565,96.078,11.456,38.175,3.015,OK
L1_run_001,S06,L1_run_001-TS06,PF102,V000298,27000.0,80.65,71.16,90.13,75.722,92.408,11.894,39.362,3.322,OK
L1_run_001,S06,L1_run_001-TS06,PF102,V000299,27057.0,80.65,71.16,90.13,72.517,91.81,11.008,36.706,3.123,OK
L1_run_001,S06,L1_run_001-TS06,PF102,V000300,27129.0,80.65,71.16,90.13,70.367,96.756,11.262,38.828,3.117,NOK
L1_run_001,S06,L1_run_001-TS06,PF102,V000301,27238.0,80.65,71.16,90.13,71.091,90.975,11.737,39.345,3.058,OK
L1_run_001,S06,L1_run_001-TS06,PF102,V000302,27349.0,80.65,71.16,90.13,73.579,90.55,11.948,40.779,3.345,OK
L1_run_001,S06,L1_run_001-TS06,PF102,V000303,27427.0,80.65,71.16,90.13,75.942,89.326,12.01,38.193,2.86,OK
L1_run_001,S06,L1_run_001-TS06,PF102,V000304,27737.0,80.65,71.16,90.13,73.942,88.466,11.959,38.058,3.042,OK
L1_run_001,S06,L1_run_001-TS06,PF102,V000305,27799.0,80.65,71.16,90.13,71.602,92.95,11.476,35.785,3.317,OK
L1_run_001,S06,L1_run_001-TS06,PF102,V000306,27867.0,80.65,71.16,90.13,76.229,89.64,11.923,39.294,3.167,OK
L1_run_001,S06,L1_run_001-TS06,PF102,V000307,27928.0,80.65,71.16,90.13,73.944,92.799,11.846,36.701,3.413,OK
L1_run_001,S06,L1_run_001-TS06,PF102,V000308,27995.0,80.65,71.16,90.13,69.99,99.075,11.148,39.366,3.21,NOK
L1_run_001,S06,L1_run_001-TS06,PF102,V000309,28053.0,80.65,71.16,90.13,70.791,91.869,11.547,40.683,3.299,NOK
L1_run_001,S06,L1_run_001-TS06,PF102,V000310,28113.0,80.65,71.16,90.13,73.613,90.571,11.31,37.969,2.603,OK
L1_run_001,S06,L1_run_001-TS06,PF102,V000311,28178.0,80.65,71.16,90.13,75.313,90.192,11.307,40.604,2.602,OK
L1_run_001,S06,L1_run_001-TS06,PF102,V000312,28239.0,80.65,71.16,90.13,73.318,90.669,11.118,38.645,3.279,OK
L1_run_001,S06,L1_run_001-TS06,PF102,V000313,28304.0,80.65,71.16,90.13,72.652,88.663,11.266,37.188,2.748,OK
L1_run_001,S06,L1_run_001-TS06,PF102,V000314,28383.0,80.65,71.16,90.13,77.443,88.292,11.277,43.298,3.203,OK
L1_run_001,S06,L1_run_001-TS06,PF102,V000315,28468.0,80.65,71.16,90.13,75.243,91.655,11.903,38.389,2.791,OK
L1_run_001,S06,L1_run_001-TS06,PF102,V000316,28560.0,80.65,71.16,90.13,68.482,92.8,10.961,36.436,2.871,NOK
L1_run_001,S06,L1_run_001-TS06,PF102,V000317,28646.0,80.65,71.16,90.13,75.194,93.796,11.348,35.643,3.061,OK
L1_run_001,S06,L1_run_001-TS06,PF102,V000318,28730.0,80.65,71.16,90.13,72.371,86.727,11.866,40.855,2.897,OK
L1_run_001,S07,L1_run_001-TS07,PF103,V000001,391.0,54.86,47.58,62.14,53.099,91.072,11.435,35.371,3.045,OK
L1_run_001,S07,L1_run_001-TS07,PF103,V000002,505.0,54.86,47.58,62.14,56.44,88.582,12.204,36.339,2.877,OK
L1_run_001,S07,L1_run_001-TS07,PF103,V000003,571.0,54.86,47.58,62.14,52.773,87.031,10.388,34.595,3.183,OK
L1_run_001,S07,L1_run_001-TS07,PF103,V000004,633.0,54.86,47.58,62.14,52.223,92.601,10.918,36.599,3.271,OK
L1_run_001,S07,L1_run_001-TS07,PF103,V000005,686.0,54.86,47.58,62.14,56.178,90.48,11.249,38.65,3.365,OK
L1_run_001,S07,L1_run_001-TS07,PF103,V000006,754.0,54.86,47.58,62.14,56.95,88.24,11.229,36.111,3.163,OK
L1_run_001,S07,L1_run_001-TS07,PF103,V000007,811.0,54.86,47.58,62.14,53.331,90.739,11.777,38.351,2.739,OK
L1_run_001,S07,L1_run_001-TS07,PF103,V000008,899.0,54.86,47.58,62.14,54.313,90.301,11.315,37.73,3.178,OK
L1_run_001,S07,L1_run_001-TS07,PF103,V000009,948.0,54.86,47.58,62.14,53.36,87.967,12.241,35.759,3.102,OK
L1_run_001,S07,L1_run_001-TS07,PF103,V000010,1303.0,54.86,47.58,62.14,57.347,93.794,11.841,36.476,3.029,OK
L1_run_001,S07,L1_run_001-TS07,PF103,V000011,1359.0,54.86,47.58,62.14,56.755,87.528,10.859,37.917,3.12,OK
L1_run_001,S07,L1_run_001-TS07,PF103,V000012,1422.0,54.86,47.58,62.14,53.736,94.366,11.683,38.168,3.021,OK
L1_run_001,S07,L1_run_001-TS07,PF103,V000013,1466.0,54.86,47.58,62.14,54.329,90.945,11.603,35.058,3.356,OK
L1_run_001,S07,L1_run_001-TS07,PF103,V000014,1528.0,54.86,47.58,62.14,54.601,85.753,11.874,38.537,3.121,OK
L1_run_001,S07,L1_run_001-TS07,PF103,V000015,1582.0,54.86,47.58,62.14,56.677,92.561,11.408,36.371,3.418,OK
L1_run_001,S07,L1_run_001-TS07,PF103,V000016,1636.0,54.86,47.58,62.14,51.661,92.459,10.615,31.882,3.058,OK
L1_run_001,S07,L1_run_001-TS07,PF103,V000017,1687.0,54.86,47.58,62.14,52.254,100.968,11.148,37.288,3.086,OK
L1_run_001,S07,L1_run_001-TS07,PF103,V000018,1748.0,54.86,47.58,62.14,55.415,93.946,11.739,33.353,3.273,OK
L1_run_001,S07,L1_run_001-TS07,PF103,V000019,1799.0,54.86,47.58,62.14,54.857,93.661,11.026,34.444,3.283,OK
L1_run_001,S07,L1_run_001-TS07,PF103,V000020,1854.0,54.86,47.58,62.14,52.591,92.595,11.21,34.563,3.201,OK
L1_run_001,S07,L1_run_001-TS07,PF103,V000021,1900.0,54.86,47.58,62.14,57.169,90.478,11.16,35.518,3.073,OK
L1_run_001,S07,L1_run_001-TS07,PF103,V000022,2084.0,54.86,47.58,62.14,52.664,94.783,12.401,35.838,2.967,OK
L1_run_001,S07,L1_run_001-TS07,PF103,V000023,2130.0,54.86,47.58,62.14,54.125,90.061,11.479,37.565,2.78,OK
L1_run_001,S07,L1_run_001-TS07,PF103,V000024,2193.0,54.86,47.58,62.14,54.009,95.218,11.43,35.41,3.197,OK
L1_run_001,S07,L1_run_001-TS07,PF103,V000025,2249.0,54.86,47.58,62.14,54.156,92.599,11.801,37.48,3.139,OK
L1_run_001,S07,L1_run_001-TS07,PF103,V000026,2306.0,54.86,47.58,62.14,55.629,90.303,11.626,39.771,3.353,OK
L1_run_001,S07,L1_run_001-TS07,PF103,V000027,2351.0,54.86,47.58,62.14,57.122,96.021,11.222,34.488,3.281,OK
L1_run_001,S07,L1_run_001-TS07,PF103,V000028,2419.0,54.86,47.58,62.14,57.047,92.77,11.344,36.783,3.242,OK
L1_run_001,S07,L1_run_001-TS07,PF103,V000029,2480.0,54.86,47.58,62.14,56.013,92.063,11.449,34.03,3.102,OK
L1_run_001,S07,L1_run_001-TS07,PF103,V000030,2555.0,54.86,47.58,62.14,53.671,95.245,12.056,34.185,3.431,OK
L1_run_001,S07,L1_run_001-TS07,PF103,V000031,2608.0,54.86,47.58,62.14,57.203,89.773,11.659,35.593,3.146,OK
L1_run_001,S07,L1_run_001-TS07,PF103,V000032,2672.0,54.86,47.58,62.14,55.145,86.773,10.652,37.618,3.119,OK
L1_run_001,S07,L1_run_001-TS07,PF103,V000033,2733.0,54.86,47.58,62.14,52.08,94.363,11.398,39.51,3.043,OK
L1_run_001,S07,L1_run_001-TS07,PF103,V000034,2842.0,54.86,47.58,62.14,52.732,94.797,11.452,38.991,2.907,OK
L1_run_001,S07,L1_run_001-TS07,PF103,V000035,2906.0,54.86,47.58,62.14,52.58,90.711,11.157,32.796,3.026,OK
L1_run_001,S07,L1_run_001-TS07,PF103,V000036,2951.0,54.86,47.58,62.14,53.72,90.405,11.577,35.955,2.921,OK
L1_run_001,S07,L1_run_001-TS07,PF103,V000037,2997.0,54.86,47.58,62.14,57.486,89.922,11.343,37.639,3.029,OK
L1_run_001,S07,L1_run_001-TS07,PF103,V000038,3055.0,54.86,47.58,62.14,54.62,91.472,10.716,36.323,3.182,OK
L1_run_001,S07,L1_run_001-TS07,PF103,V000039,3135.0,54.86,47.58,62.14,57.79,87.488,12.348,38.365,3.246,OK
L1_run_001,S07,L1_run_001-TS07,PF103,V000040,3185.0,54.86,47.58,62.14,56.093,90.943,11.742,37.88,2.954,OK
L1_run_001,S07,L1_run_001-TS07,PF103,V000041,3251.0,54.86,47.58,62.14,57.641,93.772,11.562,38.655,3.149,OK
L1_run_001,S07,L1_run_001-TS07,PF103,V000042,3297.0,54.86,47.58,62.14,55.136,90.163,11.638,38.686,3.233,OK
L1_run_001,S07,L1_run_001-TS07,PF103,V000043,3345.0,54.86,47.58,62.14,55.933,86.956,11.939,34.539,2.917,OK
L1_run_001,S07,L1_run_001-TS07,PF103,V000044,3393.0,54.86,47.58,62.14,55.265,91.836,11.113,37.307,3.026,OK
L1_run_001,S07,L1_run_001-TS07,PF103,V000045,3446.0,54.86,47.58,62.14,56.105,92.488,10.859,38.52,2.966,OK
L1_run_001,S07,L1_run_001-TS07,PF103,V000046,3531.0,54.86,47.58,62.14,56.512,91.061,11.617,35.565,2.942,OK
L1_run_001,S07,L1_run_001-TS07,PF103,V000047,3582.0,54.86,47.58,62.14,50.659,95.685,11.562,36.481,3.47,OK
L1_run_001,S07,L1_run_001-TS07,PF103,V000048,3657.0,54.86,47.58,62.14,54.02,86.881,11.597,36.761,3.035,OK
L1_run_001,S07,L1_run_001-TS07,PF103,V000049,3714.0,54.86,47.58,62.14,55.167,90.221,12.566,36.293,2.989,OK
L1_run_001,S07,L1_run_001-TS07,PF103,V000050,3781.0,54.86,47.58,62.14,53.674,87.523,11.614,35.75,3.147,OK
L1_run_001,S07,L1_run_001-TS07,PF103,V000051,3879.0,54.86,47.58,62.14,53.369,88.516,11.676,36.297,2.903,OK
L1_run_001,S07,L1_run_001-TS07,PF103,V000052,3932.0,54.86,47.58,62.14,55.515,93.035,10.947,37.103,3.62,OK
L1_run_001,S07,L1_run_001-TS07,PF103,V000053,3979.0,54.86,47.58,62.14,54.439,96.647,11.205,38.906,3.219,OK
L1_run_001,S07,L1_run_001-TS07,PF103,V000054,4033.0,54.86,47.58,62.14,52.382,92.968,11.204,36.616,3.39,OK
L1_run_001,S07,L1_run_001-TS07,PF103,V000055,4097.0,54.86,47.58,62.14,50.641,91.025,10.877,35.333,3.353,OK
L1_run_001,S07,L1_run_001-TS07,PF103,V000056,4158.0,54.86,47.58,62.14,53.494,96.361,11.208,38.536,3.456,OK
L1_run_001,S07,L1_run_001-TS07,PF103,V000057,4223.0,54.86,47.58,62.14,59.653,95.098,11.529,36.046,3.099,OK
L1_run_001,S07,L1_run_001-TS07,PF103,V000058,4284.0,54.86,47.58,62.14,53.288,94.455,11.319,38.066,3.047,OK
L1_run_001,S07,L1_run_001-TS07,PF103,V000059,4334.0,54.86,47.58,62.14,54.971,90.221,10.771,37.709,3.221,OK
L1_run_001,S07,L1_run_001-TS07,PF103,V000060,4390.0,54.86,47.58,62.14,53.602,86.685,11.618,37.746,3.105,OK
L1_run_001,S07,L1_run_001-TS07,PF103,V000061,4439.0,54.86,47.58,62.14,56.827,91.099,11.465,37.886,2.973,OK
L1_run_001,S07,L1_run_001-TS07,PF103,V000062,4501.0,54.86,47.58,62.14,54.282,94.453,11.582,36.879,3.029,OK
L1_run_001,S07,L1_run_001-TS07,PF103,V000063,4584.0,54.86,47.58,62.14,53.942,94.167,10.829,36.289,2.952,OK
L1_run_001,S07,L1_run_001-TS07,PF103,V000064,4634.0,54.86,47.58,62.14,54.14,92.441,11.588,37.238,3.091,OK
L1_run_001,S07,L1_run_001-TS07,PF103,V000065,4694.0,54.86,47.58,62.14,55.332,90.966,11.589,36.49,3.127,OK
L1_run_001,S07,L1_run_001-TS07,PF103,V000066,4752.0,54.86,47.58,62.14,59.413,88.587,11.519,40.328,3.135,OK
L1_run_001,S07,L1_run_001-TS07,PF103,V000067,4818.0,54.86,47.58,62.14,52.542,92.089,11.814,37.088,3.258,OK
L1_run_001,S07,L1_run_001-TS07,PF103,V000068,4866.0,54.86,47.58,62.14,54.056,93.288,10.801,37.231,2.997,OK
L1_run_001,S07,L1_run_001-TS07,PF103,V000069,4925.0,54.86,47.58,62.14,56.951,93.285,12.034,41.916,3.053,OK
L1_run_001,S07,L1_run_001-TS07,PF103,V000070,4994.0,54.86,47.58,62.14,55.008,99.396,11.245,37.824,3.081,OK
L1_run_001,S07,L1_run_001-TS07,PF103,V000071,5058.0,54.86,47.58,62.14,52.443,88.211,10.87,37.612,3.173,OK
L1_run_001,S07,L1_run_001-TS07,PF103,V000072,5122.0,54.86,47.58,62.14,54.057,90.178,11.138,36.064,3.037,OK
L1_run_001,S07,L1_run_001-TS07,PF103,V000073,5184.0,54.86,47.58,62.14,54.752,90.607,11.958,38.211,2.815,OK
L1_run_001,S07,L1_run_001-TS07,PF103,V000074,5230.0,54.86,47.58,62.14,54.304,97.539,11.332,37.369,3.076,OK
L1_run_001,S07,L1_run_001-TS07,PF103,V000075,5285.0,54.86,47.58,62.14,56.003,93.834,11.826,37.022,3.192,OK
L1_run_001,S07,L1_run_001-TS07,PF103,V000076,5338.0,54.86,47.58,62.14,54.699,92.793,11.115,36.349,2.73,OK
L1_run_001,S07,L1_run_001-TS07,PF103,V000077,5406.0,54.86,47.58,62.14,54.495,87.5,11.211,35.096,3.135,OK
L1_run_001,S07,L1_run_001-TS07,PF103,V000078,5489.0,54.86,47.58,62.14,54.762,90.833,12.115,35.731,3.191,OK
L1_run_001,S07,L1_run_001-TS07,PF103,V000079,5551.0,54.86,47.58,62.14,53.598,86.148,11.314,34.664,3.376,OK
L1_run_001,S07,L1_run_001-TS07,PF103,V000080,5594.0,54.86,47.58,62.14,57.486,89.778,11.709,40.322,3.074,OK
L1_run_001,S07,L1_run_001-TS07,PF103,V000081,5642.0,54.86,47.58,62.14,57.206,91.591,11.09,35.09,3.239,OK
L1_run_001,S07,L1_run_001-TS07,PF103,V000082,5701.0,54.86,47.58,62.14,57.265,91.423,10.745,37.827,3.135,OK
L1_run_001,S07,L1_run_001-TS07,PF103,V000083,5754.0,54.86,47.58,62.14,53.595,90.201,10.995,35.392,2.721,OK
L1_run_001,S07,L1_run_001-TS07,PF103,V000084,5811.0,54.86,47.58,62.14,57.694,94.846,11.405,39.198,2.949,OK
L1_run_001,S07,L1_run_001-TS07,PF103,V000085,5869.0,54.86,47.58,62.14,55.753,92.094,11.771,38.816,3.275,OK
L1_run_001,S07,L1_run_001-TS07,PF103,V000086,5929.0,54.86,47.58,62.14,53.975,95.445,10.786,38.795,3.086,OK
L1_run_001,S07,L1_run_001-TS07,PF103,V000087,5983.0,54.86,47.58,62.14,52.413,92.738,11.359,37.385,3.18,OK
L1_run_001,S07,L1_run_001-TS07,PF103,V000088,6049.0,54.86,47.58,62.14,54.166,90.746,11.964,38.342,3.056,OK
L1_run_001,S07,L1_run_001-TS07,PF103,V000089,6107.0,54.86,47.58,62.14,52.832,90.684,11.269,35.013,2.88,OK
L1_run_001,S07,L1_run_001-TS07,PF103,V000090,6166.0,54.86,47.58,62.14,52.961,96.262,11.302,37.497,3.056,OK
L1_run_001,S07,L1_run_001-TS07,PF103,V000091,6510.0,54.86,47.58,62.14,56.835,93.223,10.754,35.29,3.439,OK
L1_run_001,S07,L1_run_001-TS07,PF103,V000092,6584.0,54.86,47.58,62.14,54.754,86.09,10.786,35.814,3.592,OK
L1_run_001,S07,L1_run_001-TS07,PF103,V000093,6651.0,54.86,47.58,62.14,53.466,90.581,12.478,39.004,3.204,OK
L1_run_001,S07,L1_run_001-TS07,PF103,V000094,6702.0,54.86,47.58,62.14,59.095,90.084,11.713,37.408,3.036,OK
L1_run_001,S07,L1_run_001-TS07,PF103,V000095,6773.0,54.86,47.58,62.14,56.568,94.301,12.73,37.434,3.045,OK
L1_run_001,S07,L1_run_001-TS07,PF103,V000096,6832.0,54.86,47.58,62.14,57.352,84.166,11.507,38.597,2.921,OK
L1_run_001,S07,L1_run_001-TS07,PF103,V000097,6881.0,54.86,47.58,62.14,54.532,92.723,12.158,35.935,2.904,OK
L1_run_001,S07,L1_run_001-TS07,PF103,V000098,6950.0,54.86,47.58,62.14,54.164,88.247,10.337,39.111,3.01,OK
L1_run_001,S07,L1_run_001-TS07,PF103,V000099,6997.0,54.86,47.58,62.14,54.351,91.657,11.875,36.533,3.127,OK
L1_run_001,S07,L1_run_001-TS07,PF103,V000100,7048.0,54.86,47.58,62.14,55.061,94.514,11.311,33.42,2.833,OK
L1_run_001,S07,L1_run_001-TS07,PF103,V000101,7116.0,54.86,47.58,62.14,57.639,94.531,11.687,38.741,3.137,OK
L1_run_001,S07,L1_run_001-TS07,PF103,V000102,7175.0,54.86,47.58,62.14,53.255,95.556,11.638,36.151,2.945,OK
L1_run_001,S07,L1_run_001-TS07,PF103,V000103,7828.0,54.86,47.58,62.14,56.6,92.627,11.382,36.35,2.964,OK
L1_run_001,S07,L1_run_001-TS07,PF103,V000104,7906.0,54.86,47.58,62.14,54.095,97.937,11.366,36.116,2.962,OK
L1_run_001,S07,L1_run_001-TS07,PF103,V000105,7971.0,54.86,47.58,62.14,57.435,87.38,11.76,39.643,3.096,OK
L1_run_001,S07,L1_run_001-TS07,PF103,V000106,8035.0,54.86,47.58,62.14,55.167,92.347,11.261,38.105,2.686,OK
L1_run_001,S07,L1_run_001-TS07,PF103,V000107,8094.0,54.86,47.58,62.14,55.396,90.148,10.803,35.858,3.088,OK
L1_run_001,S07,L1_run_001-TS07,PF103,V000108,8145.0,54.86,47.58,62.14,55.066,93.308,10.781,39.381,2.888,OK
L1_run_001,S07,L1_run_001-TS07,PF103,V000109,8206.0,54.86,47.58,62.14,55.479,90.184,10.674,38.115,2.939,OK
L1_run_001,S07,L1_run_001-TS07,PF103,V000110,8275.0,54.86,47.58,62.14,53.042,85.578,10.568,35.609,3.31,OK
L1_run_001,S07,L1_run_001-TS07,PF103,V000111,8340.0,54.86,47.58,62.14,56.509,92.29,11.451,38.213,3.42,OK
L1_run_001,S07,L1_run_001-TS07,PF103,V000112,8395.0,54.86,47.58,62.14,52.407,91.922,10.692,38.749,3.265,OK
L1_run_001,S07,L1_run_001-TS07,PF103,V000113,8446.0,54.86,47.58,62.14,54.305,93.824,11.945,35.937,3.261,OK
L1_run_001,S07,L1_run_001-TS07,PF103,V000114,8499.0,54.86,47.58,62.14,53.453,101.131,11.926,37.782,3.277,OK
L1_run_001,S07,L1_run_001-TS07,PF103,V000115,8561.0,54.86,47.58,62.14,55.358,87.996,10.826,37.423,2.642,OK
L1_run_001,S07,L1_run_001-TS07,PF103,V000116,8616.0,54.86,47.58,62.14,53.35,88.284,10.855,38.084,3.002,OK
L1_run_001,S07,L1_run_001-TS07,PF103,V000117,8678.0,54.86,47.58,62.14,54.327,93.926,11.533,36.105,3.0,OK
L1_run_001,S07,L1_run_001-TS07,PF103,V000118,8738.0,54.86,47.58,62.14,52.19,95.779,12.203,36.919,3.293,OK
L1_run_001,S07,L1_run_001-TS07,PF103,V000119,8810.0,54.86,47.58,62.14,55.505,93.13,11.436,36.416,3.549,OK
L1_run_001,S07,L1_run_001-TS07,PF103,V000120,8871.0,54.86,47.58,62.14,51.839,94.295,10.938,34.052,3.216,OK
L1_run_001,S07,L1_run_001-TS07,PF103,V000121,8927.0,54.86,47.58,62.14,55.197,92.135,11.497,37.184,3.045,OK
L1_run_001,S07,L1_run_001-TS07,PF103,V000122,9245.0,54.86,47.58,62.14,56.262,93.248,11.002,36.454,3.309,OK
L1_run_001,S07,L1_run_001-TS07,PF103,V000123,9298.0,54.86,47.58,62.14,52.914,95.428,11.815,33.716,3.145,OK
L1_run_001,S07,L1_run_001-TS07,PF103,V000124,9377.0,54.86,47.58,62.14,55.11,96.167,11.022,36.787,3.402,OK
L1_run_001,S07,L1_run_001-TS07,PF103,V000125,9537.0,54.86,47.58,62.14,53.383,95.137,11.602,37.014,3.194,OK
L1_run_001,S07,L1_run_001-TS07,PF103,V000126,9640.0,54.86,47.58,62.14,53.43,92.065,11.492,38.044,2.991,OK
L1_run_001,S07,L1_run_001-TS07,PF103,V000127,9690.0,54.86,47.58,62.14,53.82,89.708,11.32,36.936,3.228,OK
L1_run_001,S07,L1_run_001-TS07,PF103,V000128,9735.0,54.86,47.58,62.14,51.223,100.633,11.556,37.333,3.094,OK
L1_run_001,S07,L1_run_001-TS07,PF103,V000129,9780.0,54.86,47.58,62.14,57.208,89.904,11.01,35.793,3.235,OK
L1_run_001,S07,L1_run_001-TS07,PF103,V000130,9832.0,54.86,47.58,62.14,54.517,93.758,12.081,38.872,2.551,OK
L1_run_001,S07,L1_run_001-TS07,PF103,V000131,9886.0,54.86,47.58,62.14,52.133,94.809,11.229,41.835,3.121,OK
L1_run_001,S07,L1_run_001-TS07,PF103,V000132,9949.0,54.86,47.58,62.14,52.281,101.894,10.951,37.441,3.021,OK
L1_run_001,S07,L1_run_001-TS07,PF103,V000133,10006.0,54.86,47.58,62.14,53.033,94.884,11.249,34.59,3.042,OK
L1_run_001,S07,L1_run_001-TS07,PF103,V000134,10064.0,54.86,47.58,62.14,56.428,91.067,11.202,37.153,2.829,OK
L1_run_001,S07,L1_run_001-TS07,PF103,V000135,10116.0,54.86,47.58,62.14,55.805,87.641,11.985,37.465,3.509,OK
L1_run_001,S07,L1_run_001-TS07,PF103,V000136,10172.0,54.86,47.58,62.14,57.075,96.977,11.512,36.122,3.074,OK
L1_run_001,S07,L1_run_001-TS07,PF103,V000137,10238.0,54.86,47.58,62.14,50.746,91.51,11.466,40.383,3.368,OK
L1_run_001,S07,L1_run_001-TS07,PF103,V000138,10299.0,54.86,47.58,62.14,53.142,92.887,11.193,38.823,2.812,OK
L1_run_001,S07,L1_run_001-TS07,PF103,V000139,10365.0,54.86,47.58,62.14,57.656,95.585,12.095,36.415,2.956,OK
L1_run_001,S07,L1_run_001-TS07,PF103,V000140,10426.0,54.86,47.58,62.14,54.679,91.023,11.773,38.185,3.398,OK
L1_run_001,S07,L1_run_001-TS07,PF103,V000141,10486.0,54.86,47.58,62.14,54.544,90.24,11.322,36.201,2.936,OK
L1_run_001,S07,L1_run_001-TS07,PF103,V000142,10536.0,54.86,47.58,62.14,54.377,95.726,12.492,37.857,3.01,OK
L1_run_001,S07,L1_run_001-TS07,PF103,V000143,10599.0,54.86,47.58,62.14,50.164,93.79,11.016,37.882,3.23,OK
L1_run_001,S07,L1_run_001-TS07,PF103,V000144,10666.0,54.86,47.58,62.14,52.556,92.474,10.695,39.244,3.515,OK
L1_run_001,S07,L1_run_001-TS07,PF103,V000145,10729.0,54.86,47.58,62.14,53.963,93.984,11.886,40.017,3.24,OK
L1_run_001,S07,L1_run_001-TS07,PF103,V000146,10779.0,54.86,47.58,62.14,55.903,87.481,11.58,38.795,3.172,OK
L1_run_001,S07,L1_run_001-TS07,PF103,V000147,10845.0,54.86,47.58,62.14,55.485,92.787,11.445,37.282,2.998,OK
L1_run_001,S07,L1_run_001-TS07,PF103,V000148,10904.0,54.86,47.58,62.14,56.573,93.048,11.774,36.152,3.444,OK
L1_run_001,S07,L1_run_001-TS07,PF103,V000149,11172.0,54.86,47.58,62.14,57.053,93.767,11.587,38.329,3.342,OK
L1_run_001,S07,L1_run_001-TS07,PF103,V000150,11242.0,54.86,47.58,62.14,58.56,91.887,11.817,35.14,3.006,OK
L1_run_001,S07,L1_run_001-TS07,PF103,V000151,11309.0,54.86,47.58,62.14,55.064,88.355,11.604,36.379,2.949,OK
L1_run_001,S07,L1_run_001-TS07,PF103,V000152,11371.0,54.86,47.58,62.14,51.384,91.974,11.192,40.949,3.01,OK
L1_run_001,S07,L1_run_001-TS07,PF103,V000153,11420.0,54.86,47.58,62.14,55.905,89.013,11.143,39.261,2.788,OK
L1_run_001,S07,L1_run_001-TS07,PF103,V000154,11483.0,54.86,47.58,62.14,57.733,92.392,11.402,34.562,3.367,OK
L1_run_001,S07,L1_run_001-TS07,PF103,V000155,11534.0,54.86,47.58,62.14,56.438,94.841,11.818,35.671,3.113,OK
L1_run_001,S07,L1_run_001-TS07,PF103,V000156,11609.0,54.86,47.58,62.14,57.225,91.177,12.344,38.919,3.236,OK
L1_run_001,S07,L1_run_001-TS07,PF103,V000157,11667.0,54.86,47.58,62.14,52.465,89.44,11.406,35.904,2.825,OK
L1_run_001,S07,L1_run_001-TS07,PF103,V000158,11719.0,54.86,47.58,62.14,49.486,96.098,11.653,36.876,3.028,OK
L1_run_001,S07,L1_run_001-TS07,PF103,V000159,11773.0,54.86,47.58,62.14,53.684,89.712,11.046,39.851,3.495,OK
L1_run_001,S07,L1_run_001-TS07,PF103,V000160,11847.0,54.86,47.58,62.14,53.958,97.729,11.463,36.779,3.197,OK
L1_run_001,S07,L1_run_001-TS07,PF103,V000161,12041.0,54.86,47.58,62.14,53.612,91.383,11.38,39.841,3.09,OK
L1_run_001,S07,L1_run_001-TS07,PF103,V000162,12102.0,54.86,47.58,62.14,57.549,92.046,10.91,35.857,3.379,OK
L1_run_001,S07,L1_run_001-TS07,PF103,V000163,12157.0,54.86,47.58,62.14,54.173,91.875,10.995,36.76,3.224,OK
L1_run_001,S07,L1_run_001-TS07,PF103,V000164,12210.0,54.86,47.58,62.14,54.567,85.896,10.963,37.95,3.044,OK
L1_run_001,S07,L1_run_001-TS07,PF103,V000165,12272.0,54.86,47.58,62.14,52.283,93.879,11.335,35.461,2.995,OK
L1_run_001,S07,L1_run_001-TS07,PF103,V000166,12333.0,54.86,47.58,62.14,57.771,93.294,11.363,37.957,3.687,OK
L1_run_001,S07,L1_run_001-TS07,PF103,V000167,12403.0,54.86,47.58,62.14,50.945,94.762,11.563,40.203,3.248,OK
L1_run_001,S07,L1_run_001-TS07,PF103,V000168,12485.0,54.86,47.58,62.14,51.478,91.19,11.375,37.063,3.098,OK
L1_run_001,S07,L1_run_001-TS07,PF103,V000169,12578.0,54.86,47.58,62.14,52.853,95.949,11.377,38.973,3.203,OK
L1_run_001,S07,L1_run_001-TS07,PF103,V000170,12663.0,54.86,47.58,62.14,52.249,93.882,11.747,33.743,3.039,OK
L1_run_001,S07,L1_run_001-TS07,PF103,V000171,12750.0,54.86,47.58,62.14,56.373,92.189,11.356,39.719,3.01,OK
L1_run_001,S07,L1_run_001-TS07,PF103,V000172,12846.0,54.86,47.58,62.14,56.17,90.775,11.302,38.899,3.404,OK
L1_run_001,S07,L1_run_001-TS07,PF103,V000173,12930.0,54.86,47.58,62.14,53.535,96.881,11.479,35.115,3.246,OK
L1_run_001,S07,L1_run_001-TS07,PF103,V000174,13097.0,54.86,47.58,62.14,55.05,93.785,11.694,38.145,3.264,OK
L1_run_001,S07,L1_run_001-TS07,PF103,V000175,13165.0,54.86,47.58,62.14,51.64,93.647,11.493,36.851,3.478,OK
L1_run_001,S07,L1_run_001-TS07,PF103,V000176,13265.0,54.86,47.58,62.14,55.654,91.475,11.715,37.224,3.052,OK
L1_run_001,S07,L1_run_001-TS07,PF103,V000177,13341.0,54.86,47.58,62.14,55.868,88.626,11.89,37.722,3.109,OK
L1_run_001,S07,L1_run_001-TS07,PF103,V000178,13421.0,54.86,47.58,62.14,56.881,90.324,11.349,36.126,3.331,OK
L1_run_001,S07,L1_run_001-TS07,PF103,V000179,13539.0,54.86,47.58,62.14,52.524,93.185,11.619,38.748,2.744,OK
L1_run_001,S07,L1_run_001-TS07,PF103,V000180,13648.0,54.86,47.58,62.14,53.68,86.678,10.688,39.878,3.176,OK
L1_run_001,S07,L1_run_001-TS07,PF103,V000181,16319.0,54.86,47.58,62.14,53.012,92.206,11.142,35.641,2.982,OK
L1_run_001,S07,L1_run_001-TS07,PF103,V000182,16386.0,54.86,47.58,62.14,53.149,93.287,11.404,40.621,3.035,OK
L1_run_001,S07,L1_run_001-TS07,PF103,V000183,16618.0,54.86,47.58,62.14,53.65,97.941,10.956,36.421,3.526,OK
L1_run_001,S07,L1_run_001-TS07,PF103,V000184,16713.0,54.86,47.58,62.14,53.915,93.644,11.37,38.597,3.149,OK
L1_run_001,S07,L1_run_001-TS07,PF103,V000185,16816.0,54.86,47.58,62.14,55.529,94.615,10.768,36.046,3.479,OK
L1_run_001,S07,L1_run_001-TS07,PF103,V000186,16898.0,54.86,47.58,62.14,55.604,92.842,11.149,42.704,2.755,OK
L1_run_001,S07,L1_run_001-TS07,PF103,V000187,16989.0,54.86,47.58,62.14,56.045,90.344,10.799,36.146,2.975,OK
L1_run_001,S07,L1_run_001-TS07,PF103,V000188,17088.0,54.86,47.58,62.14,53.92,89.787,10.829,40.719,2.847,OK
L1_run_001,S07,L1_run_001-TS07,PF103,V000189,17173.0,54.86,47.58,62.14,56.751,90.428,11.57,39.298,2.873,OK
L1_run_001,S07,L1_run_001-TS07,PF103,V000190,17247.0,54.86,47.58,62.14,52.242,94.486,11.364,36.951,3.421,OK
L1_run_001,S07,L1_run_001-TS07,PF103,V000191,17320.0,54.86,47.58,62.14,56.109,92.892,11.96,36.217,2.978,OK
L1_run_001,S07,L1_run_001-TS07,PF103,V000192,17399.0,54.86,47.58,62.14,56.828,94.348,10.845,38.089,3.044,OK
L1_run_001,S07,L1_run_001-TS07,PF103,V000193,17502.0,54.86,47.58,62.14,53.495,93.153,11.331,36.826,2.858,OK
L1_run_001,S07,L1_run_001-TS07,PF103,V000194,17587.0,54.86,47.58,62.14,55.048,89.185,12.007,36.612,3.144,OK
L1_run_001,S07,L1_run_001-TS07,PF103,V000195,17671.0,54.86,47.58,62.14,57.176,95.425,12.275,41.619,3.152,OK
L1_run_001,S07,L1_run_001-TS07,PF103,V000196,17750.0,54.86,47.58,62.14,55.225,92.088,12.808,38.674,3.307,OK
L1_run_001,S07,L1_run_001-TS07,PF103,V000197,17842.0,54.86,47.58,62.14,53.727,89.112,11.655,40.798,3.103,OK
L1_run_001,S07,L1_run_001-TS07,PF103,V000198,17941.0,54.86,47.58,62.14,52.221,93.657,11.428,38.899,3.151,OK
L1_run_001,S07,L1_run_001-TS07,PF103,V000199,18540.0,54.86,47.58,62.14,54.725,89.431,11.436,39.287,3.133,OK
L1_run_001,S07,L1_run_001-TS07,PF103,V000200,18599.0,54.86,47.58,62.14,51.345,98.042,10.952,37.258,2.834,OK
L1_run_001,S07,L1_run_001-TS07,PF103,V000201,18673.0,54.86,47.58,62.14,54.344,89.527,11.446,35.311,3.17,OK
L1_run_001,S07,L1_run_001-TS07,PF103,V000202,18739.0,54.86,47.58,62.14,58.483,96.014,11.511,34.577,3.325,OK
L1_run_001,S07,L1_run_001-TS07,PF103,V000203,18805.0,54.86,47.58,62.14,54.95,94.688,12.105,38.774,2.892,OK
L1_run_001,S07,L1_run_001-TS07,PF103,V000204,18871.0,54.86,47.58,62.14,53.493,92.587,11.513,40.625,2.935,OK
L1_run_001,S07,L1_run_001-TS07,PF103,V000205,18923.0,54.86,47.58,62.14,54.941,90.021,11.493,39.28,3.325,OK
L1_run_001,S07,L1_run_001-TS07,PF103,V000206,18989.0,54.86,47.58,62.14,56.963,91.941,11.253,38.292,3.389,OK
L1_run_001,S07,L1_run_001-TS07,PF103,V000207,19052.0,54.86,47.58,62.14,55.13,91.034,12.743,35.975,3.204,OK
L1_run_001,S07,L1_run_001-TS07,PF103,V000208,19114.0,54.86,47.58,62.14,55.189,87.871,11.622,36.579,3.195,OK
L1_run_001,S07,L1_run_001-TS07,PF103,V000209,19174.0,54.86,47.58,62.14,53.936,95.539,11.606,38.916,3.432,OK
L1_run_001,S07,L1_run_001-TS07,PF103,V000210,19230.0,54.86,47.58,62.14,56.292,95.805,11.612,37.313,2.831,OK
L1_run_001,S07,L1_run_001-TS07,PF103,V000211,19293.0,54.86,47.58,62.14,50.394,88.902,11.842,37.504,2.884,OK
L1_run_001,S07,L1_run_001-TS07,PF103,V000212,19355.0,54.86,47.58,62.14,56.573,87.077,11.432,37.196,3.074,OK
L1_run_001,S07,L1_run_001-TS07,PF103,V000213,19466.0,54.86,47.58,62.14,55.618,87.546,12.172,41.11,3.167,OK
L1_run_001,S07,L1_run_001-TS07,PF103,V000214,19534.0,54.86,47.58,62.14,53.382,95.517,11.002,37.38,3.012,OK
L1_run_001,S07,L1_run_001-TS07,PF103,V000215,19606.0,54.86,47.58,62.14,53.125,92.768,10.932,38.789,3.112,OK
L1_run_001,S07,L1_run_001-TS07,PF103,V000216,19661.0,54.86,47.58,62.14,54.413,90.154,11.428,37.997,2.72,OK
L1_run_001,S07,L1_run_001-TS07,PF103,V000217,19729.0,54.86,47.58,62.14,56.458,88.921,11.121,39.2,3.042,OK
L1_run_001,S07,L1_run_001-TS07,PF103,V000218,19785.0,54.86,47.58,62.14,55.055,90.725,11.46,39.782,3.135,OK
L1_run_001,S07,L1_run_001-TS07,PF103,V000219,19839.0,54.86,47.58,62.14,57.105,88.88,12.408,38.716,3.356,OK
L1_run_001,S07,L1_run_001-TS07,PF103,V000220,19891.0,54.86,47.58,62.14,57.48,88.487,10.914,39.335,3.071,OK
L1_run_001,S07,L1_run_001-TS07,PF103,V000221,19982.0,54.86,47.58,62.14,55.531,85.363,11.669,37.784,3.069,OK
L1_run_001,S07,L1_run_001-TS07,PF103,V000222,20057.0,54.86,47.58,62.14,54.177,91.152,11.5,37.309,3.105,OK
L1_run_001,S07,L1_run_001-TS07,PF103,V000223,20140.0,54.86,47.58,62.14,56.732,94.666,11.554,38.028,2.765,OK
L1_run_001,S07,L1_run_001-TS07,PF103,V000224,20225.0,54.86,47.58,62.14,53.663,91.038,11.584,40.251,2.893,OK
L1_run_001,S07,L1_run_001-TS07,PF103,V000225,20296.0,54.86,47.58,62.14,56.626,90.267,11.89,37.026,2.94,OK
L1_run_001,S07,L1_run_001-TS07,PF103,V000226,20369.0,54.86,47.58,62.14,55.705,90.541,11.693,37.626,3.417,OK
L1_run_001,S07,L1_run_001-TS07,PF103,V000227,20444.0,54.86,47.58,62.14,55.352,91.59,10.995,39.695,3.213,OK
L1_run_001,S07,L1_run_001-TS07,PF103,V000228,20543.0,54.86,47.58,62.14,53.222,96.449,12.126,40.822,3.015,OK
L1_run_001,S07,L1_run_001-TS07,PF103,V000229,20632.0,54.86,47.58,62.14,53.205,94.965,12.189,41.715,3.323,OK
L1_run_001,S07,L1_run_001-TS07,PF103,V000230,20744.0,54.86,47.58,62.14,55.879,92.075,11.967,36.649,3.205,OK
L1_run_001,S07,L1_run_001-TS07,PF103,V000231,20838.0,54.86,47.58,62.14,53.821,91.418,10.514,38.19,3.036,OK
L1_run_001,S07,L1_run_001-TS07,PF103,V000232,20918.0,54.86,47.58,62.14,56.741,90.661,12.041,38.987,3.373,OK
L1_run_001,S07,L1_run_001-TS07,PF103,V000233,20996.0,54.86,47.58,62.14,55.788,89.972,11.611,38.577,3.32,OK
L1_run_001,S07,L1_run_001-TS07,PF103,V000234,21082.0,54.86,47.58,62.14,54.393,93.776,11.825,42.479,3.044,OK
L1_run_001,S07,L1_run_001-TS07,PF103,V000235,21161.0,54.86,47.58,62.14,50.75,95.02,11.764,38.281,2.823,OK
L1_run_001,S07,L1_run_001-TS07,PF103,V000236,21255.0,54.86,47.58,62.14,55.887,91.814,11.551,38.208,3.054,OK
L1_run_001,S07,L1_run_001-TS07,PF103,V000237,21324.0,54.86,47.58,62.14,53.1,93.942,11.61,39.067,3.142,OK
L1_run_001,S07,L1_run_001-TS07,PF103,V000238,21422.0,54.86,47.58,62.14,56.204,93.417,11.707,39.268,2.728,OK
L1_run_001,S07,L1_run_001-TS07,PF103,V000239,21497.0,54.86,47.58,62.14,57.986,89.915,11.482,40.138,2.977,OK
L1_run_001,S07,L1_run_001-TS07,PF103,V000240,21586.0,54.86,47.58,62.14,55.459,89.124,11.812,39.609,3.295,OK
L1_run_001,S07,L1_run_001-TS07,PF103,V000241,21675.0,54.86,47.58,62.14,56.939,86.505,10.929,37.927,3.226,OK
L1_run_001,S07,L1_run_001-TS07,PF103,V000242,21765.0,54.86,47.58,62.14,54.406,96.281,11.308,41.511,3.181,OK
L1_run_001,S07,L1_run_001-TS07,PF103,V000243,21855.0,54.86,47.58,62.14,53.073,97.247,11.08,39.68,3.129,OK
L1_run_001,S07,L1_run_001-TS07,PF103,V000244,22315.0,54.86,47.58,62.14,55.141,93.319,10.908,36.88,3.144,OK
L1_run_001,S07,L1_run_001-TS07,PF103,V000245,22378.0,54.86,47.58,62.14,52.208,91.194,11.383,42.568,3.294,OK
L1_run_001,S07,L1_run_001-TS07,PF103,V000246,22571.0,54.86,47.58,62.14,55.637,88.091,12.274,39.45,3.29,OK
L1_run_001,S07,L1_run_001-TS07,PF103,V000247,22628.0,54.86,47.58,62.14,52.078,96.106,11.86,37.726,3.596,OK
L1_run_001,S07,L1_run_001-TS07,PF103,V000248,22688.0,54.86,47.58,62.14,58.753,91.568,11.856,37.23,3.383,OK
L1_run_001,S07,L1_run_001-TS07,PF103,V000249,22758.0,54.86,47.58,62.14,53.021,90.624,11.885,36.872,3.092,OK
L1_run_001,S07,L1_run_001-TS07,PF103,V000250,22817.0,54.86,47.58,62.14,55.847,92.282,11.898,40.103,3.311,OK
L1_run_001,S07,L1_run_001-TS07,PF103,V000251,22870.0,54.86,47.58,62.14,55.117,94.124,11.969,39.323,3.02,OK
L1_run_001,S07,L1_run_001-TS07,PF103,V000252,22926.0,54.86,47.58,62.14,59.491,86.827,11.617,42.223,2.953,OK
L1_run_001,S07,L1_run_001-TS07,PF103,V000253,22991.0,54.86,47.58,62.14,55.345,95.228,11.336,38.74,2.724,OK
L1_run_001,S07,L1_run_001-TS07,PF103,V000254,23049.0,54.86,47.58,62.14,57.344,90.372,12.012,38.026,3.463,OK
L1_run_001,S07,L1_run_001-TS07,PF103,V000255,23111.0,54.86,47.58,62.14,52.451,93.791,11.069,37.761,3.152,OK
L1_run_001,S07,L1_run_001-TS07,PF103,V000256,23193.0,54.86,47.58,62.14,57.877,86.884,11.079,38.981,3.533,OK
L1_run_001,S07,L1_run_001-TS07,PF103,V000257,23264.0,54.86,47.58,62.14,54.136,91.154,11.94,36.724,3.402,OK
L1_run_001,S07,L1_run_001-TS07,PF103,V000258,23321.0,54.86,47.58,62.14,51.626,89.174,10.898,41.828,3.15,OK
L1_run_001,S07,L1_run_001-TS07,PF103,V000259,23374.0,54.86,47.58,62.14,55.516,96.612,11.22,39.904,3.173,OK
L1_run_001,S07,L1_run_001-TS07,PF103,V000260,24329.0,54.86,47.58,62.14,54.808,96.431,11.813,40.283,3.159,OK
L1_run_001,S07,L1_run_001-TS07,PF103,V000261,24390.0,54.86,47.58,62.14,53.565,97.187,11.834,40.846,2.943,OK
L1_run_001,S07,L1_run_001-TS07,PF103,V000262,24450.0,54.86,47.58,62.14,56.262,92.538,11.947,40.657,2.774,OK
L1_run_001,S07,L1_run_001-TS07,PF103,V000263,24507.0,54.86,47.58,62.14,52.948,91.623,11.693,36.68,3.349,OK
L1_run_001,S07,L1_run_001-TS07,PF103,V000264,24567.0,54.86,47.58,62.14,53.624,88.952,11.575,36.72,2.856,OK
L1_run_001,S07,L1_run_001-TS07,PF103,V000265,24635.0,54.86,47.58,62.14,54.421,93.069,10.572,42.01,2.798,OK
L1_run_001,S07,L1_run_001-TS07,PF103,V000266,24691.0,54.86,47.58,62.14,53.239,89.713,11.638,39.577,3.04,OK
L1_run_001,S07,L1_run_001-TS07,PF103,V000267,24758.0,54.86,47.58,62.14,55.24,95.381,11.532,42.566,3.033,OK
L1_run_001,S07,L1_run_001-TS07,PF103,V000268,24821.0,54.86,47.58,62.14,54.59,88.424,11.604,39.282,3.46,OK
L1_run_001,S07,L1_run_001-TS07,PF103,V000269,24885.0,54.86,47.58,62.14,55.576,93.022,11.779,39.768,2.833,OK
L1_run_001,S07,L1_run_001-TS07,PF103,V000270,24939.0,54.86,47.58,62.14,52.443,92.812,12.108,38.075,2.869,OK
L1_run_001,S07,L1_run_001-TS07,PF103,V000271,25000.0,54.86,47.58,62.14,56.108,91.916,11.445,36.666,3.336,OK
L1_run_001,S07,L1_run_001-TS07,PF103,V000272,25073.0,54.86,47.58,62.14,56.59,91.279,11.255,40.306,3.036,OK
L1_run_001,S07,L1_run_001-TS07,PF103,V000273,25137.0,54.86,47.58,62.14,55.431,94.705,11.833,40.628,3.164,OK
L1_run_001,S07,L1_run_001-TS07,PF103,V000274,25194.0,54.86,47.58,62.14,53.97,91.648,11.339,39.256,2.983,OK
L1_run_001,S07,L1_run_001-TS07,PF103,V000275,25249.0,54.86,47.58,62.14,55.374,92.21,11.172,40.705,3.381,OK
L1_run_001,S07,L1_run_001-TS07,PF103,V000276,25404.0,54.86,47.58,62.14,53.715,94.016,11.655,39.487,3.112,OK
L1_run_001,S07,L1_run_001-TS07,PF103,V000277,25473.0,54.86,47.58,62.14,59.163,91.244,12.602,39.113,3.089,OK
L1_run_001,S07,L1_run_001-TS07,PF103,V000278,25525.0,54.86,47.58,62.14,58.467,95.556,11.399,40.486,2.838,OK
L1_run_001,S07,L1_run_001-TS07,PF103,V000279,25908.0,54.86,47.58,62.14,54.883,93.214,11.384,39.238,3.376,OK
L1_run_001,S07,L1_run_001-TS07,PF103,V000280,26005.0,54.86,47.58,62.14,55.057,89.566,11.638,36.917,3.051,OK
L1_run_001,S07,L1_run_001-TS07,PF103,V000281,26055.0,54.86,47.58,62.14,53.14,91.226,11.414,40.874,3.046,OK
L1_run_001,S07,L1_run_001-TS07,PF103,V000282,26115.0,54.86,47.58,62.14,54.086,92.225,11.555,37.406,3.181,OK
L1_run_001,S07,L1_run_001-TS07,PF103,V000283,26169.0,54.86,47.58,62.14,55.632,92.344,11.722,40.953,3.003,OK
L1_run_001,S07,L1_run_001-TS07,PF103,V000284,26232.0,54.86,47.58,62.14,53.175,91.47,11.207,36.073,3.066,OK
L1_run_001,S07,L1_run_001-TS07,PF103,V000285,26288.0,54.86,47.58,62.14,53.771,92.165,11.89,38.513,3.237,OK
L1_run_001,S07,L1_run_001-TS07,PF103,V000286,26363.0,54.86,47.58,62.14,53.989,90.714,11.629,38.59,3.197,OK
L1_run_001,S07,L1_run_001-TS07,PF103,V000287,26507.0,54.86,47.58,62.14,57.565,86.635,11.533,38.224,3.074,OK
L1_run_001,S07,L1_run_001-TS07,PF103,V000288,26579.0,54.86,47.58,62.14,59.681,83.311,11.696,41.239,3.006,OK
L1_run_001,S07,L1_run_001-TS07,PF103,V000289,26641.0,54.86,47.58,62.14,56.118,91.9,11.425,40.577,2.921,OK
L1_run_001,S07,L1_run_001-TS07,PF103,V000290,26701.0,54.86,47.58,62.14,56.613,93.708,11.31,39.976,2.916,OK
L1_run_001,S07,L1_run_001-TS07,PF103,V000291,26764.0,54.86,47.58,62.14,54.373,88.573,11.407,37.741,3.141,OK
L1_run_001,S07,L1_run_001-TS07,PF103,V000292,26816.0,54.86,47.58,62.14,54.316,89.731,11.934,36.515,2.943,OK
L1_run_001,S07,L1_run_001-TS07,PF103,V000293,26877.0,54.86,47.58,62.14,56.223,94.055,11.848,38.204,3.15,OK
L1_run_001,S07,L1_run_001-TS07,PF103,V000294,26940.0,54.86,47.58,62.14,57.166,93.557,11.92,40.238,3.035,OK
L1_run_001,S07,L1_run_001-TS07,PF103,V000295,27000.0,54.86,47.58,62.14,55.828,95.25,10.724,35.773,3.313,OK
L1_run_001,S07,L1_run_001-TS07,PF103,V000296,27057.0,54.86,47.58,62.14,56.367,92.841,11.304,40.823,2.711,OK
L1_run_001,S07,L1_run_001-TS07,PF103,V000297,27129.0,54.86,47.58,62.14,55.471,87.679,11.021,40.83,2.861,OK
L1_run_001,S07,L1_run_001-TS07,PF103,V000298,27238.0,54.86,47.58,62.14,51.601,93.059,11.673,38.193,3.038,OK
L1_run_001,S07,L1_run_001-TS07,PF103,V000299,27349.0,54.86,47.58,62.14,54.819,88.921,11.464,37.337,2.728,OK
L1_run_001,S07,L1_run_001-TS07,PF103,V000300,27427.0,54.86,47.58,62.14,52.45,91.17,12.155,39.051,3.077,OK
L1_run_001,S07,L1_run_001-TS07,PF103,V000301,27737.0,54.86,47.58,62.14,57.998,86.69,11.655,40.827,3.013,OK
L1_run_001,S07,L1_run_001-TS07,PF103,V000302,27799.0,54.86,47.58,62.14,55.767,92.93,10.95,38.686,3.073,OK
L1_run_001,S07,L1_run_001-TS07,PF103,V000303,27867.0,54.86,47.58,62.14,57.126,87.959,12.18,40.415,2.729,OK
L1_run_001,S07,L1_run_001-TS07,PF103,V000304,27928.0,54.86,47.58,62.14,55.099,97.361,12.072,41.577,2.975,OK
L1_run_001,S07,L1_run_001-TS07,PF103,V000305,27995.0,54.86,47.58,62.14,53.362,93.566,11.302,37.059,3.251,OK
L1_run_001,S07,L1_run_001-TS07,PF103,V000306,28053.0,54.86,47.58,62.14,54.039,95.75,11.07,38.249,3.237,OK
L1_run_001,S07,L1_run_001-TS07,PF103,V000307,28113.0,54.86,47.58,62.14,56.267,89.624,11.753,37.437,3.348,OK
L1_run_001,S07,L1_run_001-TS07,PF103,V000308,28178.0,54.86,47.58,62.14,54.797,94.825,12.036,38.624,3.248,OK
L1_run_001,S07,L1_run_001-TS07,PF103,V000309,28239.0,54.86,47.58,62.14,52.533,93.516,11.537,37.78,3.137,OK
L1_run_001,S07,L1_run_001-TS07,PF103,V000310,28304.0,54.86,47.58,62.14,51.968,93.548,11.104,37.354,3.051,OK
L1_run_001,S07,L1_run_001-TS07,PF103,V000311,28383.0,54.86,47.58,62.14,54.269,91.374,11.827,38.902,3.309,OK
L1_run_001,S07,L1_run_001-TS07,PF103,V000312,28468.0,54.86,47.58,62.14,54.653,90.684,11.228,36.991,2.971,OK
L1_run_001,S07,L1_run_001-TS07,PF103,V000313,28560.0,54.86,47.58,62.14,55.547,91.833,10.737,40.995,3.241,OK
L1_run_001,S07,L1_run_001-TS07,PF103,V000314,28646.0,54.86,47.58,62.14,55.254,90.313,12.554,39.699,2.966,OK
L1_run_001,S07,L1_run_001-TS07,PF103,V000315,28730.0,54.86,47.58,62.14,56.194,92.577,11.999,38.743,2.979,OK
L1_run_001,S08,L1_run_001-TS08,PF104,V000001,453.0,36.31,33.17,39.45,35.536,91.509,10.844,35.351,3.195,OK
L1_run_001,S08,L1_run_001-TS08,PF104,V000002,562.0,36.31,33.17,39.45,36.445,87.375,10.72,36.21,2.93,OK
L1_run_001,S08,L1_run_001-TS08,PF104,V000003,629.0,36.31,33.17,39.45,36.193,93.653,11.524,35.387,3.467,OK
L1_run_001,S08,L1_run_001-TS08,PF104,V000004,688.0,36.31,33.17,39.45,35.67,93.797,11.482,38.962,3.364,OK
L1_run_001,S08,L1_run_001-TS08,PF104,V000005,756.0,36.31,33.17,39.45,35.713,91.978,10.864,37.255,3.196,OK
L1_run_001,S08,L1_run_001-TS08,PF104,V000006,815.0,36.31,33.17,39.45,35.795,93.548,11.409,34.674,3.079,OK
L1_run_001,S08,L1_run_001-TS08,PF104,V000007,886.0,36.31,33.17,39.45,36.354,89.17,11.005,36.586,2.97,OK
L1_run_001,S08,L1_run_001-TS08,PF104,V000008,960.0,36.31,33.17,39.45,37.377,84.478,11.904,35.281,3.206,OK
L1_run_001,S08,L1_run_001-TS08,PF104,V000009,1026.0,36.31,33.17,39.45,35.316,97.706,10.97,36.204,3.015,OK
L1_run_001,S08,L1_run_001-TS08,PF104,V000010,1376.0,36.31,33.17,39.45,36.351,91.336,10.98,38.835,3.569,OK
L1_run_001,S08,L1_run_001-TS08,PF104,V000011,1439.0,36.31,33.17,39.45,37.518,88.096,11.357,37.152,3.138,OK
L1_run_001,S08,L1_run_001-TS08,PF104,V000012,1488.0,36.31,33.17,39.45,36.343,95.385,11.838,36.515,2.905,OK
L1_run_001,S08,L1_run_001-TS08,PF104,V000013,1546.0,36.31,33.17,39.45,37.332,89.766,10.965,32.888,3.329,OK
L1_run_001,S08,L1_run_001-TS08,PF104,V000014,1618.0,36.31,33.17,39.45,36.833,100.833,11.155,36.926,2.975,OK
L1_run_001,S08,L1_run_001-TS08,PF104,V000015,1678.0,36.31,33.17,39.45,35.147,98.851,11.188,39.341,3.063,OK
L1_run_001,S08,L1_run_001-TS08,PF104,V000016,1744.0,36.31,33.17,39.45,35.987,96.711,11.553,37.581,3.157,OK
L1_run_001,S08,L1_run_001-TS08,PF104,V000017,1796.0,36.31,33.17,39.45,35.95,92.435,11.283,38.253,3.13,OK
L1_run_001,S08,L1_run_001-TS08,PF104,V000018,1850.0,36.31,33.17,39.45,35.776,96.223,11.573,37.342,3.141,OK
L1_run_001,S08,L1_run_001-TS08,PF104,V000019,1900.0,36.31,33.17,39.45,34.673,92.88,11.243,37.144,2.642,OK
L1_run_001,S08,L1_run_001-TS08,PF104,V000020,1964.0,36.31,33.17,39.45,36.223,93.856,11.368,37.867,3.151,OK
L1_run_001,S08,L1_run_001-TS08,PF104,V000021,2022.0,36.31,33.17,39.45,36.104,91.85,11.512,37.65,2.963,OK
L1_run_001,S08,L1_run_001-TS08,PF104,V000022,2147.0,36.31,33.17,39.45,36.154,89.649,11.812,40.561,2.894,OK
L1_run_001,S08,L1_run_001-TS08,PF104,V000023,2204.0,36.31,33.17,39.45,36.384,89.667,11.198,35.672,2.95,OK
L1_run_001,S08,L1_run_001-TS08,PF104,V000024,2260.0,36.31,33.17,39.45,37.365,91.477,11.781,36.195,2.827,OK
L1_run_001,S08,L1_run_001-TS08,PF104,V000025,2318.0,36.31,33.17,39.45,35.749,92.799,11.376,36.353,3.037,OK
L1_run_001,S08,L1_run_001-TS08,PF104,V000026,2378.0,36.31,33.17,39.45,35.597,97.338,11.222,35.699,2.97,OK
L1_run_001,S08,L1_run_001-TS08,PF104,V000027,2442.0,36.31,33.17,39.45,36.654,88.414,11.24,37.783,3.21,OK
L1_run_001,S08,L1_run_001-TS08,PF104,V000028,2504.0,36.31,33.17,39.45,37.441,94.188,10.783,36.233,3.229,OK
L1_run_001,S08,L1_run_001-TS08,PF104,V000029,2568.0,36.31,33.17,39.45,35.855,93.167,11.829,37.231,2.725,OK
L1_run_001,S08,L1_run_001-TS08,PF104,V000030,2637.0,36.31,33.17,39.45,35.669,98.371,10.749,34.004,3.125,OK
L1_run_001,S08,L1_run_001-TS08,PF104,V000031,2692.0,36.31,33.17,39.45,34.754,92.393,11.206,35.344,3.498,OK
L1_run_001,S08,L1_run_001-TS08,PF104,V000032,2735.0,36.31,33.17,39.45,36.777,93.07,11.332,35.003,3.188,OK
L1_run_001,S08,L1_run_001-TS08,PF104,V000033,2798.0,36.31,33.17,39.45,36.764,91.361,10.98,37.041,3.009,OK
L1_run_001,S08,L1_run_001-TS08,PF104,V000034,2903.0,36.31,33.17,39.45,35.855,97.931,11.193,34.52,3.301,OK
L1_run_001,S08,L1_run_001-TS08,PF104,V000035,2962.0,36.31,33.17,39.45,36.247,92.951,10.525,38.44,3.328,OK
L1_run_001,S08,L1_run_001-TS08,PF104,V000036,3022.0,36.31,33.17,39.45,36.433,94.535,11.367,36.226,3.298,OK
L1_run_001,S08,L1_run_001-TS08,PF104,V000037,3081.0,36.31,33.17,39.45,36.55,88.017,11.118,38.277,3.129,OK
L1_run_001,S08,L1_run_001-TS08,PF104,V000038,3132.0,36.31,33.17,39.45,35.362,94.446,11.875,36.361,3.155,OK
L1_run_001,S08,L1_run_001-TS08,PF104,V000039,3193.0,36.31,33.17,39.45,36.075,99.311,11.79,34.92,2.737,OK
L1_run_001,S08,L1_run_001-TS08,PF104,V000040,3242.0,36.31,33.17,39.45,35.325,92.24,11.38,37.037,3.32,OK
L1_run_001,S08,L1_run_001-TS08,PF104,V000041,3315.0,36.31,33.17,39.45,35.245,91.535,11.972,37.052,3.617,OK
L1_run_001,S08,L1_run_001-TS08,PF104,V000042,3374.0,36.31,33.17,39.45,36.742,91.617,11.405,37.584,2.798,OK
L1_run_001,S08,L1_run_001-TS08,PF104,V000043,3427.0,36.31,33.17,39.45,36.072,93.816,11.564,39.049,3.115,OK
L1_run_001,S08,L1_run_001-TS08,PF104,V000044,3485.0,36.31,33.17,39.45,37.898,86.586,12.261,34.675,2.754,OK
L1_run_001,S08,L1_run_001-TS08,PF104,V000045,3543.0,36.31,33.17,39.45,37.167,86.305,11.812,37.25,2.969,OK
L1_run_001,S08,L1_run_001-TS08,PF104,V000046,3601.0,36.31,33.17,39.45,35.306,93.606,10.965,34.884,3.242,OK
L1_run_001,S08,L1_run_001-TS08,PF104,V000047,3665.0,36.31,33.17,39.45,36.758,89.629,11.615,36.178,3.063,OK
L1_run_001,S08,L1_run_001-TS08,PF104,V000048,3732.0,36.31,33.17,39.45,34.541,91.98,11.339,35.527,3.186,OK
L1_run_001,S08,L1_run_001-TS08,PF104,V000049,3786.0,36.31,33.17,39.45,35.748,93.033,11.438,38.326,3.191,OK
L1_run_001,S08,L1_run_001-TS08,PF104,V000050,3846.0,36.31,33.17,39.45,36.737,91.347,11.043,35.233,3.079,OK
L1_run_001,S08,L1_run_001-TS08,PF104,V000051,3958.0,36.31,33.17,39.45,35.148,95.741,11.24,38.137,3.031,OK
L1_run_001,S08,L1_run_001-TS08,PF104,V000052,4022.0,36.31,33.17,39.45,35.547,88.783,11.709,37.618,3.018,OK
L1_run_001,S08,L1_run_001-TS08,PF104,V000053,4083.0,36.31,33.17,39.45,35.819,93.953,11.772,38.364,2.698,OK
L1_run_001,S08,L1_run_001-TS08,PF104,V000054,4131.0,36.31,33.17,39.45,35.128,92.056,11.822,39.993,2.847,OK
L1_run_001,S08,L1_run_001-TS08,PF104,V000055,4184.0,36.31,33.17,39.45,37.373,95.608,11.766,39.982,3.273,OK
L1_run_001,S08,L1_run_001-TS08,PF104,V000056,4250.0,36.31,33.17,39.45,37.869,90.299,11.29,35.954,3.51,OK
L1_run_001,S08,L1_run_001-TS08,PF104,V000057,4305.0,36.31,33.17,39.45,34.435,96.121,10.937,38.103,2.745,OK
L1_run_001,S08,L1_run_001-TS08,PF104,V000058,4354.0,36.31,33.17,39.45,36.877,91.295,11.213,37.609,3.181,OK
L1_run_001,S08,L1_run_001-TS08,PF104,V000059,4411.0,36.31,33.17,39.45,36.79,89.708,11.462,36.863,3.238,OK
L1_run_001,S08,L1_run_001-TS08,PF104,V000060,4473.0,36.31,33.17,39.45,36.769,91.616,11.048,35.474,3.085,OK
L1_run_001,S08,L1_run_001-TS08,PF104,V000061,4531.0,36.31,33.17,39.45,34.895,92.721,11.957,37.678,2.913,OK
L1_run_001,S08,L1_run_001-TS08,PF104,V000062,4574.0,36.31,33.17,39.45,36.723,91.594,11.381,36.525,3.122,OK
L1_run_001,S08,L1_run_001-TS08,PF104,V000063,4653.0,36.31,33.17,39.45,36.291,88.239,11.802,38.962,3.152,OK
L1_run_001,S08,L1_run_001-TS08,PF104,V000064,4720.0,36.31,33.17,39.45,37.271,92.641,11.16,37.091,2.913,OK
L1_run_001,S08,L1_run_001-TS08,PF104,V000065,4776.0,36.31,33.17,39.45,35.96,90.981,10.984,38.486,3.297,OK
L1_run_001,S08,L1_run_001-TS08,PF104,V000066,4838.0,36.31,33.17,39.45,36.286,94.532,11.309,38.085,2.851,OK
L1_run_001,S08,L1_run_001-TS08,PF104,V000067,4891.0,36.31,33.17,39.45,36.373,90.671,11.598,37.969,3.142,OK
L1_run_001,S08,L1_run_001-TS08,PF104,V000068,4950.0,36.31,33.17,39.45,37.07,89.191,10.623,36.987,3.105,OK
L1_run_001,S08,L1_run_001-TS08,PF104,V000069,5017.0,36.31,33.17,39.45,37.481,88.284,11.495,35.27,3.401,OK
L1_run_001,S08,L1_run_001-TS08,PF104,V000070,5082.0,36.31,33.17,39.45,37.256,88.272,11.789,35.775,3.068,OK
L1_run_001,S08,L1_run_001-TS08,PF104,V000071,5137.0,36.31,33.17,39.45,37.428,92.22,11.663,34.337,3.653,OK
L1_run_001,S08,L1_run_001-TS08,PF104,V000072,5199.0,36.31,33.17,39.45,37.109,90.562,10.917,37.488,3.025,OK
L1_run_001,S08,L1_run_001-TS08,PF104,V000073,5251.0,36.31,33.17,39.45,35.858,100.894,10.463,34.402,3.198,OK
L1_run_001,S08,L1_run_001-TS08,PF104,V000074,5316.0,36.31,33.17,39.45,35.894,98.417,10.756,33.71,3.243,OK
L1_run_001,S08,L1_run_001-TS08,PF104,V000075,5384.0,36.31,33.17,39.45,37.275,92.766,10.736,37.324,3.015,OK
L1_run_001,S08,L1_run_001-TS08,PF104,V000076,5444.0,36.31,33.17,39.45,36.64,94.684,11.162,41.239,3.465,OK
L1_run_001,S08,L1_run_001-TS08,PF104,V000077,5494.0,36.31,33.17,39.45,36.383,91.788,11.437,36.477,3.258,OK
L1_run_001,S08,L1_run_001-TS08,PF104,V000078,5561.0,36.31,33.17,39.45,35.712,96.766,10.856,37.296,2.975,OK
L1_run_001,S08,L1_run_001-TS08,PF104,V000079,5624.0,36.31,33.17,39.45,36.091,94.876,10.605,36.408,2.952,OK
L1_run_001,S08,L1_run_001-TS08,PF104,V000080,5677.0,36.31,33.17,39.45,36.888,91.264,10.804,40.189,3.4,OK
L1_run_001,S08,L1_run_001-TS08,PF104,V000081,5737.0,36.31,33.17,39.45,36.686,92.488,11.139,35.975,3.21,OK
L1_run_001,S08,L1_run_001-TS08,PF104,V000082,5795.0,36.31,33.17,39.45,37.528,94.403,10.791,38.191,3.413,OK
L1_run_001,S08,L1_run_001-TS08,PF104,V000083,5845.0,36.31,33.17,39.45,35.959,90.282,11.173,36.841,3.482,OK
L1_run_001,S08,L1_run_001-TS08,PF104,V000084,5899.0,36.31,33.17,39.45,36.493,94.409,11.086,39.648,3.26,OK
L1_run_001,S08,L1_run_001-TS08,PF104,V000085,5963.0,36.31,33.17,39.45,37.938,95.9,11.532,36.672,3.336,OK
L1_run_001,S08,L1_run_001-TS08,PF104,V000086,6021.0,36.31,33.17,39.45,35.929,99.19,9.486,41.93,3.23,OK
L1_run_001,S08,L1_run_001-TS08,PF104,V000087,6070.0,36.31,33.17,39.45,36.219,91.983,9.974,37.486,3.676,OK
L1_run_001,S08,L1_run_001-TS08,PF104,V000088,6128.0,36.31,33.17,39.45,35.234,97.164,10.713,39.921,3.343,OK
L1_run_001,S08,L1_run_001-TS08,PF104,V000089,6185.0,36.31,33.17,39.45,36.765,105.821,11.065,40.575,3.34,OK
L1_run_001,S08,L1_run_001-TS08,PF104,V000090,6237.0,36.31,33.17,39.45,36.396,102.662,10.454,41.037,3.29,OK
L1_run_001,S08,L1_run_001-TS08,PF104,V000091,6574.0,36.31,33.17,39.45,36.917,102.571,11.34,39.239,3.004,OK
L1_run_001,S08,L1_run_001-TS08,PF104,V000092,6646.0,36.31,33.17,39.45,36.553,100.597,9.965,39.294,3.48,OK
L1_run_001,S08,L1_run_001-TS08,PF104,V000093,6713.0,36.31,33.17,39.45,37.461,97.49,10.822,41.814,3.644,OK
L1_run_001,S08,L1_run_001-TS08,PF104,V000094,6765.0,36.31,33.17,39.45,36.59,99.94,10.165,40.755,3.42,OK
L1_run_001,S08,L1_run_001-TS08,PF104,V000095,6838.0,36.31,33.17,39.45,36.222,99.422,10.889,41.486,3.131,OK
L1_run_001,S08,L1_run_001-TS08,PF104,V000096,6891.0,36.31,33.17,39.45,34.689,103.475,10.418,39.481,3.496,OK
L1_run_001,S08,L1_run_001-TS08,PF104,V000097,6948.0,36.31,33.17,39.45,36.858,97.505,9.865,41.197,3.484,OK
L1_run_001,S08,L1_run_001-TS08,PF104,V000098,7025.0,36.31,33.17,39.45,37.079,100.817,9.781,40.334,3.27,OK
L1_run_001,S08,L1_run_001-TS08,PF104,V000099,7085.0,36.31,33.17,39.45,36.733,95.838,10.255,44.25,3.405,OK
L1_run_001,S08,L1_run_001-TS08,PF104,V000100,7143.0,36.31,33.17,39.45,36.493,98.767,10.894,41.726,3.609,OK
L1_run_001,S08,L1_run_001-TS08,PF104,V000101,7802.0,36.31,33.17,39.45,36.071,104.649,10.391,42.371,3.265,OK
L1_run_001,S08,L1_run_001-TS08,PF104,V000102,7854.0,36.31,33.17,39.45,36.292,100.388,10.267,41.529,2.945,OK
L1_run_001,S08,L1_run_001-TS08,PF104,V000103,7931.0,36.31,33.17,39.45,37.361,100.107,10.528,40.35,3.632,OK
L1_run_001,S08,L1_run_001-TS08,PF104,V000104,7982.0,36.31,33.17,39.45,35.617,103.97,10.296,37.325,3.661,OK
L1_run_001,S08,L1_run_001-TS08,PF104,V000105,8042.0,36.31,33.17,39.45,35.946,100.038,10.571,38.832,3.359,OK
L1_run_001,S08,L1_run_001-TS08,PF104,V000106,8115.0,36.31,33.17,39.45,34.193,105.918,9.216,41.989,3.382,OK
L1_run_001,S08,L1_run_001-TS08,PF104,V000107,8172.0,36.31,33.17,39.45,36.756,102.939,10.412,42.043,3.608,OK
L1_run_001,S08,L1_run_001-TS08,PF104,V000108,8275.0,36.31,33.17,39.45,36.661,104.506,10.781,40.929,3.487,OK
L1_run_001,S08,L1_run_001-TS08,PF104,V000109,8333.0,36.31,33.17,39.45,35.597,106.475,10.329,40.034,3.912,OK
L1_run_001,S08,L1_run_001-TS08,PF104,V000110,8395.0,36.31,33.17,39.45,36.739,99.13,9.781,39.965,3.68,OK
L1_run_001,S08,L1_run_001-TS08,PF104,V000111,8446.0,36.31,33.17,39.45,36.142,101.035,9.501,42.767,3.309,OK
L1_run_001,S08,L1_run_001-TS08,PF104,V000112,8499.0,36.31,33.17,39.45,34.44,110.508,9.812,43.245,3.497,OK
L1_run_001,S08,L1_run_001-TS08,PF104,V000113,8561.0,36.31,33.17,39.45,36.564,106.939,10.214,42.176,3.903,OK
L1_run_001,S08,L1_run_001-TS08,PF104,V000114,8616.0,36.31,33.17,39.45,36.405,107.448,9.644,43.079,3.275,OK
L1_run_001,S08,L1_run_001-TS08,PF104,V000115,8671.0,36.31,33.17,39.45,35.795,106.637,9.957,41.293,3.875,OK
L1_run_001,S08,L1_run_001-TS08,PF104,V000116,8738.0,36.31,33.17,39.45,34.719,114.408,10.283,38.373,3.364,OK
L1_run_001,S08,L1_run_001-TS08,PF104,V000117,8810.0,36.31,33.17,39.45,35.282,104.109,9.391,42.52,3.067,OK
L1_run_001,S08,L1_run_001-TS08,PF104,V000118,8871.0,36.31,33.17,39.45,36.9,110.911,10.26,44.832,3.813,OK
L1_run_001,S08,L1_run_001-TS08,PF104,V000119,8927.0,36.31,33.17,39.45,36.93,105.922,10.637,40.949,3.365,OK
L1_run_001,S08,L1_run_001-TS08,PF104,V000120,8991.0,36.31,33.17,39.45,36.806,107.295,10.315,43.377,3.732,OK
L1_run_001,S08,L1_run_001-TS08,PF104,V000121,9048.0,36.31,33.17,39.45,34.934,109.291,9.783,41.914,3.744,OK
L1_run_001,S08,L1_run_001-TS08,PF104,V000122,9319.0,36.31,33.17,39.45,35.761,108.919,9.902,40.71,3.847,OK
L1_run_001,S08,L1_run_001-TS08,PF104,V000123,9374.0,36.31,33.17,39.45,35.982,103.546,10.134,44.781,3.965,OK
L1_run_001,S08,L1_run_001-TS08,PF104,V000124,9442.0,36.31,33.17,39.45,37.029,103.304,10.225,39.71,3.616,OK
L1_run_001,S08,L1_run_001-TS08,PF104,V000125,9595.0,36.31,33.17,39.45,37.491,102.723,11.063,39.553,3.453,OK
L1_run_001,S08,L1_run_001-TS08,PF104,V000126,9715.0,36.31,33.17,39.45,36.49,106.684,10.355,40.092,3.166,OK
L1_run_001,S08,L1_run_001-TS08,PF104,V000127,9777.0,36.31,33.17,39.45,36.972,106.271,9.792,41.458,4.086,OK
L1_run_001,S08,L1_run_001-TS08,PF104,V000128,9832.0,36.31,33.17,39.45,36.194,109.541,10.345,40.44,3.423,OK
L1_run_001,S08,L1_run_001-TS08,PF104,V000129,9883.0,36.31,33.17,39.45,37.206,107.057,10.366,41.233,3.452,OK
L1_run_001,S08,L1_run_001-TS08,PF104,V000130,9949.0,36.31,33.17,39.45,37.111,105.723,10.721,40.325,3.697,OK
L1_run_001,S08,L1_run_001-TS08,PF104,V000131,10006.0,36.31,33.17,39.45,35.851,107.711,10.614,43.928,3.533,OK
L1_run_001,S08,L1_run_001-TS08,PF104,V000132,10064.0,36.31,33.17,39.45,36.44,104.962,9.703,41.564,3.554,OK
L1_run_001,S08,L1_run_001-TS08,PF104,V000133,10116.0,36.31,33.17,39.45,35.234,108.622,9.472,42.546,3.415,OK
L1_run_001,S08,L1_run_001-TS08,PF104,V000134,10164.0,36.31,33.17,39.45,36.631,101.25,10.487,44.061,3.696,OK
L1_run_001,S08,L1_run_001-TS08,PF104,V000135,10226.0,36.31,33.17,39.45,35.205,108.309,10.443,41.344,3.436,OK
L1_run_001,S08,L1_run_001-TS08,PF104,V000136,10299.0,36.31,33.17,39.45,35.11,108.391,10.462,41.941,3.498,OK
L1_run_001,S08,L1_run_001-TS08,PF104,V000137,10365.0,36.31,33.17,39.45,33.178,113.919,10.458,45.084,3.704,OK
L1_run_001,S08,L1_run_001-TS08,PF104,V000138,10423.0,36.31,33.17,39.45,35.465,104.54,9.955,41.896,3.897,OK
L1_run_001,S08,L1_run_001-TS08,PF104,V000139,10486.0,36.31,33.17,39.45,33.055,116.791,10.27,43.471,3.67,NOK
L1_run_001,S08,L1_run_001-TS08,PF104,V000140,10536.0,36.31,33.17,39.45,32.267,120.306,10.654,44.234,3.973,NOK
L1_run_001,S08,L1_run_001-TS08,PF104,V000141,10599.0,36.31,33.17,39.45,35.78,105.669,9.337,43.075,3.471,OK
L1_run_001,S08,L1_run_001-TS08,PF104,V000142,10660.0,36.31,33.17,39.45,35.902,104.583,10.111,42.333,3.595,OK
L1_run_001,S08,L1_run_001-TS08,PF104,V000143,10714.0,36.31,33.17,39.45,36.617,100.491,10.028,43.729,3.721,OK
L1_run_001,S08,L1_run_001-TS08,PF104,V000144,10765.0,36.31,33.17,39.45,36.599,101.341,9.43,42.351,3.337,OK
L1_run_001,S08,L1_run_001-TS08,PF104,V000145,10830.0,36.31,33.17,39.45,37.246,102.924,10.376,43.399,3.92,OK
L1_run_001,S08,L1_run_001-TS08,PF104,V000146,10880.0,36.31,33.17,39.45,36.809,103.637,9.859,41.404,3.707,OK
L1_run_001,S08,L1_run_001-TS08,PF104,V000147,10947.0,36.31,33.17,39.45,37.92,103.398,9.956,41.932,3.777,OK
L1_run_001,S08,L1_run_001-TS08,PF104,V000148,10992.0,36.31,33.17,39.45,36.869,104.781,10.219,42.442,3.514,OK
L1_run_001,S08,L1_run_001-TS08,PF104,V000149,11230.0,36.31,33.17,39.45,35.609,105.225,10.42,42.841,3.549,OK
L1_run_001,S08,L1_run_001-TS08,PF104,V000150,11303.0,36.31,33.17,39.45,35.775,107.493,9.743,43.053,3.469,OK
L1_run_001,S08,L1_run_001-TS08,PF104,V000151,11387.0,36.31,33.17,39.45,35.01,109.879,9.674,45.531,3.858,OK
L1_run_001,S08,L1_run_001-TS08,PF104,V000152,11440.0,36.31,33.17,39.45,34.691,102.923,10.472,44.281,3.435,OK
L1_run_001,S08,L1_run_001-TS08,PF104,V000153,11497.0,36.31,33.17,39.45,35.458,107.467,9.183,38.93,3.429,OK
L1_run_001,S08,L1_run_001-TS08,PF104,V000154,11546.0,36.31,33.17,39.45,36.05,100.969,9.981,43.355,3.788,OK
L1_run_001,S08,L1_run_001-TS08,PF104,V000155,11611.0,36.31,33.17,39.45,36.818,106.912,10.117,41.406,3.491,OK
L1_run_001,S08,L1_run_001-TS08,PF104,V000156,11668.0,36.31,33.17,39.45,36.245,107.571,10.863,42.051,3.59,OK
L1_run_001,S08,L1_run_001-TS08,PF104,V000157,11738.0,36.31,33.17,39.45,37.146,103.348,10.107,42.595,3.686,OK
L1_run_001,S08,L1_run_001-TS08,PF104,V000158,11847.0,36.31,33.17,39.45,35.717,108.806,10.538,41.63,3.578,OK
L1_run_001,S08,L1_run_001-TS08,PF104,V000159,11944.0,36.31,33.17,39.45,36.452,105.941,10.528,42.408,3.712,OK
L1_run_001,S08,L1_run_001-TS08,PF104,V000160,12018.0,36.31,33.17,39.45,36.121,105.691,10.444,42.296,3.813,OK
L1_run_001,S08,L1_run_001-TS08,PF104,V000161,12118.0,36.31,33.17,39.45,36.567,104.221,9.832,42.86,3.782,OK
L1_run_001,S08,L1_run_001-TS08,PF104,V000162,12181.0,36.31,33.17,39.45,36.703,109.356,9.885,41.85,3.968,OK
L1_run_001,S08,L1_run_001-TS08,PF104,V000163,12233.0,36.31,33.17,39.45,34.885,106.755,10.312,40.708,3.645,OK
L1_run_001,S08,L1_run_001-TS08,PF104,V000164,12303.0,36.31,33.17,39.45,35.314,99.235,10.016,42.16,3.855,OK
L1_run_001,S08,L1_run_001-TS08,PF104,V000165,12403.0,36.31,33.17,39.45,37.276,104.883,10.446,39.302,3.655,OK
L1_run_001,S08,L1_run_001-TS08,PF104,V000166,12485.0,36.31,33.17,39.45,32.183,110.953,10.017,42.633,3.458,NOK
L1_run_001,S08,L1_run_001-TS08,PF104,V000167,12578.0,36.31,33.17,39.45,37.236,105.86,10.202,40.887,3.428,OK
L1_run_001,S08,L1_run_001-TS08,PF104,V000168,12663.0,36.31,33.17,39.45,37.177,104.967,10.509,42.643,3.868,OK
L1_run_001,S08,L1_run_001-TS08,PF104,V000169,12750.0,36.31,33.17,39.45,35.864,103.69,9.932,43.24,3.655,OK
L1_run_001,S08,L1_run_001-TS08,PF104,V000170,12846.0,36.31,33.17,39.45,36.474,108.43,10.614,42.384,3.891,OK
L1_run_001,S08,L1_run_001-TS08,PF104,V000171,12930.0,36.31,33.17,39.45,36.321,101.47,10.111,42.785,3.313,OK
L1_run_001,S08,L1_run_001-TS08,PF104,V000172,13097.0,36.31,33.17,39.45,36.506,105.227,9.847,42.243,3.681,OK
L1_run_001,S08,L1_run_001-TS08,PF104,V000173,13165.0,36.31,33.17,39.45,35.526,109.314,10.387,43.631,3.841,OK
L1_run_001,S08,L1_run_001-TS08,PF104,V000174,13265.0,36.31,33.17,39.45,36.33,105.197,9.929,44.543,3.692,OK
L1_run_001,S08,L1_run_001-TS08,PF104,V000175,13341.0,36.31,33.17,39.45,35.836,105.677,10.473,42.6,3.813,OK
L1_run_001,S08,L1_run_001-TS08,PF104,V000176,13421.0,36.31,33.17,39.45,37.564,106.889,10.534,44.166,3.41,OK
L1_run_001,S08,L1_run_001-TS08,PF104,V000177,13539.0,36.31,33.17,39.45,36.426,103.025,9.939,43.315,3.727,OK
L1_run_001,S08,L1_run_001-TS08,PF104,V000178,13648.0,36.31,33.17,39.45,36.006,103.868,10.334,42.122,3.671,OK
L1_run_001,S08,L1_run_001-TS08,PF104,V000179,16319.0,36.31,33.17,39.45,35.483,107.933,10.485,44.414,3.575,OK
L1_run_001,S08,L1_run_001-TS08,PF104,V000180,16386.0,36.31,33.17,39.45,35.544,100.871,10.132,46.102,3.63,OK
L1_run_001,S08,L1_run_001-TS08,PF104,V000181,16618.0,36.31,33.17,39.45,36.636,105.675,10.582,44.726,3.38,OK
L1_run_001,S08,L1_run_001-TS08,PF104,V000182,16713.0,36.31,33.17,39.45,31.925,120.248,9.967,44.161,3.725,NOK
L1_run_001,S08,L1_run_001-TS08,PF104,V000183,16816.0,36.31,33.17,39.45,37.41,106.102,10.668,44.961,3.37,OK
L1_run_001,S08,L1_run_001-TS08,PF104,V000184,16898.0,36.31,33.17,39.45,31.179,122.263,9.428,44.311,3.352,NOK
L1_run_001,S08,L1_run_001-TS08,PF104,V000185,16989.0,36.31,33.17,39.45,37.255,101.522,10.65,43.038,3.482,OK
L1_run_001,S08,L1_run_001-TS08,PF104,V000186,17088.0,36.31,33.17,39.45,37.812,104.224,11.015,42.677,3.672,OK
L1_run_001,S08,L1_run_001-TS08,PF104,V000187,17173.0,36.31,33.17,39.45,36.248,98.802,9.924,42.065,3.602,OK
L1_run_001,S08,L1_run_001-TS08,PF104,V000188,17247.0,36.31,33.17,39.45,35.302,103.326,10.841,44.602,3.444,OK
L1_run_001,S08,L1_run_001-TS08,PF104,V000189,17320.0,36.31,33.17,39.45,35.525,107.327,10.551,40.73,3.604,OK
L1_run_001,S08,L1_run_001-TS08,PF104,V000190,17399.0,36.31,33.17,39.45,36.502,103.337,10.212,43.197,3.379,OK
L1_run_001,S08,L1_run_001-TS08,PF104,V000191,17502.0,36.31,33.17,39.45,36.2,102.359,10.316,42.924,3.717,OK
L1_run_001,S08,L1_run_001-TS08,PF104,V000192,17587.0,36.31,33.17,39.45,36.73,100.868,10.549,41.486,3.595,OK
L1_run_001,S08,L1_run_001-TS08,PF104,V000193,17671.0,36.31,33.17,39.45,37.167,110.84,10.52,43.192,3.355,OK
L1_run_001,S08,L1_run_001-TS08,PF104,V000194,17750.0,36.31,33.17,39.45,36.845,100.299,10.55,41.332,3.923,OK
L1_run_001,S08,L1_run_001-TS08,PF104,V000195,17842.0,36.31,33.17,39.45,35.111,107.607,10.334,41.93,3.655,OK
L1_run_001,S08,L1_run_001-TS08,PF104,V000196,17941.0,36.31,33.17,39.45,36.542,105.315,9.713,42.902,3.45,OK
L1_run_001,S08,L1_run_001-TS08,PF104,V000197,18540.0,36.31,33.17,39.45,36.002,104.104,9.892,45.24,3.869,OK
L1_run_001,S08,L1_run_001-TS08,PF104,V000198,18599.0,36.31,33.17,39.45,36.318,102.171,9.583,44.95,3.304,OK
L1_run_001,S08,L1_run_001-TS08,PF104,V000199,18673.0,36.31,33.17,39.45,36.778,104.791,10.241,45.104,3.755,OK
L1_run_001,S08,L1_run_001-TS08,PF104,V000200,18739.0,36.31,33.17,39.45,35.922,102.759,9.72,47.881,3.874,OK
L1_run_001,S08,L1_run_001-TS08,PF104,V000201,18805.0,36.31,33.17,39.45,35.688,110.214,10.026,42.342,3.52,OK
L1_run_001,S08,L1_run_001-TS08,PF104,V000202,18871.0,36.31,33.17,39.45,36.183,103.234,10.113,45.265,3.788,OK
L1_run_001,S08,L1_run_001-TS08,PF104,V000203,18923.0,36.31,33.17,39.45,37.196,105.037,10.308,41.824,3.735,OK
L1_run_001,S08,L1_run_001-TS08,PF104,V000204,18989.0,36.31,33.17,39.45,31.711,114.307,10.714,43.551,3.745,NOK
L1_run_001,S08,L1_run_001-TS08,PF104,V000205,19052.0,36.31,33.17,39.45,35.861,107.647,10.324,43.885,3.442,OK
L1_run_001,S08,L1_run_001-TS08,PF104,V000206,19114.0,36.31,33.17,39.45,36.049,109.027,10.828,42.34,3.312,OK
L1_run_001,S08,L1_run_001-TS08,PF104,V000207,19174.0,36.31,33.17,39.45,37.196,104.734,9.94,44.236,3.49,OK
L1_run_001,S08,L1_run_001-TS08,PF104,V000208,19230.0,36.31,33.17,39.45,36.909,105.877,10.857,44.022,3.513,OK
L1_run_001,S08,L1_run_001-TS08,PF104,V000209,19293.0,36.31,33.17,39.45,36.451,102.415,10.725,46.49,3.704,OK
L1_run_001,S08,L1_run_001-TS08,PF104,V000210,19355.0,36.31,33.17,39.45,35.927,104.537,10.427,43.439,3.783,OK
L1_run_001,S08,L1_run_001-TS08,PF104,V000211,19466.0,36.31,33.17,39.45,36.906,106.977,9.633,44.041,4.058,OK
L1_run_001,S08,L1_run_001-TS08,PF104,V000212,19534.0,36.31,33.17,39.45,35.166,109.141,10.21,44.639,3.347,OK
L1_run_001,S08,L1_run_001-TS08,PF104,V000213,19587.0,36.31,33.17,39.45,33.957,116.223,10.475,45.308,3.676,OK
L1_run_001,S08,L1_run_001-TS08,PF104,V000214,19657.0,36.31,33.17,39.45,35.83,105.722,10.685,44.016,3.372,OK
L1_run_001,S08,L1_run_001-TS08,PF104,V000215,19707.0,36.31,33.17,39.45,34.875,106.044,9.942,42.977,3.626,OK
L1_run_001,S08,L1_run_001-TS08,PF104,V000216,19768.0,36.31,33.17,39.45,35.849,106.837,10.463,42.86,3.412,OK
L1_run_001,S08,L1_run_001-TS08,PF104,V000217,19829.0,36.31,33.17,39.45,36.351,103.71,10.858,46.044,3.723,OK
L1_run_001,S08,L1_run_001-TS08,PF104,V000218,19884.0,36.31,33.17,39.45,35.686,103.4,10.848,44.233,3.435,OK
L1_run_001,S08,L1_run_001-TS08,PF104,V000219,19982.0,36.31,33.17,39.45,36.873,105.566,11.006,45.24,3.71,OK
L1_run_001,S08,L1_run_001-TS08,PF104,V000220,20057.0,36.31,33.17,39.45,35.41,103.927,10.187,43.959,3.39,OK
L1_run_001,S08,L1_run_001-TS08,PF104,V000221,20140.0,36.31,33.17,39.45,35.379,105.737,10.036,43.228,3.64,OK
L1_run_001,S08,L1_run_001-TS08,PF104,V000222,20225.0,36.31,33.17,39.45,36.942,105.664,10.436,44.044,3.529,OK
L1_run_001,S08,L1_run_001-TS08,PF104,V000223,20296.0,36.31,33.17,39.45,37.017,107.698,10.52,40.857,3.707,OK
L1_run_001,S08,L1_run_001-TS08,PF104,V000224,20369.0,36.31,33.17,39.45,37.446,100.85,11.026,43.393,3.639,OK
L1_run_001,S08,L1_run_001-TS08,PF104,V000225,20444.0,36.31,33.17,39.45,33.117,110.148,10.663,44.424,3.685,NOK
L1_run_001,S08,L1_run_001-TS08,PF104,V000226,20543.0,36.31,33.17,39.45,36.583,99.829,10.416,43.588,3.943,OK
L1_run_001,S08,L1_run_001-TS08,PF104,V000227,20632.0,36.31,33.17,39.45,35.682,108.411,10.372,41.026,3.542,OK
L1_run_001,S08,L1_run_001-TS08,PF104,V000228,20744.0,36.31,33.17,39.45,35.087,106.437,9.747,45.062,3.623,OK
L1_run_001,S08,L1_run_001-TS08,PF104,V000229,20838.0,36.31,33.17,39.45,37.193,99.129,10.557,44.318,3.746,OK
L1_run_001,S08,L1_run_001-TS08,PF104,V000230,20918.0,36.31,33.17,39.45,35.659,103.806,10.092,47.15,3.05,OK
L1_run_001,S08,L1_run_001-TS08,PF104,V000231,20996.0,36.31,33.17,39.45,33.878,112.325,10.618,41.882,3.426,OK
L1_run_001,S08,L1_run_001-TS08,PF104,V000232,21082.0,36.31,33.17,39.45,31.638,112.463,10.64,43.63,3.779,NOK
L1_run_001,S08,L1_run_001-TS08,PF104,V000233,21161.0,36.31,33.17,39.45,36.425,108.948,10.613,40.116,3.571,OK
L1_run_001,S08,L1_run_001-TS08,PF104,V000234,21255.0,36.31,33.17,39.45,36.513,105.666,10.699,44.164,3.826,OK
L1_run_001,S08,L1_run_001-TS08,PF104,V000235,21324.0,36.31,33.17,39.45,36.26,104.189,10.783,43.946,3.645,OK
L1_run_001,S08,L1_run_001-TS08,PF104,V000236,21422.0,36.31,33.17,39.45,34.862,102.464,10.705,45.09,3.615,OK
L1_run_001,S08,L1_run_001-TS08,PF104,V000237,21497.0,36.31,33.17,39.45,37.608,104.065,10.255,41.67,3.369,OK
L1_run_001,S08,L1_run_001-TS08,PF104,V000238,21586.0,36.31,33.17,39.45,36.569,107.081,10.616,43.566,3.971,OK
L1_run_001,S08,L1_run_001-TS08,PF104,V000239,21675.0,36.31,33.17,39.45,38.72,103.131,10.351,40.964,3.497,OK
L1_run_001,S08,L1_run_001-TS08,PF104,V000240,21765.0,36.31,33.17,39.45,35.015,107.413,9.683,44.424,3.342,OK
L1_run_001,S08,L1_run_001-TS08,PF104,V000241,21855.0,36.31,33.17,39.45,34.186,116.02,10.395,44.013,3.654,OK
L1_run_001,S08,L1_run_001-TS08,PF104,V000242,22315.0,36.31,33.17,39.45,36.188,104.515,9.698,44.39,3.561,OK
L1_run_001,S08,L1_run_001-TS08,PF104,V000243,22378.0,36.31,33.17,39.45,36.956,102.095,10.141,40.182,3.759,OK
L1_run_001,S08,L1_run_001-TS08,PF104,V000244,22571.0,36.31,33.17,39.45,36.64,107.306,10.785,41.775,3.548,OK
L1_run_001,S08,L1_run_001-TS08,PF104,V000245,22628.0,36.31,33.17,39.45,35.817,105.126,10.406,41.282,3.284,OK
L1_run_001,S08,L1_run_001-TS08,PF104,V000246,22688.0,36.31,33.17,39.45,36.875,100.675,10.445,42.458,3.731,OK
L1_run_001,S08,L1_run_001-TS08,PF104,V000247,22758.0,36.31,33.17,39.45,35.724,106.421,10.214,41.294,3.552,OK
L1_run_001,S08,L1_run_001-TS08,PF104,V000248,22811.0,36.31,33.17,39.45,35.252,111.806,9.36,44.048,3.466,OK
L1_run_001,S08,L1_run_001-TS08,PF104,V000249,22870.0,36.31,33.17,39.45,38.378,104.282,10.62,41.924,3.827,OK
L1_run_001,S08,L1_run_001-TS08,PF104,V000250,22925.0,36.31,33.17,39.45,35.429,108.403,10.413,44.4,3.529,OK
L1_run_001,S08,L1_run_001-TS08,PF104,V000251,22991.0,36.31,33.17,39.45,36.043,104.056,10.126,45.247,3.711,OK
L1_run_001,S08,L1_run_001-TS08,PF104,V000252,23045.0,36.31,33.17,39.45,37.065,110.619,10.668,45.485,3.375,OK
L1_run_001,S08,L1_run_001-TS08,PF104,V000253,23106.0,36.31,33.17,39.45,35.379,106.345,10.597,45.72,3.422,OK
L1_run_001,S08,L1_run_001-TS08,PF104,V000254,23170.0,36.31,33.17,39.45,36.642,108.963,10.139,43.08,3.69,OK
L1_run_001,S08,L1_run_001-TS08,PF104,V000255,23234.0,36.31,33.17,39.45,30.18,114.737,10.062,40.486,3.615,NOK
L1_run_001,S08,L1_run_001-TS08,PF104,V000256,23299.0,36.31,33.17,39.45,36.646,104.41,10.241,45.615,3.658,OK
L1_run_001,S08,L1_run_001-TS08,PF104,V000257,23362.0,36.31,33.17,39.45,36.166,103.873,10.894,42.554,3.726,OK
L1_run_001,S08,L1_run_001-TS08,PF104,V000258,24329.0,36.31,33.17,39.45,37.685,105.801,10.332,45.044,3.79,OK
L1_run_001,S08,L1_run_001-TS08,PF104,V000259,24390.0,36.31,33.17,39.45,33.766,107.536,10.148,44.634,3.417,OK
L1_run_001,S08,L1_run_001-TS08,PF104,V000260,24450.0,36.31,33.17,39.45,38.083,107.029,10.532,46.824,3.5,OK
L1_run_001,S08,L1_run_001-TS08,PF104,V000261,24507.0,36.31,33.17,39.45,35.594,110.023,9.933,44.875,3.858,OK
L1_run_001,S08,L1_run_001-TS08,PF104,V000262,24567.0,36.31,33.17,39.45,36.829,101.606,9.72,44.724,3.659,OK
L1_run_001,S08,L1_run_001-TS08,PF104,V000263,24635.0,36.31,33.17,39.45,35.111,106.247,10.325,41.34,3.777,OK
L1_run_001,S08,L1_run_001-TS08,PF104,V000264,24691.0,36.31,33.17,39.45,35.615,109.863,10.168,43.643,3.265,OK
L1_run_001,S08,L1_run_001-TS08,PF104,V000265,24758.0,36.31,33.17,39.45,36.682,110.006,10.448,44.29,3.938,OK
L1_run_001,S08,L1_run_001-TS08,PF104,V000266,24821.0,36.31,33.17,39.45,35.183,106.164,10.349,45.653,3.659,OK
L1_run_001,S08,L1_run_001-TS08,PF104,V000267,24881.0,36.31,33.17,39.45,36.984,104.757,10.587,44.9,3.37,OK
L1_run_001,S08,L1_run_001-TS08,PF104,V000268,24935.0,36.31,33.17,39.45,36.167,107.19,10.329,43.703,3.671,OK
L1_run_001,S08,L1_run_001-TS08,PF104,V000269,24999.0,36.31,33.17,39.45,35.86,106.771,9.945,44.517,3.604,OK
L1_run_001,S08,L1_run_001-TS08,PF104,V000270,25073.0,36.31,33.17,39.45,37.042,101.199,9.99,42.612,3.421,OK
L1_run_001,S08,L1_run_001-TS08,PF104,V000271,25137.0,36.31,33.17,39.45,36.371,107.192,10.008,45.347,3.63,OK
L1_run_001,S08,L1_run_001-TS08,PF104,V000272,25194.0,36.31,33.17,39.45,36.095,104.617,9.946,44.524,3.378,OK
L1_run_001,S08,L1_run_001-TS08,PF104,V000273,25249.0,36.31,33.17,39.45,35.738,106.933,10.106,46.177,3.627,OK
L1_run_001,S08,L1_run_001-TS08,PF104,V000274,25325.0,36.31,33.17,39.45,37.74,105.931,10.632,45.264,3.387,OK
L1_run_001,S08,L1_run_001-TS08,PF104,V000275,25421.0,36.31,33.17,39.45,37.224,105.691,9.826,40.442,3.759,OK
L1_run_001,S08,L1_run_001-TS08,PF104,V000276,25521.0,36.31,33.17,39.45,37.777,103.854,11.089,43.966,3.428,OK
L1_run_001,S08,L1_run_001-TS08,PF104,V000277,25908.0,36.31,33.17,39.45,34.319,110.395,9.472,42.541,3.538,OK
L1_run_001,S08,L1_run_001-TS08,PF104,V000278,25980.0,36.31,33.17,39.45,37.609,103.106,9.585,43.56,3.907,OK
L1_run_001,S08,L1_run_001-TS08,PF104,V000279,26046.0,36.31,33.17,39.45,35.328,108.573,9.894,44.53,3.623,OK
L1_run_001,S08,L1_run_001-TS08,PF104,V000280,26105.0,36.31,33.17,39.45,37.098,95.196,10.411,45.637,3.346,OK
L1_run_001,S08,L1_run_001-TS08,PF104,V000281,26167.0,36.31,33.17,39.45,34.045,112.507,10.215,43.572,3.447,OK
L1_run_001,S08,L1_run_001-TS08,PF104,V000282,26232.0,36.31,33.17,39.45,35.846,107.334,10.288,43.037,3.592,OK
L1_run_001,S08,L1_run_001-TS08,PF104,V000283,26288.0,36.31,33.17,39.45,36.35,107.128,10.221,46.697,3.864,OK
L1_run_001,S08,L1_run_001-TS08,PF104,V000284,26363.0,36.31,33.17,39.45,35.544,108.071,9.193,44.614,3.826,OK
L1_run_001,S08,L1_run_001-TS08,PF104,V000285,26507.0,36.31,33.17,39.45,37.327,98.94,10.603,43.244,3.66,OK
L1_run_001,S08,L1_run_001-TS08,PF104,V000286,26579.0,36.31,33.17,39.45,36.172,104.008,10.912,44.908,3.672,OK
L1_run_001,S08,L1_run_001-TS08,PF104,V000287,26641.0,36.31,33.17,39.45,36.759,106.725,10.134,49.657,3.703,OK
L1_run_001,S08,L1_run_001-TS08,PF104,V000288,26701.0,36.31,33.17,39.45,36.66,101.647,10.523,41.267,3.494,OK
L1_run_001,S08,L1_run_001-TS08,PF104,V000289,26764.0,36.31,33.17,39.45,31.833,117.142,10.186,46.331,3.462,NOK
L1_run_001,S08,L1_run_001-TS08,PF104,V000290,26816.0,36.31,33.17,39.45,35.505,102.496,10.525,44.754,3.634,OK
L1_run_001,S08,L1_run_001-TS08,PF104,V000291,26877.0,36.31,33.17,39.45,36.567,105.754,11.006,43.399,3.383,OK
L1_run_001,S08,L1_run_001-TS08,PF104,V000292,26940.0,36.31,33.17,39.45,35.839,101.567,10.221,43.036,3.373,OK
L1_run_001,S08,L1_run_001-TS08,PF104,V000293,26994.0,36.31,33.17,39.45,36.177,102.075,9.952,42.907,3.911,OK
L1_run_001,S08,L1_run_001-TS08,PF104,V000294,27057.0,36.31,33.17,39.45,36.908,105.052,10.322,47.149,3.759,OK
L1_run_001,S08,L1_run_001-TS08,PF104,V000295,27129.0,36.31,33.17,39.45,37.265,101.759,10.608,47.292,3.07,OK
L1_run_001,S08,L1_run_001-TS08,PF104,V000296,27238.0,36.31,33.17,39.45,36.558,104.489,10.839,44.624,3.501,OK
L1_run_001,S08,L1_run_001-TS08,PF104,V000297,27349.0,36.31,33.17,39.45,37.922,100.979,10.674,43.006,3.533,OK
L1_run_001,S08,L1_run_001-TS08,PF104,V000298,27427.0,36.31,33.17,39.45,36.569,101.056,10.004,42.355,3.809,OK
L1_run_001,S08,L1_run_001-TS08,PF104,V000299,27737.0,36.31,33.17,39.45,37.449,103.049,10.362,45.826,3.603,OK
L1_run_001,S08,L1_run_001-TS08,PF104,V000300,27799.0,36.31,33.17,39.45,36.508,107.052,10.4,45.903,3.646,OK
L1_run_001,S08,L1_run_001-TS08,PF104,V000301,27867.0,36.31,33.17,39.45,37.095,105.825,10.492,40.188,3.778,OK
L1_run_001,S08,L1_run_001-TS08,PF104,V000302,27928.0,36.31,33.17,39.45,35.768,102.401,10.542,44.69,3.845,OK
L1_run_001,S08,L1_run_001-TS08,PF104,V000303,27993.0,36.31,33.17,39.45,35.99,102.328,9.985,40.295,3.73,OK
L1_run_001,S08,L1_run_001-TS08,PF104,V000304,28053.0,36.31,33.17,39.45,36.949,109.965,10.565,43.515,3.586,OK
L1_run_001,S08,L1_run_001-TS08,PF104,V000305,28113.0,36.31,33.17,39.45,35.002,111.088,10.162,41.941,3.652,OK
L1_run_001,S08,L1_run_001-TS08,PF104,V000306,28178.0,36.31,33.17,39.45,36.386,104.335,9.483,44.974,3.427,OK
L1_run_001,S08,L1_run_001-TS08,PF104,V000307,28239.0,36.31,33.17,39.45,36.522,101.13,10.776,44.885,3.233,OK
L1_run_001,S08,L1_run_001-TS08,PF104,V000308,28304.0,36.31,33.17,39.45,36.097,102.378,9.977,40.963,3.673,OK
L1_run_001,S08,L1_run_001-TS08,PF104,V000309,28383.0,36.31,33.17,39.45,33.266,113.749,10.613,44.651,3.974,OK
L1_run_001,S08,L1_run_001-TS08,PF104,V000310,28468.0,36.31,33.17,39.45,36.366,102.482,10.396,43.697,3.506,OK
L1_run_001,S08,L1_run_001-TS08,PF104,V000311,28560.0,36.31,33.17,39.45,36.118,106.421,10.748,46.28,3.917,OK
L1_run_001,S08,L1_run_001-TS08,PF104,V000312,28646.0,36.31,33.17,39.45,36.361,109.707,9.979,42.62,3.54,OK
L1_run_001,S08,L1_run_001-TS08,PF104,V000313,28730.0,36.31,33.17,39.45,36.275,108.144,10.502,44.367,3.866,OK
L1_run_001,S12,L1_run_001-TS12,PF105,V000001,709.0,35.71,32.48,38.94,36.284,89.437,11.338,35.918,3.264,OK
L1_run_001,S12,L1_run_001-TS12,PF105,V000002,810.0,35.71,32.48,38.94,36.269,88.564,12.068,36.57,3.252,OK
L1_run_001,S12,L1_run_001-TS12,PF105,V000003,863.0,35.71,32.48,38.94,35.472,92.836,11.368,36.22,3.13,OK
L1_run_001,S12,L1_run_001-TS12,PF105,V000004,932.0,35.71,32.48,38.94,35.113,93.535,11.28,38.578,3.227,OK
L1_run_001,S12,L1_run_001-TS12,PF105,V000005,1008.0,35.71,32.48,38.94,36.822,86.28,11.452,33.756,3.297,OK
L1_run_001,S12,L1_run_001-TS12,PF105,V000006,1063.0,35.71,32.48,38.94,35.494,92.84,10.664,35.668,3.329,OK
L1_run_001,S12,L1_run_001-TS12,PF105,V000007,1139.0,35.71,32.48,38.94,36.113,90.414,11.576,35.283,3.318,OK
L1_run_001,S12,L1_run_001-TS12,PF105,V000008,1200.0,35.71,32.48,38.94,36.525,85.495,11.683,37.981,3.478,OK
L1_run_001,S12,L1_run_001-TS12,PF105,V000009,1255.0,35.71,32.48,38.94,35.068,91.677,11.936,37.452,3.029,OK
L1_run_001,S12,L1_run_001-TS12,PF105,V000010,1694.0,35.71,32.48,38.94,36.508,87.142,11.652,36.176,3.052,OK
L1_run_001,S12,L1_run_001-TS12,PF105,V000011,1750.0,35.71,32.48,38.94,36.11,93.172,11.742,37.453,2.986,OK
L1_run_001,S12,L1_run_001-TS12,PF105,V000012,1801.0,35.71,32.48,38.94,36.363,92.239,11.286,36.606,3.04,OK
L1_run_001,S12,L1_run_001-TS12,PF105,V000013,1862.0,35.71,32.48,38.94,35.906,89.027,11.209,36.96,2.731,OK
L1_run_001,S12,L1_run_001-TS12,PF105,V000014,1919.0,35.71,32.48,38.94,35.456,89.297,11.41,38.755,2.907,OK
L1_run_001,S12,L1_run_001-TS12,PF105,V000015,1984.0,35.71,32.48,38.94,35.885,89.705,12.465,35.169,2.861,OK
L1_run_001,S12,L1_run_001-TS12,PF105,V000016,2047.0,35.71,32.48,38.94,37.411,89.956,11.491,35.133,2.897,OK
L1_run_001,S12,L1_run_001-TS12,PF105,V000017,2104.0,35.71,32.48,38.94,34.98,90.131,10.78,35.991,3.154,OK
L1_run_001,S12,L1_run_001-TS12,PF105,V000018,2167.0,35.71,32.48,38.94,35.568,86.679,11.614,37.436,2.903,OK
L1_run_001,S12,L1_run_001-TS12,PF105,V000019,2218.0,35.71,32.48,38.94,36.014,98.744,11.275,38.609,2.871,OK
L1_run_001,S12,L1_run_001-TS12,PF105,V000020,2274.0,35.71,32.48,38.94,35.0,92.096,11.413,37.94,3.081,OK
L1_run_001,S12,L1_run_001-TS12,PF105,V000021,2337.0,35.71,32.48,38.94,35.044,92.648,11.297,39.159,3.071,OK
L1_run_001,S12,L1_run_001-TS12,PF105,V000022,2397.0,35.71,32.48,38.94,36.297,90.145,11.717,38.015,3.037,OK
L1_run_001,S12,L1_run_001-TS12,PF105,V000023,2458.0,35.71,32.48,38.94,34.398,91.725,10.93,34.377,3.336,OK
L1_run_001,S12,L1_run_001-TS12,PF105,V000024,2514.0,35.71,32.48,38.94,36.314,91.518,11.717,37.464,2.915,OK
L1_run_001,S12,L1_run_001-TS12,PF105,V000025,2569.0,35.71,32.48,38.94,35.464,91.395,11.332,38.317,3.401,OK
L1_run_001,S12,L1_run_001-TS12,PF105,V000026,2621.0,35.71,32.48,38.94,36.384,92.124,10.753,38.232,2.757,OK
L1_run_001,S12,L1_run_001-TS12,PF105,V000027,2680.0,35.71,32.48,38.94,37.642,82.245,12.666,35.505,2.819,OK
L1_run_001,S12,L1_run_001-TS12,PF105,V000028,2737.0,35.71,32.48,38.94,36.304,94.181,11.659,37.799,3.003,OK
L1_run_001,S12,L1_run_001-TS12,PF105,V000029,2813.0,35.71,32.48,38.94,36.683,88.323,11.563,35.004,3.252,OK
L1_run_001,S12,L1_run_001-TS12,PF105,V000030,2898.0,35.71,32.48,38.94,35.98,94.457,11.685,35.393,3.177,OK
L1_run_001,S12,L1_run_001-TS12,PF105,V000031,2953.0,35.71,32.48,38.94,35.112,90.754,11.309,38.839,3.641,OK
L1_run_001,S12,L1_run_001-TS12,PF105,V000032,3011.0,35.71,32.48,38.94,35.435,93.606,11.668,39.069,3.124,OK
L1_run_001,S12,L1_run_001-TS12,PF105,V000033,3064.0,35.71,32.48,38.94,35.756,88.76,11.605,38.843,3.39,OK
L1_run_001,S12,L1_run_001-TS12,PF105,V000034,3129.0,35.71,32.48,38.94,36.351,87.969,11.343,35.28,2.943,OK
L1_run_001,S12,L1_run_001-TS12,PF105,V000035,3207.0,35.71,32.48,38.94,36.289,90.182,12.045,37.453,3.364,OK
L1_run_001,S12,L1_run_001-TS12,PF105,V000036,3276.0,35.71,32.48,38.94,35.706,91.383,10.922,41.123,3.197,OK
L1_run_001,S12,L1_run_001-TS12,PF105,V000037,3343.0,35.71,32.48,38.94,35.249,90.294,11.053,38.542,3.405,OK
L1_run_001,S12,L1_run_001-TS12,PF105,V000038,3393.0,35.71,32.48,38.94,35.626,91.544,11.161,36.053,2.981,OK
L1_run_001,S12,L1_run_001-TS12,PF105,V000039,3461.0,35.71,32.48,38.94,35.607,88.652,11.331,36.189,2.825,OK
L1_run_001,S12,L1_run_001-TS12,PF105,V000040,3512.0,35.71,32.48,38.94,36.634,89.268,11.525,37.178,3.105,OK
L1_run_001,S12,L1_run_001-TS12,PF105,V000041,3570.0,35.71,32.48,38.94,35.046,96.996,11.458,37.688,3.704,OK
L1_run_001,S12,L1_run_001-TS12,PF105,V000042,3631.0,35.71,32.48,38.94,35.52,90.594,11.875,35.66,2.669,OK
L1_run_001,S12,L1_run_001-TS12,PF105,V000043,3694.0,35.71,32.48,38.94,35.746,90.129,12.113,36.086,3.196,OK
L1_run_001,S12,L1_run_001-TS12,PF105,V000044,3748.0,35.71,32.48,38.94,34.634,89.921,11.001,36.477,2.991,OK
L1_run_001,S12,L1_run_001-TS12,PF105,V000045,3811.0,35.71,32.48,38.94,35.727,87.594,11.363,35.772,3.258,OK
L1_run_001,S12,L1_run_001-TS12,PF105,V000046,3987.0,35.71,32.48,38.94,35.559,87.838,10.859,36.371,3.167,OK
L1_run_001,S12,L1_run_001-TS12,PF105,V000047,4044.0,35.71,32.48,38.94,36.606,93.756,11.783,35.93,2.911,OK
L1_run_001,S12,L1_run_001-TS12,PF105,V000048,4284.0,35.71,32.48,38.94,36.22,89.559,11.088,35.25,2.738,OK
L1_run_001,S12,L1_run_001-TS12,PF105,V000049,4346.0,35.71,32.48,38.94,34.694,90.302,11.543,37.433,2.928,OK
L1_run_001,S12,L1_run_001-TS12,PF105,V000050,4400.0,35.71,32.48,38.94,35.805,92.263,11.478,39.358,3.1,OK
L1_run_001,S12,L1_run_001-TS12,PF105,V000051,4458.0,35.71,32.48,38.94,36.936,91.848,10.987,37.976,3.043,OK
L1_run_001,S12,L1_run_001-TS12,PF105,V000052,4514.0,35.71,32.48,38.94,35.454,98.054,10.544,36.598,2.971,OK
L1_run_001,S12,L1_run_001-TS12,PF105,V000053,4571.0,35.71,32.48,38.94,34.747,88.435,11.181,37.412,3.124,OK
L1_run_001,S12,L1_run_001-TS12,PF105,V000054,4697.0,35.71,32.48,38.94,34.55,92.092,10.729,36.398,2.946,OK
L1_run_001,S12,L1_run_001-TS12,PF105,V000055,4764.0,35.71,32.48,38.94,36.401,91.82,10.924,36.081,3.335,OK
L1_run_001,S12,L1_run_001-TS12,PF105,V000056,4818.0,35.71,32.48,38.94,37.301,94.986,10.756,35.267,3.332,OK
L1_run_001,S12,L1_run_001-TS12,PF105,V000057,4880.0,35.71,32.48,38.94,34.422,94.216,10.995,36.231,2.961,OK
L1_run_001,S12,L1_run_001-TS12,PF105,V000058,4944.0,35.71,32.48,38.94,36.76,91.619,11.788,37.05,3.097,OK
L1_run_001,S12,L1_run_001-TS12,PF105,V000059,4999.0,35.71,32.48,38.94,35.505,98.963,12.1,37.905,3.261,OK
L1_run_001,S12,L1_run_001-TS12,PF105,V000060,5059.0,35.71,32.48,38.94,34.364,95.236,10.855,38.037,3.442,OK
L1_run_001,S12,L1_run_001-TS12,PF105,V000061,5117.0,35.71,32.48,38.94,35.819,90.626,11.384,37.184,3.323,OK
L1_run_001,S12,L1_run_001-TS12,PF105,V000062,5177.0,35.71,32.48,38.94,36.121,86.671,12.053,37.94,2.937,OK
L1_run_001,S12,L1_run_001-TS12,PF105,V000063,5236.0,35.71,32.48,38.94,35.844,89.208,12.311,37.261,2.889,OK
L1_run_001,S12,L1_run_001-TS12,PF105,V000064,5297.0,35.71,32.48,38.94,35.757,92.469,11.387,37.249,2.921,OK
L1_run_001,S12,L1_run_001-TS12,PF105,V000065,5355.0,35.71,32.48,38.94,35.83,91.107,11.471,36.156,3.012,OK
L1_run_001,S12,L1_run_001-TS12,PF105,V000066,5413.0,35.71,32.48,38.94,34.593,91.278,11.888,35.035,2.805,OK
L1_run_001,S12,L1_run_001-TS12,PF105,V000067,5467.0,35.71,32.48,38.94,35.275,89.824,11.783,36.195,2.965,OK
L1_run_001,S12,L1_run_001-TS12,PF105,V000068,5520.0,35.71,32.48,38.94,35.581,92.298,10.932,37.943,2.703,OK
L1_run_001,S12,L1_run_001-TS12,PF105,V000069,5583.0,35.71,32.48,38.94,35.747,93.371,11.827,35.833,3.267,OK
L1_run_001,S12,L1_run_001-TS12,PF105,V000070,5643.0,35.71,32.48,38.94,35.901,93.185,11.228,37.783,3.145,OK
L1_run_001,S12,L1_run_001-TS12,PF105,V000071,5704.0,35.71,32.48,38.94,36.105,91.901,11.444,36.842,3.061,OK
L1_run_001,S12,L1_run_001-TS12,PF105,V000072,5762.0,35.71,32.48,38.94,35.951,96.664,11.435,38.126,3.041,OK
L1_run_001,S12,L1_run_001-TS12,PF105,V000073,5814.0,35.71,32.48,38.94,35.558,90.712,11.49,37.052,2.814,OK
L1_run_001,S12,L1_run_001-TS12,PF105,V000074,5875.0,35.71,32.48,38.94,36.445,92.275,11.525,41.049,3.088,OK
L1_run_001,S12,L1_run_001-TS12,PF105,V000075,5931.0,35.71,32.48,38.94,36.461,91.66,11.222,35.9,3.063,OK
L1_run_001,S12,L1_run_001-TS12,PF105,V000076,5983.0,35.71,32.48,38.94,35.688,90.189,11.654,36.6,3.215,OK
L1_run_001,S12,L1_run_001-TS12,PF105,V000077,6048.0,35.71,32.48,38.94,36.393,90.604,12.122,37.819,3.409,OK
L1_run_001,S12,L1_run_001-TS12,PF105,V000078,6108.0,35.71,32.48,38.94,36.579,97.7,11.179,36.057,3.027,OK
L1_run_001,S12,L1_run_001-TS12,PF105,V000079,6175.0,35.71,32.48,38.94,35.476,90.28,12.067,35.877,3.075,OK
L1_run_001,S12,L1_run_001-TS12,PF105,V000080,6231.0,35.71,32.48,38.94,34.189,92.209,11.471,39.801,3.23,OK
L1_run_001,S12,L1_run_001-TS12,PF105,V000081,6293.0,35.71,32.48,38.94,35.623,88.733,11.757,35.971,3.025,OK
L1_run_001,S12,L1_run_001-TS12,PF105,V000082,6352.0,35.71,32.48,38.94,34.191,90.731,11.948,36.675,3.216,OK
L1_run_001,S12,L1_run_001-TS12,PF105,V000083,6586.0,35.71,32.48,38.94,36.542,89.168,11.03,36.807,3.233,OK
L1_run_001,S12,L1_run_001-TS12,PF105,V000084,6642.0,35.71,32.48,38.94,35.812,92.631,11.923,39.139,3.249,OK
L1_run_001,S12,L1_run_001-TS12,PF105,V000085,6699.0,35.71,32.48,38.94,34.504,92.924,11.245,39.194,2.868,OK
L1_run_001,S12,L1_run_001-TS12,PF105,V000086,6758.0,35.71,32.48,38.94,34.32,90.985,10.718,37.521,3.071,OK
L1_run_001,S12,L1_run_001-TS12,PF105,V000087,6819.0,35.71,32.48,38.94,36.082,95.511,10.793,36.653,2.796,OK
L1_run_001,S12,L1_run_001-TS12,PF105,V000088,6879.0,35.71,32.48,38.94,34.818,89.454,10.618,38.402,3.309,OK
L1_run_001,S12,L1_run_001-TS12,PF105,V000089,6934.0,35.71,32.48,38.94,34.514,89.806,10.779,38.069,3.244,OK
L1_run_001,S12,L1_run_001-TS12,PF105,V000090,6996.0,35.71,32.48,38.94,36.253,92.056,11.153,37.264,3.171,OK
L1_run_001,S12,L1_run_001-TS12,PF105,V000091,7058.0,35.71,32.48,38.94,35.708,91.374,11.315,37.522,3.019,OK
L1_run_001,S12,L1_run_001-TS12,PF105,V000092,7110.0,35.71,32.48,38.94,35.413,91.908,11.479,35.826,2.99,OK
L1_run_001,S12,L1_run_001-TS12,PF105,V000093,7166.0,35.71,32.48,38.94,34.88,89.409,11.366,39.772,3.24,OK
L1_run_001,S12,L1_run_001-TS12,PF105,V000094,7827.0,35.71,32.48,38.94,35.35,90.096,11.013,36.907,3.01,OK
L1_run_001,S12,L1_run_001-TS12,PF105,V000095,7892.0,35.71,32.48,38.94,36.522,87.001,10.938,34.329,3.241,OK
L1_run_001,S12,L1_run_001-TS12,PF105,V000096,7962.0,35.71,32.48,38.94,35.707,91.281,11.751,33.638,3.152,OK
L1_run_001,S12,L1_run_001-TS12,PF105,V000097,8014.0,35.71,32.48,38.94,36.983,89.626,11.821,39.632,2.876,OK
L1_run_001,S12,L1_run_001-TS12,PF105,V000098,8069.0,35.71,32.48,38.94,34.864,94.576,11.296,38.49,2.947,OK
L1_run_001,S12,L1_run_001-TS12,PF105,V000099,8132.0,35.71,32.48,38.94,35.398,94.615,11.685,37.091,3.154,OK
L1_run_001,S12,L1_run_001-TS12,PF105,V000100,8186.0,35.71,32.48,38.94,35.502,94.647,11.936,36.988,2.953,OK
L1_run_001,S12,L1_run_001-TS12,PF105,V000101,8249.0,35.71,32.48,38.94,35.547,89.122,11.868,39.302,2.801,OK
L1_run_001,S12,L1_run_001-TS12,PF105,V000102,8313.0,35.71,32.48,38.94,36.206,88.161,11.204,36.776,3.25,OK
L1_run_001,S12,L1_run_001-TS12,PF105,V000103,8375.0,35.71,32.48,38.94,35.179,93.596,11.685,35.321,2.89,OK
L1_run_001,S12,L1_run_001-TS12,PF105,V000104,8431.0,35.71,32.48,38.94,35.268,96.2,12.08,37.572,3.308,OK
L1_run_001,S12,L1_run_001-TS12,PF105,V000105,8487.0,35.71,32.48,38.94,35.914,90.266,12.255,38.123,3.075,OK
L1_run_001,S12,L1_run_001-TS12,PF105,V000106,8543.0,35.71,32.48,38.94,35.947,94.723,11.06,39.065,2.917,OK
L1_run_001,S12,L1_run_001-TS12,PF105,V000107,8601.0,35.71,32.48,38.94,34.934,89.202,11.29,36.28,3.158,OK
L1_run_001,S12,L1_run_001-TS12,PF105,V000108,8654.0,35.71,32.48,38.94,37.154,90.416,11.27,36.92,2.684,OK
L1_run_001,S12,L1_run_001-TS12,PF105,V000109,8719.0,35.71,32.48,38.94,34.822,92.394,11.637,36.006,3.12,OK
L1_run_001,S12,L1_run_001-TS12,PF105,V000110,8781.0,35.71,32.48,38.94,35.554,90.754,11.974,39.058,2.938,OK
L1_run_001,S12,L1_run_001-TS12,PF105,V000111,8851.0,35.71,32.48,38.94,36.173,90.15,12.194,35.799,3.219,OK
L1_run_001,S12,L1_run_001-TS12,PF105,V000112,8907.0,35.71,32.48,38.94,35.67,94.239,11.004,37.288,2.935,OK
L1_run_001,S12,L1_run_001-TS12,PF105,V000113,8961.0,35.71,32.48,38.94,36.223,94.264,12.246,38.511,3.834,OK
L1_run_001,S12,L1_run_001-TS12,PF105,V000114,9016.0,35.71,32.48,38.94,34.816,91.9,11.753,33.902,2.999,OK
L1_run_001,S12,L1_run_001-TS12,PF105,V000115,9074.0,35.71,32.48,38.94,36.919,96.688,11.82,36.293,2.683,OK
L1_run_001,S12,L1_run_001-TS12,PF105,V000116,9133.0,35.71,32.48,38.94,35.759,86.768,11.559,35.605,2.789,OK
L1_run_001,S12,L1_run_001-TS12,PF105,V000117,9227.0,35.71,32.48,38.94,35.859,88.205,11.901,35.628,3.099,OK
L1_run_001,S12,L1_run_001-TS12,PF105,V000118,9285.0,35.71,32.48,38.94,35.965,94.334,10.897,37.596,3.028,OK
L1_run_001,S12,L1_run_001-TS12,PF105,V000119,9343.0,35.71,32.48,38.94,37.238,89.123,11.172,39.843,2.887,OK
L1_run_001,S12,L1_run_001-TS12,PF105,V000120,9397.0,35.71,32.48,38.94,35.394,88.498,11.708,38.3,3.051,OK
L1_run_001,S12,L1_run_001-TS12,PF105,V000121,9446.0,35.71,32.48,38.94,36.013,94.376,10.864,36.927,2.889,OK
L1_run_001,S12,L1_run_001-TS12,PF105,V000122,9570.0,35.71,32.48,38.94,34.969,88.633,11.32,38.237,2.977,OK
L1_run_001,S12,L1_run_001-TS12,PF105,V000123,9681.0,35.71,32.48,38.94,36.891,91.055,11.398,35.818,2.857,OK
L1_run_001,S12,L1_run_001-TS12,PF105,V000124,9738.0,35.71,32.48,38.94,36.028,91.662,11.609,39.747,3.278,OK
L1_run_001,S12,L1_run_001-TS12,PF105,V000125,9846.0,35.71,32.48,38.94,33.958,91.401,11.171,40.575,2.953,OK
L1_run_001,S12,L1_run_001-TS12,PF105,V000126,10308.0,35.71,32.48,38.94,35.865,92.397,11.077,37.73,3.264,OK
L1_run_001,S12,L1_run_001-TS12,PF105,V000127,10368.0,35.71,32.48,38.94,35.617,92.353,10.553,38.676,2.989,OK
L1_run_001,S12,L1_run_001-TS12,PF105,V000128,10428.0,35.71,32.48,38.94,35.158,93.578,11.441,36.22,2.807,OK
L1_run_001,S12,L1_run_001-TS12,PF105,V000129,10478.0,35.71,32.48,38.94,35.977,96.648,12.11,36.973,3.172,OK
L1_run_001,S12,L1_run_001-TS12,PF105,V000130,10539.0,35.71,32.48,38.94,33.876,93.6,11.377,36.926,3.112,OK
L1_run_001,S12,L1_run_001-TS12,PF105,V000131,10604.0,35.71,32.48,38.94,36.312,94.933,10.746,37.869,3.182,OK
L1_run_001,S12,L1_run_001-TS12,PF105,V000132,10670.0,35.71,32.48,38.94,36.755,99.5,11.48,39.304,3.288,OK
L1_run_001,S12,L1_run_001-TS12,PF105,V000133,10729.0,35.71,32.48,38.94,34.993,93.485,11.294,37.369,3.107,OK
L1_run_001,S12,L1_run_001-TS12,PF105,V000134,10790.0,35.71,32.48,38.94,36.082,90.532,11.584,36.976,2.954,OK
L1_run_001,S12,L1_run_001-TS12,PF105,V000135,10845.0,35.71,32.48,38.94,36.911,93.736,11.637,37.63,2.945,OK
L1_run_001,S12,L1_run_001-TS12,PF105,V000136,10914.0,35.71,32.48,38.94,35.796,91.297,11.391,36.924,3.296,OK
L1_run_001,S12,L1_run_001-TS12,PF105,V000137,10967.0,35.71,32.48,38.94,35.911,93.886,11.702,33.664,3.148,OK
L1_run_001,S12,L1_run_001-TS12,PF105,V000138,11027.0,35.71,32.48,38.94,36.068,88.712,11.229,37.564,3.23,OK
L1_run_001,S12,L1_run_001-TS12,PF105,V000139,11090.0,35.71,32.48,38.94,34.427,94.457,10.836,37.646,3.183,OK
L1_run_001,S12,L1_run_001-TS12,PF105,V000140,11249.0,35.71,32.48,38.94,35.48,91.346,11.466,40.212,3.4,OK
L1_run_001,S12,L1_run_001-TS12,PF105,V000141,11355.0,35.71,32.48,38.94,36.779,90.452,12.273,40.047,2.887,OK
L1_run_001,S12,L1_run_001-TS12,PF105,V000142,11431.0,35.71,32.48,38.94,36.33,89.665,11.18,35.804,3.226,OK
L1_run_001,S12,L1_run_001-TS12,PF105,V000143,11514.0,35.71,32.48,38.94,35.596,94.341,11.019,39.865,3.385,OK
L1_run_001,S12,L1_run_001-TS12,PF105,V000144,11599.0,35.71,32.48,38.94,35.391,91.776,11.796,36.633,2.878,OK
L1_run_001,S12,L1_run_001-TS12,PF105,V000145,11847.0,35.71,32.48,38.94,37.029,87.993,12.597,36.728,2.976,OK
L1_run_001,S12,L1_run_001-TS12,PF105,V000146,11944.0,35.71,32.48,38.94,35.396,90.975,11.712,37.123,3.285,OK
L1_run_001,S12,L1_run_001-TS12,PF105,V000147,12014.0,35.71,32.48,38.94,36.447,90.003,10.685,36.514,3.08,OK
L1_run_001,S12,L1_run_001-TS12,PF105,V000148,12076.0,35.71,32.48,38.94,35.188,93.019,10.664,36.977,2.826,OK
L1_run_001,S12,L1_run_001-TS12,PF105,V000149,12136.0,35.71,32.48,38.94,36.467,87.971,11.899,37.073,3.085,OK
L1_run_001,S12,L1_run_001-TS12,PF105,V000150,12215.0,35.71,32.48,38.94,35.836,96.42,11.875,37.196,3.097,OK
L1_run_001,S12,L1_run_001-TS12,PF105,V000151,12303.0,35.71,32.48,38.94,36.393,86.31,10.569,40.959,3.188,OK
L1_run_001,S12,L1_run_001-TS12,PF105,V000152,12403.0,35.71,32.48,38.94,35.6,91.496,11.818,39.774,3.389,OK
L1_run_001,S12,L1_run_001-TS12,PF105,V000153,12485.0,35.71,32.48,38.94,35.827,93.136,11.084,37.793,3.084,OK
L1_run_001,S12,L1_run_001-TS12,PF105,V000154,12578.0,35.71,32.48,38.94,36.104,94.821,12.181,35.994,2.883,OK
L1_run_001,S12,L1_run_001-TS12,PF105,V000155,12663.0,35.71,32.48,38.94,36.117,89.23,10.728,36.273,2.863,OK
L1_run_001,S12,L1_run_001-TS12,PF105,V000156,12750.0,35.71,32.48,38.94,35.663,93.949,10.764,36.713,3.318,OK
L1_run_001,S12,L1_run_001-TS12,PF105,V000157,12846.0,35.71,32.48,38.94,33.894,96.499,10.673,38.54,2.992,OK
L1_run_001,S12,L1_run_001-TS12,PF105,V000158,12930.0,35.71,32.48,38.94,34.74,96.186,11.17,38.902,2.883,OK
L1_run_001,S12,L1_run_001-TS12,PF105,V000159,13097.0,35.71,32.48,38.94,35.331,93.716,11.148,37.132,3.014,OK
L1_run_001,S12,L1_run_001-TS12,PF105,V000160,13165.0,35.71,32.48,38.94,35.627,91.684,11.036,37.584,3.131,OK
L1_run_001,S12,L1_run_001-TS12,PF105,V000161,13265.0,35.71,32.48,38.94,34.653,91.324,11.688,38.891,3.472,OK
L1_run_001,S12,L1_run_001-TS12,PF105,V000162,13341.0,35.71,32.48,38.94,35.132,91.903,11.344,37.174,3.033,OK
L1_run_001,S12,L1_run_001-TS12,PF105,V000163,13421.0,35.71,32.48,38.94,35.953,94.915,12.283,33.982,3.138,OK
L1_run_001,S12,L1_run_001-TS12,PF105,V000164,13539.0,35.71,32.48,38.94,34.965,90.881,11.639,37.022,3.112,OK
L1_run_001,S12,L1_run_001-TS12,PF105,V000165,13648.0,35.71,32.48,38.94,35.476,95.804,11.704,39.067,2.915,OK
L1_run_001,S12,L1_run_001-TS12,PF105,V000166,16319.0,35.71,32.48,38.94,36.656,90.353,11.261,36.588,3.389,OK
L1_run_001,S12,L1_run_001-TS12,PF105,V000167,16378.0,35.71,32.48,38.94,35.648,91.503,12.011,37.292,2.821,OK
L1_run_001,S12,L1_run_001-TS12,PF105,V000168,16618.0,35.71,32.48,38.94,35.227,94.027,11.111,38.317,2.935,OK
L1_run_001,S12,L1_run_001-TS12,PF105,V000169,16713.0,35.71,32.48,38.94,35.646,94.149,11.091,36.906,3.046,OK
L1_run_001,S12,L1_run_001-TS12,PF105,V000170,16816.0,35.71,32.48,38.94,35.593,84.639,11.44,37.251,3.039,OK
L1_run_001,S12,L1_run_001-TS12,PF105,V000171,16898.0,35.71,32.48,38.94,35.533,89.752,12.037,36.889,3.136,OK
L1_run_001,S12,L1_run_001-TS12,PF105,V000172,16989.0,35.71,32.48,38.94,36.226,92.331,11.239,38.77,3.141,OK
L1_run_001,S12,L1_run_001-TS12,PF105,V000173,17088.0,35.71,32.48,38.94,35.687,94.425,11.815,37.697,2.897,OK
L1_run_001,S12,L1_run_001-TS12,PF105,V000174,17173.0,35.71,32.48,38.94,36.006,95.415,11.434,41.538,3.267,OK
L1_run_001,S12,L1_run_001-TS12,PF105,V000175,17247.0,35.71,32.48,38.94,35.82,93.301,10.93,40.704,3.213,OK
L1_run_001,S12,L1_run_001-TS12,PF105,V000176,17320.0,35.71,32.48,38.94,36.003,88.78,11.185,36.685,3.097,OK
L1_run_001,S12,L1_run_001-TS12,PF105,V000177,17399.0,35.71,32.48,38.94,35.639,98.047,10.869,38.619,3.162,OK
L1_run_001,S12,L1_run_001-TS12,PF105,V000178,17502.0,35.71,32.48,38.94,34.713,96.32,11.848,37.209,3.007,OK
L1_run_001,S12,L1_run_001-TS12,PF105,V000179,17587.0,35.71,32.48,38.94,35.201,91.182,11.503,37.915,3.427,OK
L1_run_001,S12,L1_run_001-TS12,PF105,V000180,17671.0,35.71,32.48,38.94,35.737,92.327,11.634,39.222,3.028,OK
L1_run_001,S12,L1_run_001-TS12,PF105,V000181,17750.0,35.71,32.48,38.94,35.385,94.634,11.544,38.607,2.722,OK
L1_run_001,S12,L1_run_001-TS12,PF105,V000182,17842.0,35.71,32.48,38.94,35.084,91.201,11.248,36.531,2.96,OK
L1_run_001,S12,L1_run_001-TS12,PF105,V000183,17941.0,35.71,32.48,38.94,34.08,94.766,11.963,39.654,2.926,OK
L1_run_001,S12,L1_run_001-TS12,PF105,V000184,18540.0,35.71,32.48,38.94,35.139,90.301,11.469,38.038,3.082,OK
L1_run_001,S12,L1_run_001-TS12,PF105,V000185,18599.0,35.71,32.48,38.94,34.824,95.58,11.408,36.648,2.756,OK
L1_run_001,S12,L1_run_001-TS12,PF105,V000186,18666.0,35.71,32.48,38.94,36.434,90.292,12.129,39.412,3.161,OK
L1_run_001,S12,L1_run_001-TS12,PF105,V000187,18739.0,35.71,32.48,38.94,35.873,94.356,11.739,36.674,2.934,OK
L1_run_001,S12,L1_run_001-TS12,PF105,V000188,18803.0,35.71,32.48,38.94,33.836,95.954,11.691,39.434,3.022,OK
L1_run_001,S12,L1_run_001-TS12,PF105,V000189,18864.0,35.71,32.48,38.94,35.553,88.589,11.354,39.618,3.048,OK
L1_run_001,S12,L1_run_001-TS12,PF105,V000190,18923.0,35.71,32.48,38.94,35.837,91.95,11.726,40.855,3.387,OK
L1_run_001,S12,L1_run_001-TS12,PF105,V000191,18979.0,35.71,32.48,38.94,35.612,93.09,10.829,38.546,2.875,OK
L1_run_001,S12,L1_run_001-TS12,PF105,V000192,19040.0,35.71,32.48,38.94,35.469,93.638,10.659,37.529,3.313,OK
L1_run_001,S12,L1_run_001-TS12,PF105,V000193,19101.0,35.71,32.48,38.94,35.954,93.655,11.288,39.286,3.18,OK
L1_run_001,S12,L1_run_001-TS12,PF105,V000194,19158.0,35.71,32.48,38.94,35.755,92.387,11.669,39.353,2.886,OK
L1_run_001,S12,L1_run_001-TS12,PF105,V000195,19228.0,35.71,32.48,38.94,34.496,96.786,10.911,37.825,3.18,OK
L1_run_001,S12,L1_run_001-TS12,PF105,V000196,19293.0,35.71,32.48,38.94,36.277,89.083,11.6,38.901,2.739,OK
L1_run_001,S12,L1_run_001-TS12,PF105,V000197,19348.0,35.71,32.48,38.94,35.89,90.118,11.674,38.188,3.006,OK
L1_run_001,S12,L1_run_001-TS12,PF105,V000198,19411.0,35.71,32.48,38.94,35.009,94.512,11.547,39.238,3.102,OK
L1_run_001,S12,L1_run_001-TS12,PF105,V000199,19472.0,35.71,32.48,38.94,36.209,89.057,11.66,37.413,3.174,OK
L1_run_001,S12,L1_run_001-TS12,PF105,V000200,19534.0,35.71,32.48,38.94,35.683,87.762,11.371,40.986,3.015,OK
L1_run_001,S12,L1_run_001-TS12,PF105,V000201,19592.0,35.71,32.48,38.94,34.758,90.537,11.656,40.195,3.256,OK
L1_run_001,S12,L1_run_001-TS12,PF105,V000202,19649.0,35.71,32.48,38.94,34.437,94.037,9.794,37.992,3.114,OK
L1_run_001,S12,L1_run_001-TS12,PF105,V000203,19713.0,35.71,32.48,38.94,36.287,89.517,11.178,38.972,3.322,OK
L1_run_001,S12,L1_run_001-TS12,PF105,V000204,19786.0,35.71,32.48,38.94,36.151,90.588,11.769,39.424,2.984,OK
L1_run_001,S12,L1_run_001-TS12,PF105,V000205,19868.0,35.71,32.48,38.94,34.841,89.023,11.516,38.58,3.262,OK
L1_run_001,S12,L1_run_001-TS12,PF105,V000206,19982.0,35.71,32.48,38.94,36.471,88.484,11.399,36.482,3.311,OK
L1_run_001,S12,L1_run_001-TS12,PF105,V000207,20057.0,35.71,32.48,38.94,36.366,91.281,11.161,36.711,3.147,OK
L1_run_001,S12,L1_run_001-TS12,PF105,V000208,20140.0,35.71,32.48,38.94,35.826,89.862,11.739,39.701,3.282,OK
L1_run_001,S12,L1_run_001-TS12,PF105,V000209,20225.0,35.71,32.48,38.94,35.371,95.991,11.188,41.384,2.992,OK
L1_run_001,S12,L1_run_001-TS12,PF105,V000210,20296.0,35.71,32.48,38.94,33.967,98.632,10.796,38.787,3.294,OK
L1_run_001,S12,L1_run_001-TS12,PF105,V000211,20369.0,35.71,32.48,38.94,36.659,86.154,11.738,36.894,3.153,OK
L1_run_001,S12,L1_run_001-TS12,PF105,V000212,20444.0,35.71,32.48,38.94,35.354,88.97,12.383,38.868,2.57,OK
L1_run_001,S12,L1_run_001-TS12,PF105,V000213,20543.0,35.71,32.48,38.94,36.993,92.214,11.827,37.396,3.106,OK
L1_run_001,S12,L1_run_001-TS12,PF105,V000214,20632.0,35.71,32.48,38.94,35.132,92.364,11.647,35.981,3.106,OK
L1_run_001,S12,L1_run_001-TS12,PF105,V000215,20744.0,35.71,32.48,38.94,35.765,88.691,12.133,38.936,2.75,OK
L1_run_001,S12,L1_run_001-TS12,PF105,V000216,20838.0,35.71,32.48,38.94,33.663,99.571,10.946,37.141,3.165,OK
L1_run_001,S12,L1_run_001-TS12,PF105,V000217,20918.0,35.71,32.48,38.94,35.402,86.329,11.999,40.055,3.012,OK
L1_run_001,S12,L1_run_001-TS12,PF105,V000218,20996.0,35.71,32.48,38.94,35.28,97.251,11.693,37.643,2.815,OK
L1_run_001,S12,L1_run_001-TS12,PF105,V000219,21082.0,35.71,32.48,38.94,35.837,97.168,11.661,39.812,3.209,OK
L1_run_001,S12,L1_run_001-TS12,PF105,V000220,21161.0,35.71,32.48,38.94,35.322,91.193,11.49,37.28,3.327,OK
L1_run_001,S12,L1_run_001-TS12,PF105,V000221,21255.0,35.71,32.48,38.94,36.483,96.326,11.472,38.45,2.986,OK
L1_run_001,S12,L1_run_001-TS12,PF105,V000222,21324.0,35.71,32.48,38.94,35.858,88.962,12.002,39.83,2.798,OK
L1_run_001,S12,L1_run_001-TS12,PF105,V000223,21422.0,35.71,32.48,38.94,36.351,92.145,10.901,36.474,3.109,OK
L1_run_001,S12,L1_run_001-TS12,PF105,V000224,21497.0,35.71,32.48,38.94,35.46,91.586,11.066,40.953,3.398,OK
L1_run_001,S12,L1_run_001-TS12,PF105,V000225,21586.0,35.71,32.48,38.94,35.103,92.396,11.215,38.222,3.189,OK
L1_run_001,S12,L1_run_001-TS12,PF105,V000226,21675.0,35.71,32.48,38.94,36.491,85.105,11.137,36.079,3.098,OK
L1_run_001,S12,L1_run_001-TS12,PF105,V000227,21765.0,35.71,32.48,38.94,34.035,91.533,11.7,39.912,3.055,OK
L1_run_001,S12,L1_run_001-TS12,PF105,V000228,21855.0,35.71,32.48,38.94,35.707,94.0,11.68,38.887,2.991,OK
L1_run_001,S12,L1_run_001-TS12,PF105,V000229,21929.0,35.71,32.48,38.94,34.856,94.988,11.795,36.371,3.056,OK
L1_run_001,S12,L1_run_001-TS12,PF105,V000230,22009.0,35.71,32.48,38.94,34.106,94.78,11.754,36.047,2.928,OK
L1_run_001,S12,L1_run_001-TS12,PF105,V000231,22102.0,35.71,32.48,38.94,36.072,90.638,11.428,37.979,2.754,OK
L1_run_001,S12,L1_run_001-TS12,PF105,V000232,22191.0,35.71,32.48,38.94,35.827,89.888,11.804,37.79,3.037,OK
L1_run_001,S12,L1_run_001-TS12,PF105,V000233,22264.0,35.71,32.48,38.94,34.253,90.303,11.418,38.546,3.06,OK
L1_run_001,S12,L1_run_001-TS12,PF105,V000234,22355.0,35.71,32.48,38.94,36.147,90.146,11.482,40.374,2.722,OK
L1_run_001,S12,L1_run_001-TS12,PF105,V000235,22454.0,35.71,32.48,38.94,36.488,90.918,11.971,38.298,2.967,OK
L1_run_001,S12,L1_run_001-TS12,PF105,V000236,22660.0,35.71,32.48,38.94,34.951,94.865,11.545,39.747,3.504,OK
L1_run_001,S12,L1_run_001-TS12,PF105,V000237,22726.0,35.71,32.48,38.94,34.907,91.38,10.795,36.98,2.921,OK
L1_run_001,S12,L1_run_001-TS12,PF105,V000238,22973.0,35.71,32.48,38.94,35.418,90.141,11.141,36.994,2.678,OK
L1_run_001,S12,L1_run_001-TS12,PF105,V000239,23045.0,35.71,32.48,38.94,37.187,89.803,11.848,37.456,3.202,OK
L1_run_001,S12,L1_run_001-TS12,PF105,V000240,23106.0,35.71,32.48,38.94,35.421,86.37,11.387,36.882,3.5,OK
L1_run_001,S12,L1_run_001-TS12,PF105,V000241,23170.0,35.71,32.48,38.94,35.471,88.413,11.314,38.863,3.308,OK
L1_run_001,S12,L1_run_001-TS12,PF105,V000242,23234.0,35.71,32.48,38.94,35.52,93.893,11.858,38.174,3.072,OK
L1_run_001,S12,L1_run_001-TS12,PF105,V000243,23293.0,35.71,32.48,38.94,35.603,89.322,12.327,38.087,3.14,OK
L1_run_001,S12,L1_run_001-TS12,PF105,V000244,23361.0,35.71,32.48,38.94,34.909,93.385,11.783,40.22,3.166,OK
L1_run_001,S12,L1_run_001-TS12,PF105,V000245,24026.0,35.71,32.48,38.94,35.329,93.182,11.259,41.07,2.966,OK
L1_run_001,S12,L1_run_001-TS12,PF105,V000246,24100.0,35.71,32.48,38.94,36.116,92.868,11.803,39.36,3.458,OK
L1_run_001,S12,L1_run_001-TS12,PF105,V000247,24159.0,35.71,32.48,38.94,35.433,97.185,11.536,38.146,3.246,OK
L1_run_001,S12,L1_run_001-TS12,PF105,V000248,24398.0,35.71,32.48,38.94,37.412,93.358,11.494,39.608,3.158,OK
L1_run_001,S12,L1_run_001-TS12,PF105,V000249,24459.0,35.71,32.48,38.94,36.227,92.318,11.095,40.89,3.369,OK
L1_run_001,S12,L1_run_001-TS12,PF105,V000250,24521.0,35.71,32.48,38.94,36.201,90.837,11.271,37.66,3.141,OK
L1_run_001,S12,L1_run_001-TS12,PF105,V000251,24579.0,35.71,32.48,38.94,35.73,95.73,11.891,36.193,3.158,OK
L1_run_001,S12,L1_run_001-TS12,PF105,V000252,24640.0,35.71,32.48,38.94,35.993,86.159,12.682,35.41,3.18,OK
L1_run_001,S12,L1_run_001-TS12,PF105,V000253,24718.0,35.71,32.48,38.94,35.526,92.965,11.925,41.363,2.837,OK
L1_run_001,S12,L1_run_001-TS12,PF105,V000254,24766.0,35.71,32.48,38.94,34.786,92.033,11.784,41.1,3.034,OK
L1_run_001,S12,L1_run_001-TS12,PF105,V000255,24826.0,35.71,32.48,38.94,36.893,90.539,12.043,39.588,3.06,OK
L1_run_001,S12,L1_run_001-TS12,PF105,V000256,24905.0,35.71,32.48,38.94,35.469,95.56,11.958,39.436,3.16,OK
L1_run_001,S12,L1_run_001-TS12,PF105,V000257,24984.0,35.71,32.48,38.94,36.155,93.374,11.677,39.003,2.937,OK
L1_run_001,S12,L1_run_001-TS12,PF105,V000258,25073.0,35.71,32.48,38.94,35.7,93.253,12.081,39.057,3.077,OK
L1_run_001,S12,L1_run_001-TS12,PF105,V000259,25154.0,35.71,32.48,38.94,35.174,96.266,10.679,36.985,3.176,OK
L1_run_001,S12,L1_run_001-TS12,PF105,V000260,25240.0,35.71,32.48,38.94,33.977,93.879,10.741,41.379,3.149,OK
L1_run_001,S12,L1_run_001-TS12,PF105,V000261,25325.0,35.71,32.48,38.94,36.382,89.136,11.803,39.968,3.107,OK
L1_run_001,S12,L1_run_001-TS12,PF105,V000262,25421.0,35.71,32.48,38.94,36.481,89.471,11.634,38.659,3.158,OK
L1_run_001,S12,L1_run_001-TS12,PF105,V000263,25521.0,35.71,32.48,38.94,35.825,91.508,12.295,41.824,3.594,OK
L1_run_001,S12,L1_run_001-TS12,PF105,V000264,25908.0,35.71,32.48,38.94,36.111,88.338,11.026,38.964,3.094,OK
L1_run_001,S12,L1_run_001-TS12,PF105,V000265,25980.0,35.71,32.48,38.94,34.617,89.423,11.086,38.99,2.599,OK
L1_run_001,S12,L1_run_001-TS12,PF105,V000266,26046.0,35.71,32.48,38.94,35.091,88.629,11.73,40.435,2.812,OK
L1_run_001,S12,L1_run_001-TS12,PF105,V000267,26105.0,35.71,32.48,38.94,35.15,90.658,12.881,38.42,3.275,OK
L1_run_001,S12,L1_run_001-TS12,PF105,V000268,26167.0,35.71,32.48,38.94,36.497,93.641,12.336,37.797,2.993,OK
L1_run_001,S12,L1_run_001-TS12,PF105,V000269,26226.0,35.71,32.48,38.94,36.021,91.129,11.786,38.752,3.261,OK
L1_run_001,S12,L1_run_001-TS12,PF105,V000270,26288.0,35.71,32.48,38.94,35.331,90.928,12.237,40.675,3.066,OK
L1_run_001,S12,L1_run_001-TS12,PF105,V000271,26363.0,35.71,32.48,38.94,35.629,89.77,10.848,37.668,3.165,OK
L1_run_001,S12,L1_run_001-TS12,PF105,V000272,26507.0,35.71,32.48,38.94,35.026,92.282,12.2,39.649,2.983,OK
L1_run_001,S12,L1_run_001-TS12,PF105,V000273,26573.0,35.71,32.48,38.94,35.459,90.68,11.731,39.072,2.78,OK
L1_run_001,S12,L1_run_001-TS12,PF105,V000274,26625.0,35.71,32.48,38.94,36.747,91.927,12.047,38.846,3.101,OK
L1_run_001,S12,L1_run_001-TS12,PF105,V000275,26686.0,35.71,32.48,38.94,35.547,91.006,11.533,38.494,3.089,OK
L1_run_001,S12,L1_run_001-TS12,PF105,V000276,26743.0,35.71,32.48,38.94,36.27,89.976,11.733,39.242,3.167,OK
L1_run_001,S12,L1_run_001-TS12,PF105,V000277,26803.0,35.71,32.48,38.94,35.251,92.685,12.361,37.784,2.656,OK
L1_run_001,S12,L1_run_001-TS12,PF105,V000278,26873.0,35.71,32.48,38.94,33.538,97.625,12.204,41.164,3.283,OK
L1_run_001,S12,L1_run_001-TS12,PF105,V000279,26932.0,35.71,32.48,38.94,36.208,95.759,11.78,38.747,2.913,OK
L1_run_001,S12,L1_run_001-TS12,PF105,V000280,26991.0,35.71,32.48,38.94,37.027,89.572,11.849,37.052,3.066,OK
L1_run_001,S12,L1_run_001-TS12,PF105,V000281,27052.0,35.71,32.48,38.94,34.563,98.787,12.157,40.451,2.908,OK
L1_run_001,S12,L1_run_001-TS12,PF105,V000282,27129.0,35.71,32.48,38.94,36.36,93.582,11.701,37.752,3.455,OK
L1_run_001,S12,L1_run_001-TS12,PF105,V000283,27238.0,35.71,32.48,38.94,35.962,87.703,11.457,38.088,3.139,OK
L1_run_001,S12,L1_run_001-TS12,PF105,V000284,27349.0,35.71,32.48,38.94,35.744,92.061,11.613,38.205,2.971,OK
L1_run_001,S12,L1_run_001-TS12,PF105,V000285,27427.0,35.71,32.48,38.94,36.219,82.15,11.126,42.393,3.077,OK
L1_run_001,S12,L1_run_001-TS12,PF105,V000286,27737.0,35.71,32.48,38.94,34.569,89.295,11.149,40.918,3.548,OK
L1_run_001,S12,L1_run_001-TS12,PF105,V000287,27799.0,35.71,32.48,38.94,36.005,88.516,11.719,38.372,3.017,OK
L1_run_001,S12,L1_run_001-TS12,PF105,V000288,27864.0,35.71,32.48,38.94,36.934,90.176,11.18,40.228,3.318,OK
L1_run_001,S12,L1_run_001-TS12,PF105,V000289,27928.0,35.71,32.48,38.94,36.053,91.116,11.726,38.184,2.982,OK
L1_run_001,S12,L1_run_001-TS12,PF105,V000290,27993.0,35.71,32.48,38.94,34.216,88.835,10.411,39.331,3.067,OK
L1_run_001,S12,L1_run_001-TS12,PF105,V000291,28051.0,35.71,32.48,38.94,36.623,93.05,11.15,38.366,3.255,OK
L1_run_001,S12,L1_run_001-TS12,PF105,V000292,28105.0,35.71,32.48,38.94,36.307,89.572,11.657,43.666,3.065,OK
L1_run_001,S12,L1_run_001-TS12,PF105,V000293,28178.0,35.71,32.48,38.94,36.209,88.873,12.356,40.132,3.114,OK
L1_run_001,S12,L1_run_001-TS12,PF105,V000294,28239.0,35.71,32.48,38.94,36.035,86.455,11.905,39.345,3.251,OK
L1_run_001,S12,L1_run_001-TS12,PF105,V000295,28304.0,35.71,32.48,38.94,35.65,95.141,11.455,39.657,3.165,OK
L1_run_001,S12,L1_run_001-TS12,PF105,V000296,28383.0,35.71,32.48,38.94,35.73,91.489,11.813,39.368,3.059,OK
L1_run_001,S12,L1_run_001-TS12,PF105,V000297,28468.0,35.71,32.48,38.94,35.599,90.326,11.341,38.165,3.123,OK
L1_run_001,S12,L1_run_001-TS12,PF105,V000298,28560.0,35.71,32.48,38.94,35.302,93.586,11.286,39.51,3.224,OK
L1_run_001,S12,L1_run_001-TS12,PF105,V000299,28646.0,35.71,32.48,38.94,35.966,97.089,11.89,40.145,3.336,OK
L1_run_001,S12,L1_run_001-TS12,PF105,V000300,28730.0,35.71,32.48,38.94,35.376,94.674,11.078,37.074,2.996,OK
