vin,station_id,event,t_s
V000001,S01,in,0.5970176258893862
V000002,S01,in,58.597017625889386
V000001,S01,out,58.597017625889386
V000001,S02,in,61.1341329871748
V000001,S02,out,111.13413298717481
V000002,S01,out,111.59701762588939
V000003,S01,in,111.59701762588939
V000001,S03,in,113.11313225530952
V000002,S02,in,114.13413298717481
V000002,S02,out,164.1341329871748
V000003,S01,out,164.59701762588938
V000004,S01,in,164.59701762588938
V000003,S02,in,167.1341329871748
V000002,S03,in,169.11313225530952
V000001,S03,out,169.11313225530952
V000001,S04,in,173.87520767080522
V000002,S03,out,217.11313225530952
V000005,S01,in,220.59701762588938
V000004,S01,out,220.59701762588938
V000004,S02,in,223.1341329871748
V000003,S02,out,223.1341329871748
V000002,S04,in,224.87520767080522
V000001,S04,out,224.87520767080522
V000001,S05,in,224.98775133010864
V000003,S03,in,225.11313225530952
V000001,S05,out,271.98775133010867
V000003,S03,out,277.11313225530955
V000001,S06,in,278.3138633342193
V000006,S01,in,278.5970176258894
V000005,S01,out,278.5970176258894
V000004,S02,out,283.1341329871748
V000005,S02,in,283.1341329871748
V000004,S03,in,284.11313225530955
V000001,S06,out,328.3138633342193
V000007,S01,in,330.5970176258894
V000006,S01,out,330.5970176258894
V000003,S04,in,330.87520767080525
V000002,S04,out,330.87520767080525
V000002,S05,in,331.98775133010867
V000001,S07,in,333.8233696802356
V000004,S03,out,338.11313225530955
V000005,S02,out,341.1341329871748
V000006,S02,in,341.1341329871748
V000005,S03,in,343.11313225530955
V000002,S05,out,380.98775133010867
V000002,S06,in,385.3138633342193
V000001,S07,out,389.8233696802356
V000003,S04,out,390.87520767080525
V000004,S04,in,390.87520767080525
V000003,S05,in,391.98775133010867
V000007,S01,out,392.5970176258894
V000008,S01,in,392.5970176258894
V000001,S08,in,396.6638420033065
V000005,S03,out,397.11313225530955
V000007,S02,in,398.1341329871748
V000006,S02,out,398.1341329871748
V000006,S03,in,399.11313225530955
V000002,S06,out,432.3138633342193
V000002,S07,in,438.8233696802356
V000004,S04,out,442.87520767080525
V000005,S04,in,442.87520767080525
V000009,S01,in,448.5970176258894
V000008,S01,out,448.5970176258894
V000007,S02,out,449.1341329871748
V000008,S02,in,451.1341329871748
V000001,S08,out,452.6638420033065
V000007,S03,in,453.11313225530955
V000006,S03,out,453.11313225530955
V000001,S09,in,456.28341792754196
V000003,S05,out,457.98775133010867
V000004,S05,in,457.98775133010867
V000003,S06,in,463.3138633342193
V000009,S01,out,494.5970176258894
V000010,S01,in,494.5970176258894
V000002,S07,out,503.8233696802356
V000007,S03,out,504.11313225530955
V000005,S04,out,505.87520767080525
V000006,S04,in,505.87520767080525
V000001,S09,out,506.28341792754196
V000008,S02,out,508.1341329871748
V000009,S02,in,508.1341329871748
V000008,S03,in,510.11313225530955
V000002,S08,in,510.6638420033065
V000003,S06,out,511.3138633342193
V000004,S05,out,511.98775133010867
V000005,S05,in,511.98775133010867
V000004,S06,in,517.3138633342194
V000003,S07,in,517.8233696802356
V000010,S01,out,553.5970176258894
V000011,S01,in,553.5970176258894
V000009,S02,out,556.1341329871748
V000010,S02,in,556.1341329871748
V000002,S08,out,561.6638420033065
V000004,S06,out,563.3138633342194
V000002,S09,in,565.283417927542
V000005,S05,out,567.9877513301086
V000008,S03,out,568.1131322553096
V000009,S03,in,568.1131322553096
V000003,S07,out,569.8233696802356
V000004,S07,in,569.8233696802356
V000005,S06,in,574.3138633342194
V000007,S04,in,574.8752076708053
V000006,S04,out,574.8752076708053
V000006,S05,in,575.9877513301086
V000003,S08,in,577.6638420033065
V000001,S11,in,583.9498579303257
V000012,S01,in,609.5970176258894
V000011,S01,out,609.5970176258894
V000011,S02,in,613.1341329871748
V000010,S02,out,613.1341329871748
V000005,S06,out,618.3138633342194
V000002,S09,out,623.283417927542
V000009,S03,out,625.1131322553096
V000010,S03,in,625.1131322553096
V000003,S08,out,628.6638420033065
V000003,S09,in,631.283417927542
V000004,S07,out,631.8233696802356
V000005,S07,in,631.8233696802356
V000004,S08,in,639.6638420033065
V000001,S11,out,639.9498579303257
V000007,S04,out,641.8752076708053
V000008,S04,in,641.8752076708053
V000006,S05,out,641.9877513301086
V000007,S05,in,642.9877513301086
V000001,S12,in,646.226974598345
V000006,S06,in,647.3138633342194
V000012,S01,out,663.5970176258894
V000013,S01,in,663.5970176258894
V000012,S02,in,668.1341329871748
V000011,S02,out,668.1341329871748
V000010,S03,out,680.1131322553096
V000011,S03,in,680.1131322553096
V000003,S09,out,684.283417927542
V000005,S07,out,684.8233696802356
V000004,S08,out,687.6638420033065
V000006,S06,out,690.3138633342194
V000002,S11,in,690.9498579303257
V000004,S09,in,691.283417927542
V000005,S08,in,691.6638420033065
V000007,S05,out,691.9877513301086
V000006,S07,in,694.8233696802356
V000008,S04,out,695.8752076708053
V000009,S04,in,695.8752076708053
V000008,S05,in,697.9877513301086
V000007,S06,in,699.3138633342194
V000013,S01,out,707.5970176258894
V000014,S01,in,707.5970176258894
V000001,S12,out,710.226974598345
V000001,S13,in,711.0930886798374
V000012,S02,out,731.1341329871748
V000013,S02,in,731.1341329871748
V000011,S03,out,734.1131322553096
V000012,S03,in,734.1131322553096
V000004,S09,out,741.283417927542
V000010,S04,in,747.8752076708053
V000009,S04,out,747.8752076708053
V000002,S11,out,748.9498579303257
V000007,S06,out,749.3138633342194
V000003,S11,in,751.9498579303257
V000006,S07,out,752.8233696802356
V000007,S07,in,753.8233696802356
V000002,S12,in,754.226974598345
V000005,S08,out,755.6638420033065
V000008,S05,out,756.9877513301086
V000009,S05,in,756.9877513301086
V000001,S13,out,757.0930886798374
V000006,S08,in,757.6638420033065
V000005,S09,in,758.283417927542
V000008,S06,in,762.3138633342194
V000014,S01,out,770.5970176258894
V000015,S01,in,770.5970176258894
V000013,S02,out,783.1341329871748
V000014,S02,in,783.1341329871748
V000012,S03,out,788.1131322553096
V000013,S03,in,788.1131322553096
V000003,S11,out,803.9498579303257
V000007,S07,out,809.8233696802356
V000002,S13,in,810.0930886798374
V000002,S12,out,811.226974598345
V000003,S12,in,811.226974598345
V000010,S04,out,812.8752076708053
V000011,S04,in,812.8752076708053
V000004,S11,in,812.9498579303257
V000005,S09,out,814.283417927542
V000006,S08,out,814.6638420033065
V000009,S05,out,815.9877513301086
V000010,S05,in,815.9877513301086
V000007,S08,in,816.6638420033065
V000006,S09,in,817.283417927542
V000008,S06,out,820.3138633342194
V000009,S06,in,821.3138633342194
V000016,S01,in,822.5970176258894
V000015,S01,out,822.5970176258894
V000008,S07,in,826.8233696802356
V000015,S02,in,833.1341329871748
V000014,S02,out,833.1341329871748
V000014,S03,in,847.1131322553096
V000013,S03,out,847.1131322553096
V000009,S06,out,862.3138633342194
V000003,S12,out,864.226974598345
V000012,S04,in,864.8752076708053
V000011,S04,out,864.8752076708053
V000004,S11,out,865.9498579303257
V000003,S13,in,866.0930886798374
V000002,S13,out,866.0930886798374
V000006,S09,out,868.283417927542
V000004,S12,in,872.226974598345
V000005,S11,in,872.9498579303257
V000011,S05,in,878.9877513301086
V000010,S05,out,878.9877513301086
V000017,S01,in,880.5970176258894
V000016,S01,out,880.5970176258894
V000010,S06,in,884.3138633342194
V000007,S08,out,885.6638420033065
V000007,S09,in,888.283417927542
V000016,S02,in,894.1341329871748
V000015,S02,out,894.1341329871748
V000009,S07,in,897.8233696802356
V000008,S07,out,897.8233696802356
V000015,S03,in,899.1131322553096
V000014,S03,out,899.1131322553096
V000008,S08,in,903.6638420033065
V000001,S16,in,905.2121579975744
V000003,S13,out,918.0930886798374
V000013,S04,in,922.8752076708053
V000012,S04,out,922.8752076708053
V000004,S13,in,933.0930886798374
V000004,S12,out,933.226974598345
V000010,S06,out,936.3138633342194
V000017,S01,out,936.5970176258894
V000018,S01,in,936.5970176258894
V000005,S11,out,939.9498579303257
V000006,S11,in,939.9498579303257
V000012,S05,in,941.9877513301086
V000011,S05,out,941.9877513301086
V000016,S02,out,943.1341329871748
V000017,S02,in,943.1341329871748
V000007,S09,out,944.283417927542
V000009,S07,out,946.8233696802356
V000010,S07,in,946.8233696802356
V000005,S12,in,947.226974598345
V000011,S06,in,948.3138633342194
V000015,S03,out,951.1131322553096
V000016,S03,in,951.1131322553096
V000008,S08,out,959.6638420033065
V000009,S08,in,959.6638420033065
V000001,S16,out,961.2121579975744
V000008,S09,in,963.283417927542
V000001,S17,in,969.8628592071015
V000013,S04,out,981.8752076708053
V000014,S04,in,981.8752076708053
V000004,S13,out,986.0930886798374
V000018,S01,out,991.5970176258894
V000013,S05,in,991.9877513301086
V000012,S05,out,991.9877513301086
V000012,S06,in,1003.3138633342194
V000011,S06,out,1003.3138633342194
V000018,S02,in,1004.1341329871748
V000017,S02,out,1004.1341329871748
V000017,S03,in,1007.1131322553096
V000016,S03,out,1007.1131322553096
V000002,S16,in,1007.2121579975744
V000005,S13,in,1008.0930886798374
V000006,S12,in,1009.226974598345
V000005,S12,out,1009.226974598345
V000007,S11,in,1010.9498579303257
V000008,S09,out,1016.283417927542
V000001,S18,in,1016.7159578408526
V000001,S17,out,1017.8628592071015
V000009,S08,out,1025.6638420033064
V000009,S09,in,1028.283417927542
V000015,S04,in,1040.8752076708051
V000014,S04,out,1040.8752076708051
V000020,S01,in,1044.5970176258893
V000019,S01,out,1044.5970176258893
V000012,S06,out,1051.3138633342194
V000014,S05,in,1052.9877513301087
V000013,S05,out,1052.9877513301087
V000005,S13,out,1054.0930886798374
V000017,S03,out,1055.1131322553094
V000019,S02,in,1057.1341329871748
V000018,S02,out,1057.1341329871748
V000018,S03,in,1059.1131322553094
V000013,S06,in,1059.3138633342194
V000002,S16,out,1060.2121579975744
V000006,S13,in,1063.0930886798374
V000019,S01,in,1063.34367619096
V000006,S12,out,1064.226974598345
V000002,S17,in,1068.8628592071013
V000003,S16,in,1070.2121579975744
V000001,S18,out,1071.7159578408525
V000009,S09,out,1074.283417927542
V000007,S11,out,1076.9498579303258
V000001,S19,in,1080.6093997249295
V000007,S12,in,1084.226974598345
V000008,S11,in,1084.9498579303258
V000016,S04,in,1097.8752076708051
V000015,S04,out,1097.8752076708051
V000021,S01,in,1101.5970176258893
V000020,S01,out,1101.5970176258893
V000018,S03,out,1109.1131322553094
V000020,S02,in,1110.1341329871748
V000019,S02,out,1110.1341329871748
V000015,S05,in,1111.9877513301087
V000014,S05,out,1111.9877513301087
V000019,S03,in,1112.1131322553094
V000002,S18,in,1113.7159578408525
V000002,S17,out,1113.8628592071013
V000006,S11,out,1118.805899919827
V000003,S16,out,1119.2121579975744
V000006,S13,out,1123.0930886798374
V000003,S17,in,1126.8628592071013
V000004,S16,in,1130.2121579975744
V000001,S19,out,1132.6093997249295
V000001,S20,in,1132.9416032917932
V000008,S11,out,1133.9498579303258
V000007,S13,in,1139.0930886798374
V000007,S12,out,1140.226974598345
V000008,S12,in,1142.226974598345
V000022,S01,in,1145.5970176258893
V000021,S01,out,1145.5970176258893
V000009,S11,in,1147.9498579303258
V000017,S04,in,1161.8752076708051
V000016,S04,out,1161.8752076708051
V000019,S03,out,1165.1131322553094
V000020,S02,out,1167.1341329871748
V000021,S02,in,1167.1341329871748
V000002,S18,out,1167.7159578408525
V000020,S03,in,1168.1131322553094
V000003,S18,in,1173.7159578408525
V000003,S17,out,1173.8628592071013
V000002,S19,in,1176.6093997249295
V000015,S05,out,1176.9877513301087
V000016,S05,in,1176.9877513301087
V000007,S13,out,1180.0930886798374
V000001,S20,out,1183.9416032917932
V000004,S16,out,1188.2121579975744
V000004,S17,in,1195.8628592071013
V000008,S13,in,1200.0930886798374
V000005,S16,in,1200.2121579975744
V000009,S11,out,1200.9498579303258
V000008,S12,out,1201.226974598345
V000022,S01,out,1203.5970176258893
V000023,S01,in,1203.5970176258893
V000009,S12,in,1206.226974598345
V000017,S04,out,1220.8752076708051
V000018,S04,in,1220.8752076708051
V000020,S03,out,1221.1131322553094
V000022,S02,in,1225.1341329871748
V000021,S02,out,1225.1341329871748
V000003,S18,out,1225.7159578408525
V000002,S20,in,1225.9416032917932
V000002,S19,out,1226.6093997249295
V000021,S03,in,1227.1131322553094
V000003,S19,in,1235.6093997249295
V000016,S05,out,1239.9877513301087
V000017,S05,in,1239.9877513301087
V000004,S18,in,1242.7159578408525
V000004,S17,out,1242.8628592071013
V000008,S13,out,1253.0930886798374
V000009,S13,in,1255.0930886798374
V000009,S12,out,1256.226974598345
V000005,S16,out,1261.2121579975744
V000006,S16,in,1262.2121579975744
V000024,S01,in,1262.5970176258893
V000023,S01,out,1262.5970176258893
V000005,S17,in,1269.8628592071013
V000021,S03,out,1278.1131322553094
V000022,S02,out,1280.1341329871748
V000023,S02,in,1280.1341329871748
V000002,S20,out,1280.9416032917932
V000022,S03,in,1282.1131322553094
V000018,S04,out,1290.8752076708051
V000019,S04,in,1290.8752076708051
V000003,S19,out,1294.6093997249295
V000003,S20,in,1294.9416032917932
V000009,S13,out,1299.0930886798374
V000004,S18,out,1299.7159578408525
V000017,S05,out,1300.9877513301087
V000018,S05,in,1300.9877513301087
V000011,S07,in,1301.8233696802356
V000010,S07,out,1301.8233696802356
V000014,S06,in,1302.3138633342194
V000013,S06,out,1302.3138633342194
V000004,S19,in,1307.6093997249295
V000010,S08,in,1307.6638420033064
V000006,S16,out,1312.2121579975744
V000025,S01,in,1316.5970176258893
V000024,S01,out,1316.5970176258893
V000005,S18,in,1325.7159578408525
V000006,S17,in,1325.8628592071013
V000005,S17,out,1325.8628592071013
V000007,S16,in,1329.2121579975744
V000022,S03,out,1334.1131322553094
V000023,S02,out,1343.1341329871748
V000024,S02,in,1343.1341329871748
V000023,S03,in,1345.1131322553094
V000020,S04,in,1349.8752076708051
V000019,S04,out,1349.8752076708051
V000003,S20,out,1349.9416032917932
V000012,S07,in,1357.8233696802356
V000011,S07,out,1357.8233696802356
V000004,S20,in,1362.9416032917932
V000004,S19,out,1363.6093997249295
V000018,S05,out,1363.9877513301087
V000019,S05,in,1363.9877513301087
V000014,S06,out,1365.3138633342194
V000015,S06,in,1365.3138633342194
V000026,S01,in,1374.5970176258893
V000025,S01,out,1374.5970176258893
V000011,S08,in,1375.6638420033064
V000010,S08,out,1375.6638420033064
V000005,S18,out,1377.7159578408525
V000010,S09,in,1378.283417927542
V000007,S16,out,1386.2121579975744
V000005,S19,in,1386.6093997249295
V000006,S17,out,1386.8628592071013
V000008,S16,in,1388.2121579975744
V000006,S18,in,1388.7159578408525
V000007,S17,in,1394.8628592071013
V000023,S03,out,1400.1131322553094
V000025,S02,in,1401.1341329871748
V000024,S02,out,1401.1341329871748
V000024,S03,in,1403.1131322553094
V000020,S04,out,1419.8752076708051
V000021,S04,in,1419.8752076708051
V000004,S20,out,1419.9416032917932
V000013,S07,in,1420.8233696802356
V000012,S07,out,1420.8233696802356
V000016,S06,in,1421.3138633342194
V000015,S06,out,1421.3138633342194
V000020,S05,in,1431.9877513301087
V000019,S05,out,1431.9877513301087
V000027,S01,in,1432.5970176258893
V000026,S01,out,1432.5970176258893
V000006,S18,out,1434.7159578408525
V000010,S09,out,1435.283417927542
V000005,S20,in,1437.9416032917932
V000005,S19,out,1438.6093997249295
V000012,S08,in,1438.6638420033064
V000011,S08,out,1438.6638420033064
V000008,S16,out,1439.2121579975744
V000011,S09,in,1441.283417927542
V000006,S19,in,1442.6093997249295
V000008,S17,in,1447.8628592071013
V000007,S17,out,1447.8628592071013
V000007,S18,in,1448.7159578408525
V000009,S16,in,1449.2121579975744
V000024,S03,out,1455.1131322553094
V000026,S02,in,1460.1341329871748
V000025,S02,out,1460.1341329871748
V000025,S03,in,1461.1131322553094
V000014,S07,in,1464.8233696802356
V000013,S07,out,1464.8233696802356
V000017,S06,in,1468.3138633342194
V000016,S06,out,1468.3138633342194
V000021,S04,out,1470.8752076708051
V000022,S04,in,1470.8752076708051
V000027,S01,out,1485.5970176258893
V000028,S01,in,1485.5970176258893
V000020,S05,out,1486.9877513301087
V000021,S05,in,1486.9877513301087
V000013,S08,in,1487.6638420033064
V000012,S08,out,1487.6638420033064
V000005,S20,out,1487.9416032917932
V000006,S20,in,1490.9416032917932
V000006,S19,out,1491.6093997249295
V000012,S09,in,1497.283417927542
V000011,S09,out,1497.283417927542
V000008,S17,out,1498.8628592071013
V000009,S16,out,1499.2121579975744
V000010,S11,in,1504.9498579303258
V000009,S17,in,1507.8628592071013
V000008,S18,in,1509.7159578408525
V000007,S18,out,1509.7159578408525
V000025,S03,out,1516.1131322553094
V000026,S02,out,1517.1341329871748
V000027,S02,in,1517.1341329871748
V000007,S19,in,1517.6093997249295
V000026,S03,in,1518.1131322553094
V000014,S07,out,1526.8233696802356
V000015,S07,in,1526.8233696802356
V000017,S06,out,1527.3138633342194
V000018,S06,in,1527.3138633342194
V000006,S20,out,1534.9416032917932
V000028,S01,out,1536.5970176258893
V000029,S01,in,1536.5970176258893
V000014,S08,in,1545.6638420033064
V000013,S08,out,1545.6638420033064
V000013,S09,in,1550.283417927542
V000012,S09,out,1550.283417927542
V000021,S05,out,1557.9877513301087
V000009,S17,out,1561.8628592071013
V000007,S20,in,1564.9416032917932
V000007,S19,out,1565.6093997249295
V000009,S18,in,1566.7159578408525
V000008,S18,out,1566.7159578408525
V000027,S02,out,1576.1341329871748
V000028,S02,in,1576.1341329871748
V000008,S19,in,1576.6093997249295
V000015,S07,out,1580.8233696802356
V000016,S07,in,1580.8233696802356
V000018,S06,out,1581.3138633342194
V000019,S06,in,1581.3138633342194
V000029,S01,out,1586.5970176258893
V000030,S01,in,1586.5970176258893
V000013,S09,out,1595.283417927542
V000007,S20,out,1614.9416032917932
V000014,S08,out,1617.6638420033064
V000015,S08,in,1617.6638420033064
V000014,S09,in,1621.283417927542
V000009,S18,out,1622.7159578408525
V000008,S19,out,1627.6093997249295
V000008,S20,in,1627.9416032917932
V000028,S02,out,1629.1341329871748
V000029,S02,in,1629.1341329871748
V000009,S19,in,1631.6093997249295
V000017,S07,in,1634.8233696802356
V000016,S07,out,1634.8233696802356
V000020,S06,in,1640.3138633342194
V000019,S06,out,1640.3138633342194
V000011,S11,in,1642.9498579303258
V000010,S11,out,1642.9498579303258
V000010,S12,in,1647.226974598345
V000031,S01,in,1648.5970176258893
V000030,S01,out,1648.5970176258893
V000014,S09,out,1671.283417927542
V000016,S08,in,1677.6638420033064
V000015,S08,out,1677.6638420033064
V000015,S09,in,1680.283417927542
V000008,S20,out,1680.9416032917932
V000018,S07,in,1685.8233696802356
V000017,S07,out,1685.8233696802356
V000012,S11,in,1688.9498579303258
V000011,S11,out,1688.9498579303258
V000010,S13,in,1695.0930886798374
V000010,S12,out,1695.226974598345
V000011,S12,in,1695.226974598345
V000009,S19,out,1695.6093997249295
V000009,S20,in,1695.9416032917932
V000021,S06,in,1697.3138633342194
V000020,S06,out,1697.3138633342194
V000015,S09,out,1739.283417927542
V000013,S11,in,1740.9498579303258
V000012,S11,out,1740.9498579303258
V000010,S13,out,1742.0930886798374
V000017,S08,in,1743.6638420033064
V000016,S08,out,1743.6638420033064
V000016,S09,in,1746.283417927542
V000019,S07,in,1746.8233696802356
V000018,S07,out,1746.8233696802356
V000011,S13,in,1751.0930886798374
V000011,S12,out,1751.226974598345
V000012,S12,in,1751.226974598345
V000021,S06,out,1753.3138633342194
V000009,S20,out,1759.9416032917932
V000014,S11,in,1785.9498579303258
V000013,S11,out,1785.9498579303258
V000016,S09,out,1793.283417927542
V000018,S08,in,1795.6638420033064
V000017,S08,out,1795.6638420033064
V000019,S07,out,1797.8233696802356
V000020,S07,in,1797.8233696802356
V000017,S09,in,1798.283417927542
V000013,S12,in,1802.226974598345
V000012,S12,out,1802.226974598345
V000012,S13,in,1804.0930886798374
V000011,S13,out,1804.0930886798374
V000015,S11,in,1826.9498579303258
V000014,S11,out,1826.9498579303258
V000019,S08,in,1849.6638420033064
V000018,S08,out,1849.6638420033064
V000021,S07,in,1852.8233696802356
V000020,S07,out,1852.8233696802356
V000012,S13,out,1856.0930886798374
V000018,S09,in,1856.283417927542
V000017,S09,out,1856.283417927542
V000013,S13,in,1862.0930886798374
V000014,S12,in,1863.226974598345
V000013,S12,out,1863.226974598345
V000016,S11,in,1871.9498579303258
V000015,S11,out,1871.9498579303258
V000010,S16,in,1874.2121579975744
V000027,S03,in,1892.1131322553094
V000026,S03,out,1892.1131322553094
V000030,S02,in,1893.1341329871748
V000029,S02,out,1893.1341329871748
V000022,S04,out,1893.8752076708051
V000023,S04,in,1893.8752076708051
V000032,S01,in,1894.5970176258893
V000031,S01,out,1894.5970176258893
V000022,S05,in,1894.9877513301087
V000021,S07,out,1898.8233696802356
V000019,S08,out,1899.6638420033064
V000020,S08,in,1899.6638420033064
V000013,S13,out,1910.0930886798374
V000018,S09,out,1913.283417927542
V000019,S09,in,1913.283417927542
V000014,S13,in,1919.0930886798374
V000015,S12,in,1920.226974598345
V000014,S12,out,1920.226974598345
V000010,S16,out,1929.2121579975744
V000017,S11,in,1929.9498579303258
V000016,S11,out,1929.9498579303258
V000010,S17,in,1937.8628592071013
V000011,S16,in,1939.2121579975744
V000023,S04,out,1945.8752076708051
V000024,S04,in,1945.8752076708051
V000027,S03,out,1947.1131322553094
V000028,S03,in,1947.1131322553094
V000031,S02,in,1954.1341329871748
V000023,S05,in,1954.9877513301087
V000022,S05,out,1954.9877513301087
V000033,S01,in,1955.5970176258893
V000032,S01,out,1955.5970176258893
V000022,S06,in,1961.3138633342194
V000020,S08,out,1963.6638420033064
V000021,S08,in,1963.6638420033064
V000019,S09,out,1974.283417927542
V000020,S09,in,1974.283417927542
V000014,S13,out,1978.0930886798374
V000015,S13,in,1984.0930886798374
V000015,S12,out,1985.226974598345
V000016,S12,in,1985.226974598345
V000010,S18,in,1991.7159578408525
V000010,S17,out,1991.8628592071013
V000011,S16,out,1993.2121579975744
V000018,S11,in,1993.9498579303258
V000017,S11,out,1993.9498579303258
V000011,S17,in,2001.8628592071013
V000023,S05,out,2007.9877513301087
V000029,S03,in,2008.1131322553094
V000028,S03,out,2008.1131322553094
V000032,S02,in,2009.1341329871748
V000031,S02,out,2009.1341329871748
V000012,S16,in,2009.2121579975744
V000025,S04,in,2009.8752076708051
V000024,S04,out,2009.8752076708051
V000024,S05,in,2010.9877513301087
V000034,S01,in,2013.5970176258893
V000033,S01,out,2013.5970176258893
V000023,S06,in,2016.3138633342194
V000022,S06,out,2016.3138633342194
V000021,S08,out,2021.6638420033064
V000020,S09,out,2024.283417927542
V000021,S09,in,2025.283417927542
V000015,S13,out,2027.0930886798374
V000018,S11,out,2046.9498579303258
V000019,S11,in,2046.9498579303258
V000016,S13,in,2048.0930886798374
V000017,S12,in,2048.226974598345
V000016,S12,out,2048.226974598345
V000011,S18,in,2050.7159578408528
V000010,S18,out,2050.7159578408528
V000011,S17,out,2050.8628592071013
V000010,S19,in,2059.6093997249295
V000024,S05,out,2062.9877513301085
V000012,S16,out,2065.2121579975746
V000023,S06,out,2065.313863334219
V000030,S03,in,2069.1131322553097
V000029,S03,out,2069.1131322553097
V000024,S06,in,2069.313863334219
V000032,S02,out,2070.134132987175
V000033,S02,in,2070.134132987175
V000026,S04,in,2070.875207670805
V000025,S04,out,2070.875207670805
V000034,S01,out,2071.5970176258893
V000035,S01,in,2071.5970176258893
V000025,S05,in,2071.9877513301085
V000013,S16,in,2072.2121579975746
V000012,S17,in,2073.8628592071013
V000021,S09,out,2074.283417927542
V000023,S07,in,2082.823369680236
V000022,S07,out,2082.823369680236
V000022,S08,in,2089.6638420033064
V000011,S18,out,2102.7159578408528
V000020,S11,in,2103.949857930326
V000019,S11,out,2103.949857930326
V000017,S12,out,2105.226974598345
V000018,S12,in,2105.226974598345
V000016,S13,out,2108.0930886798374
V000017,S13,in,2108.0930886798374
V000012,S18,in,2111.7159578408528
V000012,S17,out,2112.8628592071013
V000010,S20,in,2114.9416032917934
V000010,S19,out,2115.6093997249295
V000011,S19,in,2115.6093997249295
V000024,S06,out,2120.313863334219
V000027,S04,in,2124.875207670805
V000026,S04,out,2124.875207670805
V000031,S03,in,2125.1131322553097
V000030,S03,out,2125.1131322553097
V000033,S02,out,2126.134132987175
V000034,S02,in,2126.134132987175
V000035,S01,out,2127.5970176258893
V000036,S01,in,2127.5970176258893
V000023,S07,out,2128.823369680236
V000024,S07,in,2128.823369680236
V000013,S16,out,2129.2121579975746
V000026,S05,in,2130.9877513301085
V000025,S05,out,2130.9877513301085
V000025,S06,in,2137.313863334219
V000013,S17,in,2137.8628592071013
V000014,S16,in,2143.2121579975746
V000022,S08,out,2146.6638420033064
V000023,S08,in,2146.6638420033064
V000022,S09,in,2149.283417927542
V000017,S13,out,2150.0930886798374
V000020,S11,out,2154.949857930326
V000021,S11,in,2158.949857930326
V000012,S18,out,2160.7159578408528
V000018,S13,in,2167.0930886798374
V000019,S12,in,2168.226974598345
V000018,S12,out,2168.226974598345
V000010,S20,out,2174.9416032917934
V000012,S19,in,2180.6093997249295
V000011,S19,out,2180.6093997249295
V000011,S20,in,2180.9416032917934
V000025,S06,out,2181.313863334219
V000013,S18,in,2183.7159578408528
V000013,S17,out,2183.8628592071013
V000032,S03,in,2184.1131322553097
V000031,S03,out,2184.1131322553097
V000034,S02,out,2185.134132987175
V000035,S02,in,2185.134132987175
V000028,S04,in,2185.875207670805
V000027,S04,out,2185.875207670805
V000027,S05,in,2187.9877513301085
V000026,S05,out,2187.9877513301085
V000025,S07,in,2191.823369680236
V000024,S07,out,2191.823369680236
V000036,S01,out,2193.5970176258893
V000037,S01,in,2193.5970176258893
V000026,S06,in,2194.313863334219
V000021,S11,out,2195.949857930326
V000022,S09,out,2196.283417927542
V000014,S16,out,2201.2121579975746
V000015,S16,in,2201.2121579975746
V000023,S08,out,2203.6638420033064
V000024,S08,in,2203.6638420033064
V000023,S09,in,2207.283417927542
V000014,S17,in,2209.8628592071013
V000019,S12,out,2219.226974598345
V000020,S12,in,2219.226974598345
V000011,S20,out,2224.9416032917934
V000018,S13,out,2226.0930886798374
V000019,S13,in,2226.0930886798374
V000013,S18,out,2233.7159578408528
V000012,S19,out,2238.6093997249295
V000012,S20,in,2238.9416032917934
V000027,S05,out,2239.9877513301085
V000013,S19,in,2242.6093997249295
V000033,S03,in,2244.1131322553097
V000032,S03,out,2244.1131322553097
V000036,S02,in,2245.134132987175
V000035,S02,out,2245.134132987175
V000027,S06,in,2245.313863334219
V000026,S06,out,2245.313863334219
V000029,S04,in,2245.875207670805
V000028,S04,out,2245.875207670805
V000028,S05,in,2246.9877513301085
V000025,S07,out,2247.823369680236
V000015,S16,out,2250.2121579975746
V000026,S07,in,2250.823369680236
V000023,S09,out,2251.283417927542
V000037,S01,out,2253.5970176258893
V000038,S01,in,2253.5970176258893
V000014,S18,in,2254.7159578408528
V000014,S17,out,2254.8628592071013
V000025,S08,in,2259.6638420033064
V000024,S08,out,2259.6638420033064
V000015,S17,in,2259.8628592071013
V000024,S09,in,2263.283417927542
V000016,S16,in,2265.2121579975746
V000022,S11,in,2267.949857930326
V000020,S12,out,2275.226974598345
V000021,S12,in,2275.226974598345
V000013,S19,out,2295.6093997249295
V000012,S20,out,2296.9416032917934
V000013,S20,in,2296.9416032917934
V000028,S05,out,2298.9877513301085
V000019,S13,out,2299.0930886798374
V000020,S13,in,2299.0930886798374
V000027,S06,out,2301.313863334219
V000014,S18,out,2304.7159578408528
V000026,S07,out,2304.823369680236
V000027,S07,in,2306.823369680236
V000028,S06,in,2308.313863334219
V000033,S03,out,2310.1131322553097
V000034,S03,in,2310.1131322553097
V000036,S02,out,2311.134132987175
V000037,S02,in,2311.134132987175
V000030,S04,in,2311.875207670805
V000029,S04,out,2311.875207670805
V000029,S05,in,2311.9877513301085
V000038,S01,out,2312.5970176258893
V000039,S01,in,2312.5970176258893
V000014,S19,in,2313.6093997249295
V000016,S16,out,2317.2121579975746
V000025,S08,out,2317.6638420033064
V000026,S08,in,2317.6638420033064
V000015,S18,in,2318.7159578408528
V000015,S17,out,2318.8628592071013
V000022,S11,out,2319.949857930326
V000023,S11,in,2321.949857930326
V000024,S09,out,2323.283417927542
V000025,S09,in,2323.283417927542
V000016,S17,in,2325.8628592071013
V000017,S16,in,2335.2121579975746
V000022,S12,in,2338.226974598345
V000021,S12,out,2338.226974598345
V000027,S07,out,2349.823369680236
V000013,S20,out,2351.9416032917934
V000020,S13,out,2357.0930886798374
V000021,S13,in,2357.0930886798374
V000023,S11,out,2362.949857930326
V000028,S06,out,2367.313863334219
V000034,S03,out,2368.1131322553097
V000035,S03,in,2368.1131322553097
V000037,S02,out,2369.134132987175
V000038,S02,in,2369.134132987175
V000030,S04,out,2369.875207670805
V000031,S04,in,2369.875207670805
V000029,S05,out,2369.9877513301085
V000014,S20,in,2370.9416032917934
V000030,S05,in,2370.9877513301085
V000014,S19,out,2371.6093997249295
V000025,S09,out,2373.283417927542
V000039,S01,out,2373.5970176258893
V000040,S01,in,2373.5970176258893
V000028,S07,in,2373.823369680236
V000016,S17,out,2373.8628592071013
V000029,S06,in,2375.313863334219
V000015,S18,out,2375.7159578408528
V000016,S18,in,2375.7159578408528
V000026,S08,out,2377.6638420033064
V000027,S08,in,2377.6638420033064
V000026,S09,in,2381.283417927542
V000015,S19,in,2385.6093997249295
V000024,S11,in,2389.949857930326
V000017,S16,out,2391.2121579975746
V000022,S12,out,2398.226974598345
V000023,S12,in,2398.226974598345
V000018,S16,in,2399.2121579975746
V000017,S17,in,2399.8628592071013
V000028,S07,out,2417.823369680236
V000022,S13,in,2418.0930886798374
V000021,S13,out,2418.0930886798374
V000029,S06,out,2419.313863334219
V000030,S05,out,2420.9877513301085
V000029,S07,in,2423.823369680236
V000030,S06,in,2427.313863334219
V000016,S18,out,2428.7159578408528
V000035,S03,out,2429.1131322553097
V000036,S03,in,2429.1131322553097
V000038,S02,out,2430.134132987175
V000039,S02,in,2430.134132987175
V000026,S09,out,2430.283417927542
V000032,S04,in,2430.875207670805
V000031,S04,out,2430.875207670805
V000014,S20,out,2430.9416032917934
V000040,S01,out,2431.5970176258893
V000041,S01,in,2431.5970176258893
V000031,S05,in,2431.9877513301085
V000015,S20,in,2432.9416032917934
V000015,S19,out,2434.6093997249295
V000016,S19,in,2438.6093997249295
V000027,S08,out,2441.6638420033064
V000028,S08,in,2441.6638420033064
V000027,S09,in,2444.283417927542
V000025,S11,in,2451.949857930326
V000024,S11,out,2451.949857930326
V000017,S18,in,2456.7159578408528
V000017,S17,out,2456.8628592071013
V000024,S12,in,2459.226974598345
V000023,S12,out,2459.226974598345
V000018,S16,out,2460.2121579975746
V000019,S16,in,2466.2121579975746
V000018,S17,in,2468.8628592071013
V000029,S07,out,2478.823369680236
V000023,S13,in,2482.0930886798374
V000022,S13,out,2482.0930886798374
V000030,S06,out,2485.313863334219
V000037,S03,in,2489.1131322553097
V000036,S03,out,2489.1131322553097
V000040,S02,in,2490.134132987175
V000039,S02,out,2490.134132987175
V000033,S04,in,2490.875207670805
V000032,S04,out,2490.875207670805
V000032,S05,in,2491.9877513301085
V000031,S05,out,2491.9877513301085
V000030,S07,in,2492.823369680236
V000015,S20,out,2494.9416032917934
V000042,S01,in,2496.5970176258893
V000041,S01,out,2496.5970176258893
V000031,S06,in,2497.313863334219
V000027,S09,out,2498.283417927542
V000029,S08,in,2503.6638420033064
V000028,S08,out,2503.6638420033064
V000028,S09,in,2507.283417927542
V000017,S18,out,2508.7159578408528
V000025,S11,out,2508.949857930326
V000026,S11,in,2508.949857930326
V000016,S19,out,2511.6093997249295
V000016,S20,in,2511.9416032917934
V000019,S16,out,2513.2121579975746
V000024,S12,out,2515.226974598345
V000025,S12,in,2515.226974598345
V000017,S19,in,2517.6093997249295
V000020,S16,in,2520.2121579975746
V000018,S18,in,2522.7159578408528
V000019,S17,in,2522.8628592071013
V000018,S17,out,2522.8628592071013
V000023,S13,out,2538.0930886798374
V000024,S13,in,2538.0930886798374
V000032,S05,out,2548.9877513301085
V000038,S03,in,2551.1131322553097
V000037,S03,out,2551.1131322553097
V000031,S06,out,2551.313863334219
V000034,S04,in,2552.875207670805
V000033,S04,out,2552.875207670805
V000026,S11,out,2552.949857930326
V000040,S02,out,2553.134132987175
V000041,S02,in,2553.134132987175
V000030,S07,out,2553.823369680236
V000033,S05,in,2553.9877513301085
V000043,S01,in,2554.5970176258893
V000042,S01,out,2554.5970176258893
V000032,S06,in,2556.313863334219
V000031,S07,in,2557.823369680236
V000028,S09,out,2558.283417927542
V000027,S11,in,2560.949857930326
V000016,S20,out,2562.9416032917934
V000029,S08,out,2567.6638420033064
V000030,S08,in,2567.6638420033064
V000025,S12,out,2570.226974598345
V000026,S12,in,2570.226974598345
V000029,S09,in,2570.283417927542
V000018,S18,out,2577.7159578408528
V000017,S20,in,2577.9416032917934
V000017,S19,out,2579.6093997249295
V000019,S18,in,2581.7159578408528
V000019,S17,out,2581.8628592071013
V000024,S13,out,2582.0930886798374
V000025,S13,in,2582.0930886798374
V000020,S16,out,2583.2121579975746
V000021,S16,in,2583.2121579975746
V000018,S19,in,2587.6093997249295
V000020,S17,in,2590.8628592071013
V000031,S07,out,2606.823369680236
V000032,S06,out,2607.313863334219
V000039,S03,in,2609.1131322553097
V000038,S03,out,2609.1131322553097
V000027,S11,out,2609.949857930326
V000041,S02,out,2610.134132987175
V000042,S02,in,2610.134132987175
V000035,S04,in,2610.875207670805
V000034,S04,out,2610.875207670805
V000033,S05,out,2610.9877513301085
V000032,S07,in,2612.823369680236
V000034,S05,in,2612.9877513301085
V000033,S06,in,2618.313863334219
V000029,S09,out,2619.283417927542
V000028,S11,in,2620.949857930326
V000044,S01,in,2621.5970176258893
V000043,S01,out,2621.5970176258893
V000027,S12,in,2622.226974598345
V000026,S12,out,2622.226974598345
V000021,S16,out,2630.2121579975746
V000019,S18,out,2630.7159578408528
V000018,S19,out,2635.6093997249295
V000030,S08,out,2636.6638420033064
V000031,S08,in,2636.6638420033064
V000030,S09,in,2639.283417927542
V000019,S19,in,2639.6093997249295
V000020,S18,in,2640.7159578408528
V000020,S17,out,2640.8628592071013
V000021,S17,in,2640.8628592071013
V000022,S16,in,2641.2121579975746
V000025,S13,out,2644.0930886798374
V000026,S13,in,2644.0930886798374
V000017,S20,out,2647.9416032917934
V000018,S20,in,2647.9416032917934
V000039,S03,out,2664.1131322553097
V000040,S03,in,2664.1131322553097
V000043,S02,in,2665.134132987175
V000042,S02,out,2665.134132987175
V000036,S04,in,2665.875207670805
V000035,S04,out,2665.875207670805
V000028,S11,out,2667.949857930326
V000034,S05,out,2668.9877513301085
V000035,S05,in,2668.9877513301085
V000032,S07,out,2670.823369680236
V000033,S06,out,2673.313863334219
V000034,S06,in,2675.313863334219
V000044,S01,out,2677.5970176258893
V000045,S01,in,2677.5970176258893
V000033,S07,in,2677.823369680236
V000027,S12,out,2681.226974598345
V000028,S12,in,2681.226974598345
V000029,S11,in,2685.949857930326
V000021,S17,out,2688.8628592071013
V000031,S08,out,2691.6638420033064
V000032,S08,in,2691.6638420033064
V000022,S16,out,2692.2121579975746
V000019,S19,out,2692.6093997249295
V000020,S18,out,2692.7159578408528
V000021,S18,in,2692.7159578408528
V000026,S13,out,2696.0930886798374
V000027,S13,in,2696.0930886798374
V000023,S16,in,2698.2121579975746
V000031,S09,in,2699.283417927542
V000030,S09,out,2699.283417927542
V000022,S17,in,2700.8628592071013
V000020,S19,in,2702.6093997249295
V000018,S20,out,2706.9416032917934
V000019,S20,in,2706.9416032917934
V000034,S06,out,2720.313863334219
V000041,S03,in,2722.1131322553097
V000040,S03,out,2722.1131322553097
V000044,S02,in,2723.134132987175
V000043,S02,out,2723.134132987175
V000036,S04,out,2723.875207670805
V000037,S04,in,2723.875207670805
V000035,S05,out,2730.9877513301085
V000036,S05,in,2730.9877513301085
V000045,S01,out,2731.5970176258893
V000046,S01,in,2731.5970176258893
V000034,S07,in,2731.823369680236
V000033,S07,out,2731.823369680236
V000032,S08,out,2734.6638420033064
V000035,S06,in,2736.313863334219
V000028,S12,out,2738.226974598345
V000033,S08,in,2738.6638420033064
V000031,S09,out,2742.283417927542
V000032,S09,in,2742.283417927542
V000022,S17,out,2742.8628592071013
V000022,S18,in,2745.7159578408528
V000021,S18,out,2745.7159578408528
V000027,S13,out,2747.0930886798374
V000028,S13,in,2747.0930886798374
V000029,S11,out,2749.949857930326
V000029,S12,in,2755.226974598345
V000023,S16,out,2756.2121579975746
V000019,S20,out,2760.9416032917934
V000020,S19,out,2761.6093997249295
V000021,S19,in,2761.6093997249295
V000020,S20,in,2762.9416032917934
V000023,S17,in,2764.8628592071013
V000024,S16,in,2769.2121579975746
V000030,S11,in,2774.949857930326
V000036,S05,out,2784.9877513301085
V000042,S03,in,2785.1131322553097
V000041,S03,out,2785.1131322553097
V000045,S02,in,2786.134132987175
V000044,S02,out,2786.134132987175
V000038,S04,in,2786.875207670805
V000037,S04,out,2786.875207670805
V000046,S01,out,2787.5970176258893
V000047,S01,in,2787.5970176258893
V000037,S05,in,2788.9877513301085
V000035,S06,out,2789.313863334219
V000036,S06,in,2791.313863334219
V000022,S18,out,2796.7159578408528
V000032,S09,out,2797.283417927542
V000033,S08,out,2797.6638420033064
V000033,S09,in,2800.283417927542
V000028,S13,out,2807.0930886798374
V000023,S18,in,2810.7159578408528
V000023,S17,out,2810.8628592071013
V000029,S13,in,2814.0930886798374
V000029,S12,out,2814.226974598345
V000020,S20,out,2815.9416032917934
V000021,S19,out,2819.6093997249295
V000022,S19,in,2819.6093997249295
V000021,S20,in,2819.9416032917934
V000030,S11,out,2821.949857930326
V000024,S16,out,2824.2121579975746
V000031,S11,in,2824.949857930326
V000030,S12,in,2828.226974598345
V000025,S16,in,2831.2121579975746
V000024,S17,in,2832.8628592071013
V000035,S07,in,2840.823369680236
V000034,S07,out,2840.823369680236
V000037,S05,out,2842.9877513301085
V000042,S03,out,2843.1131322553097
V000043,S03,in,2843.1131322553097
V000045,S02,out,2844.134132987175
V000046,S02,in,2844.134132987175
V000038,S04,out,2844.875207670805
V000039,S04,in,2844.875207670805
V000047,S01,out,2845.5970176258893
V000048,S01,in,2845.5970176258893
V000038,S05,in,2845.9877513301085
V000033,S09,out,2847.283417927542
V000034,S08,in,2847.6638420033064
V000037,S06,in,2853.313863334219
V000036,S06,out,2853.313863334219
V000029,S13,out,2858.0930886798374
V000023,S18,out,2864.7159578408528
V000022,S19,out,2866.6093997249295
V000021,S20,out,2872.9416032917934
V000022,S20,in,2872.9416032917934
V000031,S11,out,2872.949857930326
V000023,S19,in,2873.6093997249295
V000024,S18,in,2880.7159578408528
V000024,S17,out,2880.8628592071013
V000032,S11,in,2885.949857930326
V000025,S16,out,2891.2121579975746
V000030,S13,in,2898.0930886798374
V000031,S12,in,2899.226974598345
V000030,S12,out,2899.226974598345
V000025,S17,in,2899.8628592071013
V000026,S16,in,2900.2121579975746
V000034,S08,out,2902.6638420033064
V000036,S07,in,2904.823369680236
V000035,S07,out,2904.823369680236
V000034,S09,in,2905.283417927542
V000038,S05,out,2905.9877513301085
V000037,S06,out,2909.313863334219
V000043,S03,out,2911.1131322553097
V000044,S03,in,2911.1131322553097
V000046,S02,out,2912.134132987175
V000047,S02,in,2912.134132987175
V000035,S08,in,2912.6638420033064
V000040,S04,in,2912.875207670805
V000039,S04,out,2912.875207670805
V000038,S06,in,2913.313863334219
V000048,S01,out,2913.5970176258893
V000049,S01,in,2913.5970176258893
V000039,S05,in,2913.9877513301085
V000022,S20,out,2919.9416032917934
V000022,S20,out,2919.9416032917934
V000023,S20,in,2925.9416032917934
V000023,S19,out,2926.6093997249295
V000032,S11,out,2944.949857930326
V000033,S11,in,2944.949857930326
V000026,S16,out,2947.2121579975746
V000030,S13,out,2948.0930886798374
V000024,S18,out,2949.7159578408528
V000025,S18,in,2949.7159578408528
V000037,S07,in,2949.823369680236
V000036,S07,out,2949.823369680236
V000025,S17,out,2950.8628592071013
V000031,S13,in,2953.0930886798374
V000032,S12,in,2954.226974598345
V000031,S12,out,2954.226974598345
V000034,S09,out,2954.283417927542
V000026,S17,in,2955.8628592071013
V000024,S19,in,2958.6093997249295
V000041,S04,in,2960.875207670805
V000040,S04,out,2960.875207670805
V000038,S06,out,2961.313863334219
V000036,S08,in,2961.6638420033064
V000035,S08,out,2961.6638420033064
V000027,S16,in,2962.2121579975746
V000035,S09,in,2965.283417927542
V000040,S05,in,2969.9877513301085
V000039,S05,out,2969.9877513301085
V000045,S03,in,2971.1131322553097
V000044,S03,out,2971.1131322553097
V000023,S20,out,2974.9416032917934
V000039,S06,in,2976.313863334219
V000048,S02,in,2980.134132987175
V000047,S02,out,2980.134132987175
V000049,S01,out,2981.5970176258893
V000050,S01,in,2981.5970176258893
V000033,S11,out,2993.949857930326
V000037,S07,out,2995.823369680236
V000038,S07,in,2995.823369680236
V000031,S13,out,3009.0930886798374
V000032,S13,in,3011.0930886798374
V000026,S17,out,3011.8628592071013
V000032,S12,out,3012.226974598345
V000033,S12,in,3012.226974598345
V000024,S19,out,3013.6093997249295
V000024,S20,in,3013.9416032917934
V000028,S16,in,3017.2121579975746
V000027,S16,out,3017.2121579975746
V000035,S09,out,3017.283417927542
V000034,S11,in,3020.949857930326
V000036,S08,out,3021.6638420033064
V000037,S08,in,3021.6638420033064
V000036,S09,in,3024.283417927542
V000027,S17,in,3025.8628592071013
V000040,S05,out,3025.9877513301085
V000039,S06,out,3026.313863334219
V000046,S03,in,3028.1131322553097
V000045,S03,out,3028.1131322553097
V000042,S04,in,3029.875207670805
V000041,S04,out,3029.875207670805
V000041,S05,in,3030.9877513301085
V000049,S02,in,3031.134132987175
V000048,S02,out,3031.134132987175
V000040,S06,in,3031.313863334219
V000050,S01,out,3037.5970176258893
V000051,S01,in,3037.5970176258893
V000025,S18,out,3050.7159578408528
V000026,S18,in,3050.7159578408528
V000038,S07,out,3053.823369680236
V000039,S07,in,3053.823369680236
V000025,S19,in,3059.6093997249295
V000034,S11,out,3063.949857930326
V000033,S12,out,3065.226974598345
V000033,S13,in,3066.0930886798374
V000032,S13,out,3066.0930886798374
V000024,S20,out,3068.9416032917934
V000028,S16,out,3070.2121579975746
V000034,S12,in,3071.226974598345
V000029,S16,in,3072.2121579975746
V000036,S09,out,3075.283417927542
V000027,S17,out,3077.8628592071013
V000028,S17,in,3078.8628592071013
V000038,S08,in,3080.6638420033064
V000037,S08,out,3080.6638420033064
V000040,S06,out,3081.313863334219
V000041,S05,out,3082.9877513301085
V000037,S09,in,3084.283417927542
V000041,S06,in,3089.313863334219
V000047,S03,in,3091.1131322553097
V000046,S03,out,3091.1131322553097
V000035,S11,in,3091.949857930326
V000050,S02,in,3092.134132987175
V000049,S02,out,3092.134132987175
V000042,S04,out,3092.875207670805
V000043,S04,in,3092.875207670805
V000052,S01,in,3093.5970176258893
V000051,S01,out,3093.5970176258893
V000042,S05,in,3093.9877513301085
V000026,S18,out,3100.7159578408528
V000027,S18,in,3100.7159578408528
V000025,S19,out,3107.6093997249295
V000025,S20,in,3107.9416032917934
V000026,S19,in,3110.6093997249295
V000029,S16,out,3117.2121579975746
V000028,S17,out,3125.8628592071013
V000029,S17,in,3125.8628592071013
V000034,S12,out,3130.226974598345
V000038,S08,out,3131.6638420033064
V000034,S13,in,3132.0930886798374
V000033,S13,out,3132.0930886798374
V000030,S16,in,3133.2121579975746
V000040,S07,in,3133.823369680236
V000039,S07,out,3133.823369680236
V000038,S09,in,3136.283417927542
V000037,S09,out,3136.283417927542
V000039,S08,in,3139.6638420033064
V000041,S06,out,3141.313863334219
V000035,S11,out,3141.949857930326
V000042,S05,out,3143.9877513301085
V000036,S11,in,3147.949857930326
V000048,S03,in,3148.1131322553097
V000047,S03,out,3148.1131322553097
V000035,S12,in,3148.226974598345
V000050,S02,out,3149.134132987175
V000051,S02,in,3149.134132987175
V000043,S04,out,3149.875207670805
V000044,S04,in,3149.875207670805
V000042,S06,in,3150.313863334219
V000043,S05,in,3150.9877513301085
V000052,S01,out,3151.5970176258893
V000053,S01,in,3151.5970176258893
V000028,S18,in,3153.7159578408528
V000027,S18,out,3153.7159578408528
V000026,S19,out,3157.6093997249295
V000027,S19,in,3161.6093997249295
V000026,S20,in,3167.9416032917934
V000025,S20,out,3167.9416032917934
V000029,S17,out,3175.8628592071013
V000034,S13,out,3182.0930886798374
V000040,S07,out,3183.823369680236
V000041,S07,in,3183.823369680236
V000038,S09,out,3186.283417927542
V000030,S16,out,3192.2121579975746
V000040,S08,in,3192.6638420033064
V000039,S08,out,3192.6638420033064
V000039,S09,in,3195.283417927542
V000042,S06,out,3199.313863334219
V000030,S17,in,3199.8628592071013
V000043,S05,out,3200.9877513301085
V000048,S03,out,3203.1131322553097
V000049,S03,in,3203.1131322553097
V000051,S02,out,3204.134132987175
V000052,S02,in,3204.134132987175
V000031,S16,in,3204.2121579975746
V000045,S04,in,3204.875207670805
V000044,S04,out,3204.875207670805
V000053,S01,out,3205.5970176258893
V000054,S01,in,3205.5970176258893
V000029,S18,in,3205.7159578408528
V000028,S18,out,3205.7159578408528
V000044,S05,in,3205.9877513301085
V000035,S13,in,3207.0930886798374
V000035,S12,out,3208.226974598345
V000043,S06,in,3208.313863334219
V000036,S11,out,3208.949857930326
V000037,S11,in,3208.949857930326
V000036,S12,in,3214.226974598345
V000027,S19,out,3218.6093997249295
V000028,S19,in,3218.6093997249295
V000026,S20,out,3223.9416032917934
V000027,S20,in,3223.9416032917934
V000039,S09,out,3240.283417927542
V000040,S08,out,3241.6638420033064
V000040,S09,in,3245.283417927542
V000031,S16,out,3249.2121579975746
V000041,S07,out,3249.823369680236
V000042,S07,in,3249.823369680236
V000030,S17,out,3251.8628592071013
V000041,S08,in,3255.6638420033064
V000031,S17,in,3257.8628592071013
V000029,S18,out,3258.7159578408528
V000030,S18,in,3258.7159578408528
V000044,S05,out,3258.9877513301085
V000043,S06,out,3260.313863334219
V000044,S06,in,3263.313863334219
V000035,S13,out,3264.0930886798374
V000050,S03,in,3264.1131322553097
V000049,S03,out,3264.1131322553097
V000052,S02,out,3265.134132987175
V000053,S02,in,3265.134132987175
V000045,S04,out,3265.875207670805
V000046,S04,in,3265.875207670805
V000055,S01,in,3266.5970176258893
V000054,S01,out,3266.5970176258893
V000045,S05,in,3266.9877513301085
V000028,S19,out,3269.6093997249295
V000029,S19,in,3269.6093997249295
V000032,S16,in,3272.2121579975746
V000027,S20,out,3275.9416032917934
V000028,S20,in,3275.9416032917934
V000036,S13,in,3276.0930886798374
V000036,S12,out,3277.226974598345
V000037,S11,out,3282.949857930326
V000038,S11,in,3282.949857930326
V000037,S12,in,3289.226974598345
V000040,S09,out,3294.283417927542
V000043,S07,in,3295.823369680236
V000042,S07,out,3295.823369680236
V000031,S18,in,3311.7159578408528
V000030,S18,out,3311.7159578408528
V000031,S17,out,3312.8628592071013
V000041,S08,out,3314.6638420033064
V000042,S08,in,3314.6638420033064
V000041,S09,in,3317.283417927542
V000044,S06,out,3318.313863334219
V000045,S05,out,3322.9877513301085
V000032,S16,out,3326.2121579975746
V000045,S06,in,3329.313863334219
V000050,S03,out,3332.1131322553097
V000051,S03,in,3332.1131322553097
V000029,S19,out,3332.6093997249295
V000030,S19,in,3332.6093997249295
V000053,S02,out,3333.134132987175
V000054,S02,in,3333.134132987175
V000047,S04,in,3333.875207670805
V000046,S04,out,3333.875207670805
V000055,S01,out,3334.5970176258893
V000056,S01,in,3334.5970176258893
V000032,S17,in,3334.8628592071013
V000039,S11,in,3334.949857930326
V000038,S11,out,3334.949857930326
V000046,S05,in,3334.9877513301085
V000028,S20,out,3335.9416032917934
V000029,S20,in,3335.9416032917934
V000036,S13,out,3342.0930886798374
V000037,S13,in,3343.0930886798374
V000044,S07,in,3343.823369680236
V000043,S07,out,3343.823369680236
V000037,S12,out,3344.226974598345
V000038,S12,in,3344.226974598345
V000031,S18,out,3367.7159578408528
V000041,S09,out,3371.283417927542
V000042,S08,out,3373.6638420033064
V000043,S08,in,3373.6638420033064
V000042,S09,in,3377.283417927542
V000039,S11,out,3382.949857930326
V000032,S17,out,3383.8628592071013
V000032,S18,in,3384.7159578408528
V000040,S11,in,3384.949857930326
V000031,S19,in,3386.6093997249295
V000030,S19,out,3386.6093997249295
V000045,S06,out,3388.313863334219
V000029,S20,out,3388.9416032917934
V000030,S20,in,3388.9416032917934
V000044,S07,out,3391.823369680236
V000045,S07,in,3392.823369680236
V000039,S12,in,3394.226974598345
V000038,S12,out,3394.226974598345
V000051,S03,out,3395.1131322553097
V000052,S03,in,3395.1131322553097
V000055,S02,in,3396.134132987175
V000054,S02,out,3396.134132987175
V000048,S04,in,3396.875207670805
V000047,S04,out,3396.875207670805
V000047,S05,in,3402.9877513301085
V000046,S05,out,3402.9877513301085
V000037,S13,out,3404.0930886798374
V000038,S13,in,3404.0930886798374
V000056,S01,out,3407.5970176258893
V000057,S01,in,3407.5970176258893
V000046,S06,in,3410.313863334219
V000043,S08,out,3426.6638420033064
V000044,S08,in,3426.6638420033064
V000040,S11,out,3426.949857930326
V000042,S09,out,3432.283417927542
V000043,S09,in,3432.283417927542
V000041,S11,in,3437.949857930326
V000045,S07,out,3444.823369680236
V000030,S20,out,3444.9416032917934
V000032,S18,out,3445.7159578408528
V000031,S20,in,3449.9416032917934
V000031,S19,out,3451.6093997249295
V000032,S19,in,3455.6093997249295
V000053,S03,in,3457.1131322553097
V000052,S03,out,3457.1131322553097
V000055,S02,out,3458.134132987175
V000056,S02,in,3458.134132987175
V000049,S04,in,3458.875207670805
V000048,S04,out,3458.875207670805
V000047,S05,out,3459.9877513301085
V000057,S01,out,3460.5970176258893
V000058,S01,in,3460.5970176258893
V000048,S05,in,3460.9877513301085
V000040,S12,in,3462.226974598345
V000039,S12,out,3462.226974598345
V000046,S06,out,3468.313863334219
V000047,S06,in,3468.313863334219
V000038,S13,out,3469.0930886798374
V000039,S13,in,3469.0930886798374
V000046,S07,in,3472.823369680236
V000041,S11,out,3479.949857930326
V000043,S09,out,3484.283417927542
V000045,S08,in,3484.6638420033064
V000044,S08,out,3484.6638420033064
V000044,S09,in,3487.283417927542
V000031,S20,out,3499.9416032917934
V000042,S11,in,3500.949857930326
V000050,S04,in,3509.875207670805
V000049,S04,out,3509.875207670805
V000033,S16,in,3512.2121579975746
V000032,S19,out,3512.6093997249295
V000040,S12,out,3513.226974598345
V000041,S12,in,3513.226974598345
V000032,S20,in,3514.9416032917934
V000054,S03,in,3515.1131322553097
V000053,S03,out,3515.1131322553097
V000056,S02,out,3516.134132987175
V000057,S02,in,3516.134132987175
V000047,S06,out,3516.313863334219
V000059,S01,in,3517.5970176258893
V000058,S01,out,3517.5970176258893
V000048,S05,out,3520.9877513301085
V000049,S05,in,3520.9877513301085
V000048,S06,in,3527.313863334219
V000046,S07,out,3529.823369680236
V000047,S07,in,3529.823369680236
V000039,S13,out,3530.0930886798374
V000040,S13,in,3530.0930886798374
V000044,S09,out,3540.283417927542
V000045,S08,out,3542.6638420033064
V000046,S08,in,3542.6638420033064
V000045,S09,in,3545.283417927542
V000042,S11,out,3549.949857930326
V000043,S11,in,3560.949857930326
V000033,S16,out,3564.2121579975746
V000049,S05,out,3569.9877513301085
V000032,S20,out,3570.9416032917934
V000041,S12,out,3571.226974598345
V000042,S12,in,3571.226974598345
V000033,S17,in,3571.8628592071013
V000034,S16,in,3573.2121579975746
V000040,S13,out,3574.0930886798374
V000041,S13,in,3574.0930886798374
V000054,S03,out,3575.1131322553097
V000055,S03,in,3575.1131322553097
V000057,S02,out,3576.134132987175
V000058,S02,in,3576.134132987175
V000051,S04,in,3576.875207670805
V000050,S04,out,3576.875207670805
V000060,S01,in,3577.5970176258893
V000059,S01,out,3577.5970176258893
V000050,S05,in,3577.9877513301085
V000047,S07,out,3580.823369680236
V000048,S06,out,3587.313863334219
V000049,S06,in,3587.313863334219
V000048,S07,in,3592.823369680236
V000047,S08,in,3600.6638420033064
V000046,S08,out,3600.6638420033064
V000045,S09,out,3603.283417927542
V000046,S09,in,3603.283417927542
V000045,S09,out,3603.283417927542
V000033,S18,in,3609.7159578408528
V000033,S17,out,3609.8628592071013
V000043,S11,out,3617.949857930326
V000041,S13,out,3621.0930886798374
V000044,S11,in,3625.949857930326
V000034,S16,out,3626.2121579975746
V000042,S13,in,3632.0930886798374
V000042,S12,out,3632.226974598345
V000043,S12,in,3632.226974598345
V000050,S05,out,3632.9877513301085
V000034,S17,in,3634.8628592071013
V000035,S16,in,3636.2121579975746
V000049,S06,out,3641.313863334219
V000055,S03,out,3649.1131322553097
V000056,S03,in,3649.1131322553097
V000058,S02,out,3650.134132987175
V000059,S02,in,3650.134132987175
V000052,S04,in,3650.875207670805
V000051,S04,out,3650.875207670805
V000060,S01,out,3651.5970176258893
V000061,S01,in,3651.5970176258893
V000051,S05,in,3651.9877513301085
V000048,S07,out,3655.823369680236
V000049,S07,in,3655.823369680236
V000046,S09,out,3658.283417927542
V000033,S18,out,3659.7159578408528
V000048,S08,in,3664.6638420033064
V000047,S08,out,3664.6638420033064
V000047,S09,in,3669.283417927542
V000033,S19,in,3669.6093997249295
V000044,S11,out,3674.949857930326
V000045,S11,in,3677.949857930326
V000042,S13,out,3684.0930886798374
V000034,S18,in,3689.7159578408528
V000034,S17,out,3689.8628592071013
V000035,S16,out,3690.2121579975746
V000036,S16,in,3690.2121579975746
V000050,S06,out,3693.313863334219
V000043,S13,in,3695.0930886798374
V000043,S12,out,3695.226974598345
V000044,S12,in,3695.226974598345
V000035,S17,in,3697.8628592071013
V000057,S03,in,3708.1131322553097
V000056,S03,out,3708.1131322553097
V000059,S02,out,3709.134132987175
V000060,S02,in,3709.134132987175
V000052,S04,out,3709.875207670805
V000053,S04,in,3709.875207670805
V000062,S01,in,3710.5970176258893
V000061,S01,out,3710.5970176258893
V000049,S07,out,3712.823369680236
V000050,S07,in,3712.823369680236
V000033,S19,out,3715.6093997249295
V000033,S20,in,3715.9416032917934
V000047,S09,out,3717.283417927542
V000045,S11,out,3720.949857930326
V000048,S08,out,3731.6638420033064
V000049,S08,in,3731.6638420033064
V000046,S11,in,3734.949857930326
V000048,S09,in,3735.283417927542
V000052,S05,in,3737.9877513301085
V000051,S05,out,3737.9877513301085
V000034,S18,out,3740.7159578408528
V000051,S06,in,3744.313863334219
V000043,S13,out,3746.0930886798374
V000036,S16,out,3746.2121579975746
V000044,S13,in,3749.0930886798374
V000044,S12,out,3749.226974598345
V000045,S12,in,3749.226974598345
V000034,S19,in,3749.6093997249295
V000035,S17,out,3749.8628592071013
V000035,S18,in,3750.7159578408528
V000037,S16,in,3754.2121579975746
V000036,S17,in,3755.8628592071013
V000033,S20,out,3756.9416032917934
V000050,S06,in,3757.6363576087974
V000057,S03,out,3771.1131322553097
V000058,S03,in,3771.1131322553097
V000060,S02,out,3772.134132987175
V000061,S02,in,3772.134132987175
V000054,S04,in,3772.875207670805
V000053,S04,out,3772.875207670805
V000063,S01,in,3773.5970176258893
V000062,S01,out,3773.5970176258893
V000050,S07,out,3779.823369680236
V000049,S08,out,3785.6638420033064
V000050,S08,in,3786.6638420033064
V000049,S09,in,3789.283417927542
V000048,S09,out,3789.283417927542
V000053,S05,in,3789.9877513301085
V000052,S05,out,3789.9877513301085
V000044,S13,out,3796.0930886798374
V000036,S17,out,3798.8628592071013
V000036,S18,in,3800.7159578408528
V000035,S18,out,3800.7159578408528
V000052,S06,in,3801.313863334219
V000051,S06,out,3801.313863334219
V000034,S19,out,3806.6093997249295
V000051,S07,in,3806.823369680236
V000034,S20,in,3806.9416032917934
V000035,S19,in,3809.6093997249295
V000045,S13,in,3811.0930886798374
V000045,S12,out,3812.226974598345
V000037,S16,out,3815.2121579975746
V000038,S16,in,3816.2121579975746
V000037,S17,in,3823.8628592071013
V000059,S03,in,3824.1131322553097
V000058,S03,out,3824.1131322553097
V000054,S04,out,3825.875207670805
V000055,S04,in,3825.875207670805
V000061,S02,out,3831.134132987175
V000062,S02,in,3831.134132987175
V000064,S01,in,3832.5970176258893
V000063,S01,out,3832.5970176258893
V000049,S09,out,3840.283417927542
V000053,S05,out,3842.9877513301085
V000054,S05,in,3842.9877513301085
V000050,S08,out,3845.6638420033064
V000052,S06,out,3847.313863334219
V000050,S09,in,3848.283417927542
V000053,S06,in,3851.313863334219
V000036,S18,out,3851.7159578408528
V000045,S13,out,3864.0930886798374
V000035,S19,out,3864.6093997249295
V000036,S19,in,3864.6093997249295
V000035,S20,in,3864.9416032917934
V000034,S20,out,3864.9416032917934
V000038,S16,out,3868.2121579975746
V000039,S16,in,3873.2121579975746
V000037,S18,in,3877.7159578408528
V000052,S07,in,3877.823369680236
V000051,S07,out,3877.823369680236
V000037,S17,out,3877.8628592071013
V000038,S17,in,3877.8628592071013
V000059,S03,out,3878.1131322553097
V000060,S03,in,3878.1131322553097
V000055,S04,out,3879.875207670805
V000056,S04,in,3879.875207670805
V000051,S08,in,3883.6638420033064
V000062,S02,out,3890.134132987175
V000063,S02,in,3890.134132987175
V000065,S01,in,3893.5970176258893
V000064,S01,out,3893.5970176258893
V000050,S09,out,3895.283417927542
V000054,S05,out,3896.9877513301085
V000055,S05,in,3896.9877513301085
V000053,S06,out,3904.313863334219
V000054,S06,in,3904.313863334219
V000036,S19,out,3908.6093997249295
V000039,S16,out,3916.2121579975746
V000035,S20,out,3918.9416032917934
V000036,S20,in,3918.9416032917934
V000047,S11,in,3924.949857930326
V000046,S11,out,3924.949857930326
V000052,S07,out,3930.823369680236
V000053,S07,in,3930.823369680236
V000046,S12,in,3931.226974598345
V000037,S18,out,3931.7159578408528
V000038,S18,in,3933.7159578408528
V000039,S17,in,3933.8628592071013
V000038,S17,out,3933.8628592071013
V000040,S16,in,3936.2121579975746
V000037,S19,in,3940.6093997249295
V000060,S03,out,3944.1131322553097
V000061,S03,in,3944.1131322553097
V000057,S04,in,3945.875207670805
V000056,S04,out,3945.875207670805
V000054,S06,out,3950.313863334219
V000056,S05,in,3954.9877513301085
V000055,S05,out,3954.9877513301085
V000064,S02,in,3957.134132987175
V000063,S02,out,3957.134132987175
V000051,S08,out,3957.6638420033064
V000052,S08,in,3957.6638420033064
V000066,S01,in,3958.5970176258893
V000065,S01,out,3958.5970176258893
V000051,S09,in,3960.283417927542
V000055,S06,in,3961.313863334219
V000036,S20,out,3970.9416032917934
V000024,S20,in,3970.9416032917934
V000047,S11,out,3976.949857930326
V000048,S11,in,3976.949857930326
V000053,S07,out,3977.823369680236
V000054,S07,in,3977.823369680236
V000038,S18,out,3982.7159578408528
V000040,S16,out,3985.2121579975746
V000046,S13,in,3988.0930886798374
V000047,S12,in,3988.226974598345
V000046,S12,out,3988.226974598345
V000039,S17,out,3989.8628592071013
V000039,S18,in,3990.7159578408528
V000040,S17,in,3993.8628592071013
V000038,S19,in,3995.6093997249295
V000037,S19,out,3995.6093997249295
V000061,S03,out,4000.1131322553097
V000062,S03,in,4000.1131322553097
V000064,S02,out,4001.134132987175
V000065,S02,in,4001.134132987175
V000058,S04,in,4001.875207670805
V000057,S04,out,4001.875207670805
V000041,S16,in,4003.2121579975746
V000066,S01,out,4010.5970176258893
V000067,S01,in,4010.5970176258893
V000051,S09,out,4011.283417927542
V000057,S05,in,4011.9877513301085
V000056,S05,out,4011.9877513301085
V000055,S06,out,4012.313863334219
V000056,S06,in,4019.313863334219
V000053,S08,in,4021.6638420033064
V000052,S08,out,4021.6638420033064
V000052,S09,in,4024.283417927542
V000024,S20,out,4029.9416032917934
V000037,S20,in,4029.9416032917934
V000055,S07,in,4031.823369680236
V000054,S07,out,4031.823369680236
V000049,S11,in,4032.949857930326
V000048,S11,out,4032.949857930326
V000040,S17,out,4036.8628592071013
V000038,S19,out,4043.6093997249295
V000047,S13,in,4045.0930886798374
V000046,S13,out,4045.0930886798374
V000048,S12,in,4045.226974598345
V000047,S12,out,4045.226974598345
V000039,S18,out,4058.7159578408528
V000040,S18,in,4058.7159578408528
V000041,S16,out,4061.2121579975746
V000062,S03,out,4062.1131322553097
V000063,S03,in,4062.1131322553097
V000065,S02,out,4063.134132987175
V000066,S02,in,4063.134132987175
V000059,S04,in,4063.875207670805
V000058,S04,out,4063.875207670805
V000067,S01,out,4064.5970176258893
V000068,S01,in,4064.5970176258893
V000039,S19,in,4067.6093997249295
V000042,S16,in,4068.2121579975746
V000056,S06,out,4069.313863334219
V000041,S17,in,4069.8628592071013
V000052,S09,out,4075.283417927542
V000037,S20,out,4076.9416032917934
V000038,S20,in,4076.9416032917934
V000057,S05,out,4076.9877513301085
V000058,S05,in,4076.9877513301085
V000053,S08,out,4082.6638420033064
V000054,S08,in,4082.6638420033064
V000057,S06,in,4083.313863334219
V000053,S09,in,4086.283417927542
V000056,S07,in,4095.823369680236
V000055,S07,out,4095.823369680236
V000047,S13,out,4100.093088679838
V000049,S11,out,4103.949857930325
V000050,S11,in,4103.949857930325
V000040,S18,out,4108.715957840853
V000060,S04,in,4115.875207670805
V000059,S04,out,4115.875207670805
V000064,S03,in,4119.113132255309
V000063,S03,out,4119.113132255309
V000067,S02,in,4120.134132987175
V000066,S02,out,4120.134132987175
V000040,S19,in,4120.60939972493
V000039,S19,out,4120.60939972493
V000042,S16,out,4121.212157997575
V000043,S16,in,4122.212157997575
V000039,S20,in,4126.941603291793
V000038,S20,out,4126.941603291793
V000041,S18,in,4127.715957840853
V000059,S05,in,4127.987751330109
V000058,S05,out,4127.987751330109
V000069,S01,in,4128.59701762589
V000068,S01,out,4128.59701762589
V000041,S17,out,4128.862859207102
V000042,S17,in,4129.862859207102
V000055,S08,in,4130.663842003307
V000054,S08,out,4130.663842003307
V000058,S06,in,4136.31386333422
V000057,S06,out,4136.31386333422
V000054,S09,in,4149.283417927542
V000053,S09,out,4149.283417927542
V000051,S11,in,4153.949857930325
V000050,S11,out,4153.949857930325
V000057,S07,in,4156.823369680235
V000056,S07,out,4156.823369680235
V000043,S16,out,4167.212157997575
V000060,S04,out,4171.875207670805
V000061,S04,in,4171.875207670805
V000040,S19,out,4172.60939972493
V000064,S03,out,4173.113132255309
V000065,S03,in,4173.113132255309
V000068,S02,in,4179.134132987175
V000067,S02,out,4179.134132987175
V000041,S18,out,4179.715957840853
V000070,S01,in,4180.59701762589
V000069,S01,out,4180.59701762589
V000042,S18,in,4181.715957840853
V000043,S17,in,4182.862859207102
V000042,S17,out,4182.862859207102
V000056,S08,in,4183.663842003307
V000055,S08,out,4183.663842003307
V000059,S05,out,4183.987751330109
V000060,S05,in,4183.987751330109
V000040,S20,in,4187.941603291793
V000039,S20,out,4187.941603291793
V000041,S19,in,4188.60939972493
V000044,S16,in,4189.212157997575
V000058,S06,out,4195.31386333422
V000059,S06,in,4195.31386333422
V000054,S09,out,4201.283417927542
V000055,S09,in,4201.283417927542
V000061,S04,out,4218.875207670805
V000062,S04,in,4218.875207670805
V000057,S07,out,4221.823369680235
V000058,S07,in,4221.823369680235
V000065,S03,out,4227.113132255309
V000066,S03,in,4227.113132255309
V000069,S02,in,4231.134132987175
V000068,S02,out,4231.134132987175
V000070,S01,out,4232.59701762589
V000071,S01,in,4232.59701762589
V000043,S17,out,4235.862859207102
V000042,S18,out,4240.715957840853
V000043,S18,in,4240.715957840853
V000044,S16,out,4242.212157997575
V000040,S20,out,4245.941603291793
V000059,S06,out,4247.31386333422
V000056,S08,out,4249.663842003307
V000057,S08,in,4249.663842003307
V000044,S17,in,4249.862859207102
V000060,S05,out,4249.987751330109
V000061,S05,in,4249.987751330109
V000055,S09,out,4254.283417927542
V000056,S09,in,4254.283417927542
V000060,S06,in,4256.31386333422
V000045,S16,in,4265.212157997575
V000058,S07,out,4282.823369680235
V000059,S07,in,4282.823369680235
V000048,S13,in,4284.093088679838
V000052,S11,in,4284.949857930325
V000051,S11,out,4284.949857930325
V000066,S03,out,4285.113132255309
V000067,S03,in,4285.113132255309
V000048,S12,out,4285.226974598345
V000049,S12,in,4285.226974598345
V000070,S02,in,4286.134132987175
V000069,S02,out,4286.134132987175
V000062,S04,out,4286.875207670805
V000063,S04,in,4286.875207670805
V000072,S01,in,4288.59701762589
V000071,S01,out,4288.59701762589
V000043,S18,out,4292.715957840853
V000044,S18,in,4299.715957840853
V000044,S17,out,4300.862859207102
V000062,S05,in,4301.987751330109
V000061,S05,out,4301.987751330109
V000056,S09,out,4303.283417927542
V000057,S08,out,4304.663842003307
V000058,S08,in,4304.663842003307
V000060,S06,out,4307.31386333422
V000057,S09,in,4308.283417927542
V000061,S06,in,4308.31386333422
V000059,S07,out,4332.823369680235
V000060,S07,in,4332.823369680235
V000048,S13,out,4337.093088679838
V000049,S13,in,4346.093088679838
V000052,S11,out,4346.949857930325
V000053,S11,in,4346.949857930325
V000068,S03,in,4347.113132255309
V000067,S03,out,4347.113132255309
V000049,S12,out,4347.226974598345
V000050,S12,in,4347.226974598345
V000071,S02,in,4348.134132987175
V000070,S02,out,4348.134132987175
V000063,S04,out,4348.875207670805
V000064,S04,in,4348.875207670805
V000073,S01,in,4349.59701762589
V000072,S01,out,4349.59701762589
V000045,S16,out,4353.212157997575
V000046,S16,in,4353.212157997575
V000059,S08,in,4353.663842003307
V000058,S08,out,4353.663842003307
V000061,S06,out,4359.31386333422
V000062,S05,out,4359.987751330109
V000063,S05,in,4359.987751330109
V000058,S09,in,4360.283417927542
V000057,S09,out,4360.283417927542
V000045,S17,in,4361.862859207102
V000062,S06,in,4366.31386333422
V000060,S07,out,4388.823369680235
V000061,S07,in,4388.823369680235
V000049,S13,out,4395.093088679838
V000050,S13,in,4400.093088679838
V000068,S03,out,4401.113132255309
V000069,S03,in,4401.113132255309
V000050,S12,out,4401.226974598345
V000051,S12,in,4401.226974598345
V000071,S02,out,4402.134132987175
V000072,S02,in,4402.134132987175
V000064,S04,out,4402.875207670805
V000065,S04,in,4402.875207670805
V000073,S01,out,4403.59701762589
V000074,S01,in,4403.59701762589
V000046,S16,out,4404.212157997575
V000047,S16,in,4404.212157997575
V000059,S08,out,4410.663842003307
V000060,S08,in,4410.663842003307
V000054,S11,in,4412.949857930325
V000053,S11,out,4412.949857930325
V000058,S09,out,4413.283417927542
V000059,S09,in,4414.283417927542
V000064,S05,in,4418.987751330109
V000063,S05,out,4418.987751330109
V000046,S17,in,4419.862859207102
V000045,S17,out,4419.862859207102
V000062,S06,out,4423.31386333422
V000063,S06,in,4425.31386333422
V000044,S18,out,4433.715957840853
V000045,S18,in,4433.715957840853
V000061,S07,out,4437.823369680235
V000062,S07,in,4437.823369680235
V000041,S19,out,4438.60939972493
V000042,S19,in,4438.60939972493
V000041,S20,in,4439.941603291793
V000059,S09,out,4454.283417927542
V000052,S12,in,4459.226974598345
V000051,S12,out,4459.226974598345
V000070,S03,in,4462.113132255309
V000069,S03,out,4462.113132255309
V000073,S02,in,4463.134132987175
V000072,S02,out,4463.134132987175
V000065,S04,out,4463.875207670805
V000066,S04,in,4463.875207670805
V000075,S01,in,4464.59701762589
V000074,S01,out,4464.59701762589
V000051,S13,in,4465.093088679838
V000050,S13,out,4465.093088679838
V000047,S16,out,4467.212157997575
V000060,S08,out,4472.663842003307
V000061,S08,in,4472.663842003307
V000060,S09,in,4476.283417927542
V000063,S06,out,4478.31386333422
V000048,S16,in,4481.212157997575
V000065,S05,in,4483.987751330109
V000064,S05,out,4483.987751330109
V000045,S18,out,4488.715957840853
V000041,S20,out,4489.941603291793
V000064,S06,in,4490.31386333422
V000042,S20,in,4492.941603291793
V000043,S19,in,4493.60939972493
V000042,S19,out,4493.60939972493
V000062,S07,out,4499.823369680235
V000063,S07,in,4499.823369680235
V000053,S12,in,4515.226974598345
V000052,S12,out,4515.226974598345
V000071,S03,in,4517.113132255309
V000070,S03,out,4517.113132255309
V000074,S02,in,4518.134132987175
V000073,S02,out,4518.134132987175
V000067,S04,in,4518.875207670805
V000066,S04,out,4518.875207670805
V000051,S13,out,4520.093088679838
V000052,S13,in,4520.093088679838
V000076,S01,in,4520.59701762589
V000075,S01,out,4520.59701762589
V000060,S09,out,4527.283417927542
V000062,S08,in,4530.663842003307
V000061,S08,out,4530.663842003307
V000061,S09,in,4535.283417927542
V000048,S16,out,4539.212157997575
V000042,S20,out,4540.941603291793
V000049,S16,in,4541.212157997575
V000064,S06,out,4541.31386333422
V000066,S05,in,4541.987751330109
V000065,S05,out,4541.987751330109
V000065,S06,in,4549.31386333422
V000044,S19,in,4565.60939972493
V000043,S19,out,4565.60939972493
V000043,S20,in,4565.941603291793
V000053,S12,out,4572.226974598345
V000062,S08,out,4573.663842003307
V000072,S03,in,4575.113132255309
V000071,S03,out,4575.113132255309
V000067,S04,out,4575.875207670805
V000068,S04,in,4575.875207670805
V000074,S02,out,4576.134132987175
V000075,S02,in,4576.134132987175
V000077,S01,in,4577.59701762589
V000076,S01,out,4577.59701762589
V000052,S13,out,4580.093088679838
V000053,S13,in,4580.093088679838
V000063,S07,out,4582.823369680235
V000064,S07,in,4582.823369680235
V000063,S08,in,4590.663842003307
V000066,S05,out,4600.987751330109
V000067,S05,in,4600.987751330109
V000065,S06,out,4603.31386333422
V000066,S06,in,4607.31386333422
V000044,S19,out,4616.60939972493
V000045,S19,in,4616.60939972493
V000043,S20,out,4616.941603291793
V000044,S20,in,4616.941603291793
V000062,S09,in,4630.283417927542
V000061,S09,out,4630.283417927542
V000055,S11,in,4630.949857930325
V000054,S11,out,4630.949857930325
V000065,S07,in,4632.823369680235
V000064,S07,out,4632.823369680235
V000068,S04,out,4634.875207670805
V000054,S12,in,4635.226974598345
V000053,S13,out,4642.093088679838
V000063,S08,out,4652.663842003307
V000064,S08,in,4652.663842003307
V000066,S06,out,4656.31386333422
V000067,S05,out,4659.987751330109
V000068,S05,in,4659.987751330109
V000067,S06,in,4667.31386333422
V000031,S20,in,4672.941603291793
V000044,S20,out,4672.941603291793
V000045,S19,out,4679.60939972493
V000055,S11,out,4684.949857930325
V000056,S11,in,4684.949857930325
V000073,S03,in,4685.113132255309
V000072,S03,out,4685.113132255309
V000076,S02,in,4686.134132987175
V000075,S02,out,4686.134132987175
V000062,S09,out,4687.283417927542
V000063,S09,in,4687.283417927542
V000078,S01,in,4687.59701762589
V000077,S01,out,4687.59701762589
V000070,S04,in,4687.875207670805
V000069,S04,out,4687.875207670805
V000066,S07,in,4692.823369680235
V000065,S07,out,4692.823369680235
V000054,S13,in,4697.093088679838
V000054,S12,out,4698.226974598345
V000055,S12,in,4698.226974598345
V000067,S06,out,4710.31386333422
V000068,S05,out,4713.987751330109
V000069,S05,in,4713.987751330109
V000065,S08,in,4719.663842003307
V000064,S08,out,4719.663842003307
V000068,S06,in,4721.31386333422
V000031,S20,out,4730.941603291793
V000045,S20,in,4730.941603291793
V000073,S03,out,4733.113132255309
V000074,S03,in,4733.113132255309
V000063,S09,out,4742.283417927542
V000064,S09,in,4742.283417927542
V000056,S11,out,4742.949857930325
V000057,S11,in,4742.949857930325
V000071,S04,in,4743.875207670805
V000070,S04,out,4743.875207670805
V000054,S13,out,4745.093088679838
V000076,S02,out,4745.134132987175
V000077,S02,in,4745.134132987175
V000066,S07,out,4750.823369680235
V000067,S07,in,4750.823369680235
V000078,S01,out,4751.59701762589
V000079,S01,in,4751.59701762589
V000055,S13,in,4764.093088679838
V000055,S12,out,4765.226974598345
V000056,S12,in,4765.226974598345
V000065,S08,out,4775.663842003307
V000066,S08,in,4775.663842003307
V000069,S05,out,4777.987751330109
V000070,S05,in,4777.987751330109
V000074,S03,out,4784.113132255309
V000075,S03,in,4784.113132255309
V000057,S11,out,4784.949857930325
V000058,S11,in,4784.949857930325
V000068,S06,out,4785.31386333422
V000069,S06,in,4785.31386333422
V000045,S20,out,4791.941603291793
V000027,S20,in,4791.941603291793
V000071,S04,out,4797.875207670805
V000072,S04,in,4797.875207670805
V000064,S09,out,4800.283417927542
V000065,S09,in,4800.283417927542
V000077,S02,out,4811.134132987175
V000078,S02,in,4811.134132987175
V000079,S01,out,4812.59701762589
V000080,S01,in,4812.59701762589
V000068,S07,in,4816.823369680235
V000067,S07,out,4816.823369680235
V000055,S13,out,4817.093088679838
V000056,S13,in,4818.093088679838
V000057,S12,in,4819.226974598345
V000056,S12,out,4819.226974598345
V000049,S16,out,4825.212157997575
V000050,S16,in,4825.212157997575
V000069,S06,out,4829.31386333422
V000046,S17,out,4830.862859207102
V000047,S17,in,4830.862859207102
V000046,S18,in,4831.715957840853
V000066,S08,out,4837.663842003307
V000067,S08,in,4837.663842003307
V000071,S05,in,4837.987751330109
V000070,S05,out,4837.987751330109
V000058,S11,out,4838.949857930325
V000059,S11,in,4838.949857930325
V000027,S20,out,4842.941603291793
V000070,S06,in,4845.31386333422
V000072,S04,out,4851.875207670805
V000073,S04,in,4851.875207670805
V000065,S09,out,4856.283417927542
V000066,S09,in,4856.283417927542
V000075,S03,out,4863.113132255309
V000076,S03,in,4863.113132255309
V000078,S02,out,4864.134132987175
V000079,S02,in,4864.134132987175
V000068,S07,out,4864.823369680235
V000069,S07,in,4864.823369680235
V000080,S01,out,4865.59701762589
V000081,S01,in,4865.59701762589
V000056,S13,out,4867.093088679838
V000050,S16,out,4878.212157997575
V000051,S16,in,4878.212157997575
V000057,S13,in,4880.093088679838
V000057,S12,out,4881.226974598345
V000058,S12,in,4881.226974598345
V000048,S17,in,4883.862859207102
V000047,S17,out,4883.862859207102
V000046,S18,out,4885.715957840853
V000047,S18,in,4885.715957840853
V000059,S11,out,4887.949857930325
V000060,S11,in,4887.949857930325
V000067,S08,out,4890.663842003307
V000068,S08,in,4890.663842003307
V000046,S19,in,4894.60939972493
V000072,S05,in,4895.987751330109
V000071,S05,out,4895.987751330109
V000070,S06,out,4899.31386333422
V000071,S06,in,4901.31386333422
V000067,S09,in,4907.283417927542
V000066,S09,out,4907.283417927542
V000073,S04,out,4909.875207670805
V000074,S04,in,4909.875207670805
V000077,S03,in,4914.113132255309
V000076,S03,out,4914.113132255309
V000079,S02,out,4915.134132987175
V000080,S02,in,4915.134132987175
V000082,S01,in,4922.59701762589
V000081,S01,out,4922.59701762589
V000070,S07,in,4923.823369680235
V000069,S07,out,4923.823369680235
V000061,S11,in,4926.949857930325
V000060,S11,out,4926.949857930325
V000057,S13,out,4932.093088679838
V000051,S16,out,4935.212157997575
V000052,S16,in,4935.212157997575
V000047,S18,out,4937.715957840853
V000048,S18,in,4940.715957840853
V000048,S17,out,4940.862859207102
V000049,S17,in,4940.862859207102
V000046,S20,in,4942.941603291793
V000046,S19,out,4943.60939972493
V000058,S13,in,4944.093088679838
V000059,S12,in,4945.226974598345
V000058,S12,out,4945.226974598345
V000047,S19,in,4947.60939972493
V000068,S08,out,4949.663842003307
V000069,S08,in,4949.663842003307
V000068,S09,in,4961.283417927542
V000067,S09,out,4961.283417927542
V000072,S05,out,4962.987751330109
V000073,S05,in,4962.987751330109
V000077,S03,out,4967.113132255309
V000078,S03,in,4967.113132255309
V000074,S04,out,4970.875207670805
V000075,S04,in,4970.875207670805
V000080,S02,out,4973.134132987175
V000081,S02,in,4973.134132987175
V000082,S01,out,4974.59701762589
V000083,S01,in,4974.59701762589
V000061,S11,out,4979.949857930325
V000062,S11,in,4979.949857930325
V000049,S17,out,4985.862859207102
V000050,S17,in,4985.862859207102
V000046,S20,out,4985.941603291793
V000048,S18,out,4989.715957840853
V000049,S18,in,4989.715957840853
V000053,S16,in,4991.212157997575
V000052,S16,out,4991.212157997575
V000072,S06,in,4991.31386333422
V000071,S06,out,4991.31386333422
V000070,S07,out,4992.823369680235
V000058,S13,out,4995.093088679838
V000071,S07,in,4997.823369680235
V000059,S13,in,4999.093088679838
V000059,S12,out,5000.226974598345
V000060,S12,in,5000.226974598345
V000047,S20,in,5005.941603291793
V000048,S19,in,5007.60939972493
V000047,S19,out,5007.60939972493
V000068,S09,out,5011.283417927542
V000069,S08,out,5016.663842003307
V000070,S08,in,5016.663842003307
V000069,S09,in,5019.283417927542
V000079,S03,in,5020.113132255309
V000078,S03,out,5020.113132255309
V000074,S05,in,5021.987751330109
V000073,S05,out,5021.987751330109
V000063,S11,in,5028.949857930325
V000062,S11,out,5028.949857930325
V000082,S02,in,5030.134132987175
V000081,S02,out,5030.134132987175
V000084,S01,in,5034.59701762589
V000083,S01,out,5034.59701762589
V000076,S04,in,5034.875207670805
V000075,S04,out,5034.875207670805
V000050,S17,out,5038.862859207102
V000051,S17,in,5038.862859207102
V000059,S13,out,5044.093088679838
V000050,S18,in,5047.715957840853
V000049,S18,out,5047.715957840853
V000053,S16,out,5048.212157997575
V000054,S16,in,5048.212157997575
V000072,S06,out,5049.31386333422
V000073,S06,in,5049.31386333422
V000047,S20,out,5055.941603291793
V000048,S19,out,5056.60939972493
V000071,S07,out,5056.823369680235
V000072,S07,in,5056.823369680235
V000048,S20,in,5056.941603291793
V000049,S19,in,5057.60939972493
V000060,S13,in,5059.093088679838
V000061,S12,in,5060.226974598345
V000060,S12,out,5060.226974598345
V000069,S09,out,5063.283417927542
V000079,S03,out,5075.113132255309
V000080,S03,in,5075.113132255309
V000074,S05,out,5077.987751330109
V000075,S05,in,5077.987751330109
V000070,S08,out,5081.663842003307
V000071,S08,in,5081.663842003307
V000051,S17,out,5081.862859207102
V000052,S17,in,5081.862859207102
V000070,S09,in,5085.283417927542
V000064,S11,in,5087.949857930325
V000063,S11,out,5087.949857930325
V000076,S04,out,5091.875207670805
V000077,S04,in,5091.875207670805
V000051,S18,in,5097.715957840853
V000050,S18,out,5097.715957840853
V000054,S16,out,5101.212157997575
V000055,S16,in,5101.212157997575
V000073,S06,out,5101.31386333422
V000074,S06,in,5101.31386333422
V000060,S13,out,5106.093088679838
V000049,S19,out,5116.60939972493
V000050,S19,in,5116.60939972493
V000061,S13,in,5117.093088679838
V000062,S12,in,5118.226974598345
V000061,S12,out,5118.226974598345
V000072,S07,out,5120.823369680235
V000073,S07,in,5120.823369680235
V000080,S03,out,5126.113132255309
V000081,S03,in,5126.113132255309
V000075,S05,out,5127.987751330109
V000076,S05,in,5127.987751330109
V000048,S20,out,5129.941603291793
V000049,S20,in,5129.941603291793
V000072,S08,in,5136.663842003307
V000071,S08,out,5136.663842003307
V000065,S11,in,5137.949857930325
V000064,S11,out,5137.949857930325
V000052,S17,out,5141.862859207102
V000053,S17,in,5141.862859207102
V000071,S09,in,5142.283417927542
V000070,S09,out,5142.283417927542
V000052,S18,in,5146.715957840853
V000051,S18,out,5146.715957840853
V000078,S04,in,5147.875207670805
V000077,S04,out,5147.875207670805
V000055,S16,out,5150.212157997575
V000056,S16,in,5150.212157997575
V000074,S06,out,5162.31386333422
V000075,S06,in,5162.31386333422
V000050,S19,out,5167.60939972493
V000051,S19,in,5167.60939972493
V000077,S05,in,5177.987751330109
V000076,S05,out,5177.987751330109
V000063,S12,in,5178.226974598345
V000062,S12,out,5178.226974598345
V000073,S07,out,5182.823369680235
V000074,S07,in,5182.823369680235
V000061,S13,out,5183.093088679838
V000062,S13,in,5183.093088679838
V000049,S20,out,5183.941603291793
V000050,S20,in,5183.941603291793
V000054,S17,in,5185.862859207102
V000053,S17,out,5185.862859207102
V000081,S03,out,5188.113132255309
V000083,S02,in,5195.134132987175
V000082,S02,out,5195.134132987175
V000065,S11,out,5195.949857930325
V000066,S11,in,5195.949857930325
V000084,S01,out,5196.59701762589
V000085,S01,in,5196.59701762589
V000082,S03,in,5197.113132255309
V000071,S09,out,5198.283417927542
V000072,S08,out,5198.663842003307
V000073,S08,in,5198.663842003307
V000072,S09,in,5202.283417927542
V000078,S04,out,5203.875207670805
V000079,S04,in,5203.875207670805
V000052,S18,out,5204.715957840853
V000053,S18,in,5204.715957840853
V000075,S06,out,5207.31386333422
V000076,S06,in,5207.31386333422
V000056,S16,out,5209.212157997575
V000057,S16,in,5209.212157997575
V000051,S19,out,5218.60939972493
V000052,S19,in,5218.60939972493
V000077,S05,out,5222.987751330109
V000078,S05,in,5222.987751330109
V000075,S07,in,5228.823369680235
V000074,S07,out,5228.823369680235
V000050,S20,out,5231.941603291793
V000051,S20,in,5231.941603291793
V000063,S12,out,5237.226974598345
V000064,S12,in,5237.226974598345
V000055,S17,in,5237.862859207102
V000054,S17,out,5237.862859207102
V000063,S13,in,5239.093088679838
V000062,S13,out,5239.093088679838
V000083,S02,out,5247.134132987175
V000084,S02,in,5247.134132987175
V000066,S11,out,5248.949857930325
V000067,S11,in,5248.949857930325
V000072,S09,out,5249.283417927542
V000073,S08,out,5250.663842003307
V000074,S08,in,5250.663842003307
V000053,S18,out,5252.715957840853
V000054,S18,in,5252.715957840853
V000082,S03,out,5253.113132255309
V000083,S03,in,5253.113132255309
V000073,S09,in,5253.283417927542
V000077,S06,in,5255.31386333422
V000076,S06,out,5255.31386333422
V000085,S01,out,5255.59701762589
V000086,S01,in,5255.59701762589
V000080,S04,in,5258.875207670805
V000079,S04,out,5258.875207670805
V000057,S16,out,5260.212157997575
V000058,S16,in,5275.212157997575
V000078,S05,out,5276.987751330109
V000079,S05,in,5276.987751330109
V000055,S17,out,5278.862859207102
V000056,S17,in,5278.862859207102
V000075,S07,out,5283.823369680235
V000076,S07,in,5283.823369680235
V000052,S19,out,5286.60939972493
V000053,S19,in,5286.60939972493
V000085,S02,in,5294.134132987175
V000084,S02,out,5294.134132987175
V000064,S13,in,5297.093088679838
V000063,S13,out,5297.093088679838
V000065,S12,in,5298.226974598345
V000064,S12,out,5298.226974598345
V000073,S09,out,5298.283417927542
V000055,S18,in,5299.715957840853
V000054,S18,out,5299.715957840853
V000051,S20,out,5300.941603291793
V000052,S20,in,5300.941603291793
V000068,S11,in,5300.949857930325
V000067,S11,out,5300.949857930325
V000083,S03,out,5302.113132255309
V000084,S03,in,5302.113132255309
V000078,S06,in,5306.31386333422
V000077,S06,out,5306.31386333422
V000081,S04,in,5310.875207670805
V000080,S04,out,5310.875207670805
V000087,S01,in,5314.59701762589
V000086,S01,out,5314.59701762589
V000075,S08,in,5315.663842003307
V000074,S08,out,5315.663842003307
V000074,S09,in,5318.283417927542
V000056,S17,out,5319.862859207102
V000057,S17,in,5319.862859207102
V000058,S16,out,5327.212157997575
V000080,S05,in,5328.987751330109
V000079,S05,out,5328.987751330109
V000059,S16,in,5334.212157997575
V000077,S07,in,5336.823369680235
V000076,S07,out,5336.823369680235
V000054,S19,in,5337.60939972493
V000053,S19,out,5337.60939972493
V000085,S02,out,5341.134132987175
V000086,S02,in,5341.134132987175
V000055,S18,out,5354.715957840853
V000056,S18,in,5354.715957840853
V000069,S11,in,5355.949857930325
V000068,S11,out,5355.949857930325
V000065,S13,in,5356.093088679838
V000064,S13,out,5356.093088679838
V000084,S03,out,5356.113132255309
V000085,S03,in,5356.113132255309
V000066,S12,in,5356.226974598345
V000065,S12,out,5356.226974598345
V000057,S17,out,5364.862859207102
V000058,S17,in,5364.862859207102
V000087,S01,out,5373.59701762589
V000088,S01,in,5373.59701762589
V000082,S04,in,5374.875207670805
V000081,S04,out,5374.875207670805
V000052,S20,out,5376.941603291793
V000053,S20,in,5376.941603291793
V000074,S09,out,5380.283417927542
V000076,S08,in,5383.663842003307
V000075,S08,out,5383.663842003307
V000075,S09,in,5386.283417927542
V000080,S05,out,5387.987751330109
V000081,S05,in,5387.987751330109
V000059,S16,out,5390.212157997575
V000054,S19,out,5395.60939972493
V000055,S19,in,5395.60939972493
V000060,S16,in,5396.212157997575
V000087,S02,in,5401.134132987175
V000086,S02,out,5401.134132987175
V000077,S07,out,5404.823369680235
V000085,S03,out,5408.113132255309
V000086,S03,in,5408.113132255309
V000056,S18,out,5408.715957840853
V000057,S18,in,5408.715957840853
V000070,S11,in,5413.949857930325
V000069,S11,out,5413.949857930325
V000067,S12,in,5414.226974598345
V000066,S12,out,5414.226974598345
V000059,S17,in,5416.862859207102
V000058,S17,out,5416.862859207102
V000066,S13,in,5422.093088679838
V000065,S13,out,5422.093088679838
V000089,S01,in,5426.59701762589
V000088,S01,out,5426.59701762589
V000078,S06,out,5427.31386333422
V000079,S06,in,5427.31386333422
V000078,S07,in,5431.823369680235
V000082,S04,out,5437.875207670805
V000083,S04,in,5437.875207670805
V000075,S09,out,5438.283417927542
V000081,S05,out,5439.987751330109
V000082,S05,in,5439.987751330109
V000076,S08,out,5443.663842003307
V000077,S08,in,5443.663842003307
V000060,S16,out,5445.212157997575
V000076,S09,in,5446.283417927542
V000054,S20,in,5446.941603291793
V000053,S20,out,5446.941603291793
V000088,S02,in,5449.134132987175
V000087,S02,out,5449.134132987175
V000061,S16,in,5456.212157997575
V000055,S19,out,5456.60939972493
V000056,S19,in,5456.60939972493
V000086,S03,out,5461.113132255309
V000087,S03,in,5461.113132255309
V000057,S18,out,5463.715957840853
V000058,S18,in,5463.715957840853
V000068,S12,in,5468.226974598345
V000067,S12,out,5468.226974598345
V000071,S11,in,5468.949857930325
V000070,S11,out,5468.949857930325
V000060,S17,in,5472.862859207102
V000059,S17,out,5472.862859207102
V000066,S13,out,5474.093088679838
V000067,S13,in,5474.093088679838
V000089,S01,out,5475.59701762589
V000090,S01,in,5475.59701762589
V000079,S06,out,5480.31386333422
V000080,S06,in,5480.31386333422
V000078,S07,out,5487.823369680235
V000079,S07,in,5487.823369680235
V000077,S08,out,5493.663842003307
V000083,S04,out,5493.875207670805
V000084,S04,in,5493.875207670805
V000078,S08,in,5494.663842003307
V000082,S05,out,5494.987751330109
V000083,S05,in,5494.987751330109
V000076,S09,out,5495.283417927542
V000077,S09,in,5496.283417927542
V000088,S02,out,5500.134132987175
V000089,S02,in,5500.134132987175
V000054,S20,out,5502.941603291793
V000041,S20,in,5502.941603291793
V000061,S16,out,5508.212157997575
V000057,S19,in,5510.60939972493
V000056,S19,out,5510.60939972493
V000087,S03,out,5512.113132255309
V000088,S03,in,5512.113132255309
V000062,S16,in,5512.212157997575
V000071,S11,out,5520.949857930325
V000072,S11,in,5520.949857930325
V000068,S12,out,5521.226974598345
V000069,S12,in,5521.226974598345
V000058,S18,out,5522.715957840853
V000059,S18,in,5522.715957840853
V000067,S13,out,5524.093088679838
V000068,S13,in,5524.093088679838
V000091,S01,in,5524.59701762589
V000090,S01,out,5524.59701762589
V000061,S17,in,5528.862859207102
V000060,S17,out,5528.862859207102
V000080,S06,out,5530.31386333422
V000081,S06,in,5530.31386333422
V000077,S09,out,5537.283417927542
V000083,S05,out,5548.987751330109
V000080,S07,in,5549.823369680235
V000079,S07,out,5549.823369680235
V000090,S02,in,5552.134132987175
V000089,S02,out,5552.134132987175
V000041,S20,out,5554.941603291793
V000055,S20,in,5554.941603291793
V000085,S04,in,5555.875207670805
V000084,S04,out,5555.875207670805
V000084,S05,in,5556.987751330109
V000079,S08,in,5560.663842003307
V000078,S08,out,5560.663842003307
V000078,S09,in,5563.283417927542
V000057,S19,out,5567.60939972493
V000058,S19,in,5567.60939972493
V000088,S03,out,5568.113132255309
V000089,S03,in,5568.113132255309
V000062,S16,out,5569.212157997575
V000068,S13,out,5572.093088679838
V000092,S01,in,5572.59701762589
V000091,S01,out,5572.59701762589
V000059,S18,out,5576.715957840853
V000060,S18,in,5576.715957840853
V000062,S17,in,5580.862859207102
V000061,S17,out,5580.862859207102
V000069,S13,in,5583.093088679838
V000063,S16,in,5583.212157997575
V000072,S11,out,5583.949857930325
V000073,S11,in,5583.949857930325
V000069,S12,out,5584.226974598345
V000070,S12,in,5584.226974598345
V000081,S06,out,5584.31386333422
V000082,S06,in,5584.31386333422
V000080,S07,out,5592.823369680235
V000081,S07,in,5592.823369680235
V000078,S09,out,5605.283417927542
V000056,S20,in,5605.941603291793
V000055,S20,out,5605.941603291793
V000091,S02,in,5610.134132987175
V000090,S02,out,5610.134132987175
V000089,S03,out,5619.113132255309
V000090,S03,in,5619.113132255309
V000059,S19,in,5620.60939972493
V000058,S19,out,5620.60939972493
V000085,S04,out,5620.875207670805
V000086,S04,in,5620.875207670805
V000079,S08,out,5623.663842003307
V000080,S08,in,5623.663842003307
V000084,S05,out,5623.987751330109
V000085,S05,in,5623.987751330109
V000079,S09,in,5627.283417927542
V000060,S18,out,5629.715957840853
V000061,S18,in,5629.715957840853
V000092,S01,out,5630.59701762589
V000093,S01,in,5630.59701762589
V000062,S17,out,5631.862859207102
V000069,S13,out,5637.093088679838
V000082,S06,out,5638.31386333422
V000083,S06,in,5638.31386333422
V000081,S07,out,5640.823369680235
V000063,S16,out,5641.212157997575
V000070,S13,in,5642.093088679838
V000082,S07,in,5642.823369680235
V000073,S11,out,5643.949857930325
V000074,S11,in,5643.949857930325
V000070,S12,out,5644.226974598345
V000071,S12,in,5644.226974598345
V000092,S02,in,5648.134132987175
V000091,S02,out,5648.134132987175
V000063,S17,in,5649.862859207102
V000064,S16,in,5650.212157997575
V000056,S20,out,5658.941603291793
V000057,S20,in,5658.941603291793
V000079,S09,out,5670.283417927542
V000085,S05,out,5675.987751330109
V000080,S08,out,5676.663842003307
V000081,S08,in,5676.663842003307
V000080,S09,in,5680.283417927542
V000062,S18,in,5680.715957840853
V000061,S18,out,5680.715957840853
V000091,S03,in,5681.113132255309
V000090,S03,out,5681.113132255309
V000060,S19,in,5682.60939972493
V000059,S19,out,5682.60939972493
V000086,S04,out,5682.875207670805
V000087,S04,in,5682.875207670805
V000086,S05,in,5683.987751330109
V000093,S01,out,5686.59701762589
V000094,S01,in,5686.59701762589
V000083,S06,out,5690.31386333422
V000084,S06,in,5690.31386333422
V000083,S07,in,5699.823369680235
V000082,S07,out,5699.823369680235
V000063,S17,out,5699.862859207102
V000064,S16,out,5700.212157997575
V000070,S13,out,5701.093088679838
V000071,S13,in,5704.093088679838
V000075,S11,in,5704.949857930325
V000074,S11,out,5704.949857930325
V000071,S12,out,5705.226974598345
V000072,S12,in,5705.226974598345
V000093,S02,in,5707.134132987175
V000092,S02,out,5707.134132987175
V000064,S17,in,5708.862859207102
V000058,S20,in,5712.941603291793
V000057,S20,out,5712.941603291793
V000065,S16,in,5725.212157997575
V000080,S09,out,5727.283417927542
V000062,S18,out,5728.715957840853
V000063,S18,in,5728.715957840853
V000060,S19,out,5733.60939972493
V000061,S19,in,5733.60939972493
V000085,S06,in,5736.31386333422
V000084,S06,out,5736.31386333422
V000082,S08,in,5736.663842003307
V000081,S08,out,5736.663842003307
V000081,S09,in,5739.283417927542
V000094,S01,out,5740.59701762589
V000095,S01,in,5740.59701762589
V000086,S05,out,5741.987751330109
V000071,S13,out,5750.093088679838
V000083,S07,out,5752.823369680235
V000084,S07,in,5752.823369680235
V000094,S02,in,5760.134132987175
V000093,S02,out,5760.134132987175
V000064,S17,out,5760.862859207102
V000076,S11,in,5762.949857930325
V000075,S11,out,5762.949857930325
V000072,S12,out,5763.226974598345
V000073,S12,in,5763.226974598345
V000072,S13,in,5764.093088679838
V000059,S20,in,5772.941603291793
V000058,S20,out,5772.941603291793
V000063,S18,out,5777.715957840853
V000064,S18,in,5777.715957840853
V000065,S16,out,5778.212157997575
V000092,S03,in,5780.113132255309
V000091,S03,out,5780.113132255309
V000066,S16,in,5781.212157997575
V000085,S06,out,5781.31386333422
V000086,S06,in,5781.31386333422
V000087,S04,out,5781.875207670805
V000088,S04,in,5781.875207670805
V000087,S05,in,5782.987751330109
V000065,S17,in,5786.862859207102
V000061,S19,out,5790.60939972493
V000062,S19,in,5790.60939972493
V000081,S09,out,5793.283417927542
V000096,S01,in,5794.59701762589
V000095,S01,out,5794.59701762589
V000082,S08,out,5794.663842003307
V000083,S08,in,5794.663842003307
V000082,S09,in,5798.283417927542
V000084,S07,out,5809.823369680235
V000085,S07,in,5809.823369680235
V000076,S11,out,5814.949857930325
V000077,S11,in,5814.949857930325
V000073,S12,out,5815.226974598345
V000074,S12,in,5815.226974598345
V000073,S13,in,5821.093088679838
V000072,S13,out,5821.093088679838
V000095,S02,in,5826.134132987175
V000094,S02,out,5826.134132987175
V000064,S18,out,5827.715957840853
V000087,S05,out,5830.987751330109
V000059,S20,out,5833.941603291793
V000060,S20,in,5833.941603291793
V000066,S16,out,5834.212157997575
V000086,S06,out,5837.31386333422
V000065,S18,in,5837.715957840853
V000065,S17,out,5837.862859207102
V000093,S03,in,5838.113132255309
V000092,S03,out,5838.113132255309
V000087,S06,in,5838.31386333422
V000088,S04,out,5839.875207670805
V000089,S04,in,5839.875207670805
V000088,S05,in,5840.987751330109
V000062,S19,out,5841.60939972493
V000063,S19,in,5841.60939972493
V000067,S16,in,5842.212157997575
V000066,S17,in,5842.862859207102
V000084,S08,in,5844.663842003307
V000083,S08,out,5844.663842003307
V000083,S09,in,5849.283417927542
V000082,S09,out,5849.283417927542
V000096,S01,out,5849.59701762589
V000097,S01,in,5849.59701762589
V000085,S07,out,5867.823369680235
V000086,S07,in,5867.823369680235
V000077,S11,out,5875.949857930325
V000078,S11,in,5875.949857930325
V000074,S12,out,5876.226974598345
V000075,S12,in,5876.226974598345
V000096,S02,in,5877.134132987175
V000095,S02,out,5877.134132987175
V000061,S20,in,5880.941603291793
V000060,S20,out,5880.941603291793
V000087,S06,out,5883.31386333422
V000074,S13,in,5885.093088679838
V000073,S13,out,5885.093088679838
V000064,S19,in,5887.60939972493
V000063,S19,out,5887.60939972493
V000067,S16,out,5892.212157997575
V000066,S17,out,5894.862859207102
V000088,S05,out,5894.987751330109
V000065,S18,out,5897.715957840853
V000066,S18,in,5897.715957840853
V000093,S03,out,5898.113132255309
V000094,S03,in,5898.113132255309
V000098,S01,in,5898.59701762589
V000097,S01,out,5898.59701762589
V000084,S08,out,5898.663842003307
V000085,S08,in,5898.663842003307
V000067,S17,in,5899.862859207102
V000089,S04,out,5899.875207670805
V000090,S04,in,5899.875207670805
V000089,S05,in,5900.987751330109
V000088,S06,in,5902.31386333422
V000084,S09,in,5903.283417927542
V000083,S09,out,5903.283417927542
V000068,S16,in,5905.212157997575
V000087,S07,in,5927.823369680235
V000086,S07,out,5927.823369680235
V000079,S11,in,5931.949857930325
V000078,S11,out,5931.949857930325
V000076,S12,in,5932.226974598345
V000075,S12,out,5932.226974598345
V000062,S20,in,5936.941603291793
V000061,S20,out,5936.941603291793
V000097,S02,in,5939.134132987175
V000096,S02,out,5939.134132987175
V000075,S13,in,5945.093088679838
V000074,S13,out,5945.093088679838
V000084,S09,out,5946.283417927542
V000065,S19,in,5949.60939972493
V000064,S19,out,5949.60939972493
V000067,S17,out,5949.862859207102
V000088,S06,out,5952.31386333422
V000098,S01,out,5952.59701762589
V000099,S01,in,5952.59701762589
V000089,S05,out,5955.987751330109
V000067,S18,in,5957.715957840853
V000066,S18,out,5957.715957840853
V000068,S16,out,5959.212157997575
V000089,S06,in,5962.31386333422
V000085,S08,out,5962.663842003307
V000086,S08,in,5962.663842003307
V000094,S03,out,5963.113132255309
V000095,S03,in,5963.113132255309
V000090,S04,out,5964.875207670805
V000091,S04,in,5964.875207670805
V000085,S09,in,5965.283417927542
V000090,S05,in,5965.987751330109
V000068,S17,in,5967.862859207102
V000069,S16,in,5970.212157997575
V000088,S07,in,5981.823369680235
V000087,S07,out,5981.823369680235
V000080,S11,in,5983.949857930325
V000079,S11,out,5983.949857930325
V000076,S12,out,5984.226974598345
V000077,S12,in,5984.226974598345
V000097,S02,out,5990.134132987175
V000098,S02,in,5990.134132987175
V000076,S13,in,5996.093088679838
V000075,S13,out,5996.093088679838
V000065,S19,out,6001.60939972493
V000066,S19,in,6001.60939972493
V000062,S20,out,6003.941603291793
V000063,S20,in,6003.941603291793
V000067,S18,out,6005.715957840853
V000085,S09,out,6016.283417927542
V000089,S06,out,6016.31386333422
V000068,S18,in,6017.715957840853
V000068,S17,out,6017.862859207102
V000090,S05,out,6019.987751330109
V000086,S08,out,6020.663842003307
V000087,S08,in,6020.663842003307
V000086,S09,in,6023.283417927542
V000099,S01,out,6023.59701762589
V000100,S01,in,6023.59701762589
V000095,S03,out,6025.113132255309
V000096,S03,in,6025.113132255309
V000090,S06,in,6026.31386333422
V000091,S04,out,6026.875207670805
V000092,S04,in,6026.875207670805
V000069,S16,out,6027.212157997575
V000091,S05,in,6027.987751330109
V000070,S16,in,6032.212157997575
V000069,S17,in,6035.862859207102
V000076,S13,out,6036.093088679838
V000099,S02,in,6046.134132987175
V000098,S02,out,6046.134132987175
V000088,S07,out,6047.823369680235
V000089,S07,in,6047.823369680235
V000077,S13,in,6048.093088679838
V000080,S11,out,6048.949857930325
V000081,S11,in,6048.949857930325
V000077,S12,out,6049.226974598345
V000078,S12,in,6049.226974598345
V000067,S19,in,6054.60939972493
V000066,S19,out,6054.60939972493
V000064,S20,in,6054.941603291793
V000063,S20,out,6054.941603291793
V000086,S09,out,6068.283417927542
V000088,S08,in,6069.663842003307
V000087,S08,out,6069.663842003307
V000101,S01,in,6071.59701762589
V000100,S01,out,6071.59701762589
V000087,S09,in,6072.283417927542
V000068,S18,out,6073.715957840853
V000070,S16,out,6079.212157997575
V000090,S06,out,6080.31386333422
V000096,S03,out,6083.113132255309
V000097,S03,in,6083.113132255309
V000092,S04,out,6084.875207670805
V000093,S04,in,6084.875207670805
V000070,S17,in,6088.862859207102
V000069,S17,out,6088.862859207102
V000069,S18,in,6089.715957840853
V000071,S16,in,6094.212157997575
V000099,S02,out,6097.134132987175
V000100,S02,in,6097.134132987175
V000090,S07,in,6105.823369680235
V000089,S07,out,6105.823369680235
V000081,S11,out,6108.949857930325
V000082,S11,in,6108.949857930325
V000078,S12,out,6109.226974598345
V000079,S12,in,6109.226974598345
V000064,S20,out,6109.941603291793
V000065,S20,in,6109.941603291793
V000067,S19,out,6114.60939972493
V000068,S19,in,6114.60939972493
V000078,S13,in,6118.093088679838
V000077,S13,out,6118.093088679838
V000101,S01,out,6122.59701762589
V000102,S01,in,6122.59701762589
V000089,S08,in,6127.663842003307
V000088,S08,out,6127.663842003307
V000087,S09,out,6131.283417927542
V000088,S09,in,6131.283417927542
V000097,S03,out,6140.113132255309
V000098,S03,in,6140.113132255309
V000070,S17,out,6141.862859207102
V000093,S04,out,6141.875207670805
V000094,S04,in,6141.875207670805
V000069,S18,out,6142.715957840853
V000070,S18,in,6142.715957840853
V000072,S16,in,6151.212157997575
V000071,S16,out,6151.212157997575
V000100,S02,out,6157.134132987175
V000101,S02,in,6157.134132987175
V000071,S17,in,6159.862859207102
V000090,S07,out,6164.823369680235
V000065,S20,out,6169.941603291793
V000066,S20,in,6169.941603291793
V000102,S01,out,6170.59701762589
V000103,S01,in,6170.59701762589
V000078,S13,out,6172.093088679838
V000069,S19,in,6174.60939972493
V000068,S19,out,6174.60939972493
V000082,S11,out,6175.949857930325
V000083,S11,in,6175.949857930325
V000079,S13,in,6176.093088679838
V000079,S12,out,6176.226974598345
V000080,S12,in,6176.226974598345
V000089,S08,out,6184.663842003307
V000090,S08,in,6184.663842003307
V000088,S09,out,6185.283417927542
V000089,S09,in,6187.283417927542
V000070,S18,out,6197.715957840853
V000073,S16,in,6206.212157997575
V000072,S16,out,6206.212157997575
V000098,S03,out,6212.113132255309
V000099,S03,in,6212.113132255309
V000102,S02,in,6213.134132987175
V000101,S02,out,6213.134132987175
V000071,S18,in,6213.715957840853
V000071,S17,out,6213.862859207102
V000094,S04,out,6213.875207670805
V000095,S04,in,6213.875207670805
V000072,S17,in,6214.862859207102
V000051,S20,in,6222.941603291793
V000066,S20,out,6222.941603291793
V000084,S11,in,6231.949857930325
V000083,S11,out,6231.949857930325
V000081,S12,in,6232.226974598345
V000080,S12,out,6232.226974598345
V000079,S13,out,6233.093088679838
V000080,S13,in,6233.093088679838
V000069,S19,out,6236.60939972493
V000070,S19,in,6236.60939972493
V000090,S08,out,6236.663842003307
V000104,S01,in,6237.59701762589
V000103,S01,out,6237.59701762589
V000089,S09,out,6239.283417927542
V000090,S09,in,6240.283417927542
V000073,S16,out,6258.212157997575
V000071,S18,out,6267.715957840853
V000074,S16,in,6268.212157997575
V000067,S20,in,6274.941603291793
V000051,S20,out,6274.941603291793
V000072,S18,in,6275.715957840853
V000072,S17,out,6276.862859207102
V000073,S17,in,6276.862859207102
V000070,S19,out,6289.60939972493
V000071,S19,in,6289.60939972493
V000090,S09,out,6293.283417927542
V000084,S11,out,6293.949857930325
V000085,S11,in,6293.949857930325
V000082,S12,in,6294.226974598345
V000081,S12,out,6294.226974598345
V000080,S13,out,6297.093088679838
V000081,S13,in,6297.093088679838
V000074,S16,out,6317.212157997575
V000075,S16,in,6328.212157997575
V000068,S20,in,6335.941603291793
V000067,S20,out,6335.941603291793
V000072,S18,out,6336.715957840853
V000073,S18,in,6337.715957840853
V000074,S17,in,6338.862859207102
V000073,S17,out,6338.862859207102
V000085,S11,out,6352.949857930325
V000086,S11,in,6352.949857930325
V000082,S12,out,6353.226974598345
V000083,S12,in,6353.226974598345
V000071,S19,out,6353.60939972493
V000072,S19,in,6353.60939972493
V000075,S16,out,6381.212157997575
V000076,S16,in,6383.212157997575
V000074,S17,out,6386.862859207102
V000081,S13,out,6388.093088679838
V000075,S17,in,6388.862859207102
V000068,S20,out,6388.941603291793
V000069,S20,in,6388.941603291793
V000073,S18,out,6396.715957840853
V000074,S18,in,6396.715957840853
V000091,S05,out,6401.987751330109
V000092,S05,in,6401.987751330109
V000099,S03,out,6402.113132255309
V000100,S03,in,6402.113132255309
V000102,S02,out,6403.134132987175
V000103,S02,in,6403.134132987175
V000096,S04,in,6403.875207670805
V000095,S04,out,6403.875207670805
V000104,S01,out,6404.59701762589
V000105,S01,in,6404.59701762589
V000072,S19,out,6406.60939972493
V000073,S19,in,6406.60939972493
V000091,S06,in,6408.31386333422
V000069,S20,out,6433.941603291793
V000070,S20,in,6433.941603291793
V000075,S17,out,6435.862859207102
V000076,S16,out,6436.212157997575
V000077,S16,in,6440.212157997575
V000082,S13,out,6443.093088679838
V000076,S17,in,6444.862859207102
V000082,S13,in,6451.260140852536
V000074,S18,out,6457.715957840853
V000075,S18,in,6457.715957840853
V000091,S06,out,6459.31386333422
V000092,S05,out,6460.987751330109
V000093,S05,in,6460.987751330109
V000091,S07,in,6464.823369680235
V000101,S03,in,6467.113132255309
V000100,S03,out,6467.113132255309
V000092,S06,in,6467.31386333422
V000104,S02,in,6468.134132987175
V000103,S02,out,6468.134132987175
V000096,S04,out,6468.875207670805
V000097,S04,in,6468.875207670805
V000106,S01,in,6469.59701762589
V000105,S01,out,6469.59701762589
V000073,S19,out,6471.60939972493
V000074,S19,in,6471.60939972493
V000070,S20,out,6483.941603291793
V000071,S20,in,6483.941603291793
V000077,S16,out,6484.212157997575
V000076,S17,out,6502.862859207102
V000077,S17,in,6502.862859207102
V000078,S16,in,6503.212157997575
V000075,S18,out,6507.715957840853
V000076,S18,in,6507.715957840853
V000091,S07,out,6508.823369680235
V000094,S05,in,6512.987751330109
V000093,S05,out,6512.987751330109
V000092,S06,out,6513.31386333422
V000091,S08,in,6515.663842003307
V000093,S06,in,6518.31386333422
V000092,S07,in,6518.823369680235
V000074,S19,out,6526.60939972493
V000075,S19,in,6526.60939972493
V000102,S03,in,6528.113132255309
V000101,S03,out,6528.113132255309
V000097,S04,out,6528.875207670805
V000098,S04,in,6528.875207670805
V000104,S02,out,6529.134132987175
V000105,S02,in,6529.134132987175
V000077,S17,out,6546.862859207102
V000072,S20,in,6546.941603291793
V000071,S20,out,6546.941603291793
V000078,S16,out,6553.212157997575
V000078,S17,in,6560.862859207102
V000079,S16,in,6564.212157997575
V000093,S06,out,6565.31386333422
V000077,S18,in,6565.715957840853
V000076,S18,out,6565.715957840853
V000095,S05,in,6572.987751330109
V000094,S05,out,6572.987751330109
V000091,S08,out,6573.663842003307
V000091,S09,in,6576.283417927542
V000094,S06,in,6579.31386333422
V000103,S03,in,6582.113132255309
V000102,S03,out,6582.113132255309
V000092,S07,out,6582.823369680235
V000093,S07,in,6582.823369680235
V000075,S19,out,6583.60939972493
V000076,S19,in,6583.60939972493
V000099,S04,in,6583.875207670805
V000098,S04,out,6583.875207670805
V000105,S02,out,6586.134132987175
V000087,S11,in,6586.949857930325
V000086,S11,out,6586.949857930325
V000083,S13,in,6587.093088679838
V000083,S12,out,6587.226974598345
V000084,S12,in,6587.226974598345
V000092,S08,in,6588.663842003307
V000072,S20,out,6605.941603291793
V000073,S20,in,6605.941603291793
V000079,S16,out,6608.212157997575
V000077,S18,out,6615.715957840853
V000078,S17,out,6620.862859207102
V000079,S17,in,6620.862859207102
V000078,S18,in,6621.715957840853
V000080,S16,in,6624.212157997575
V000094,S06,out,6626.31386333422
V000091,S09,out,6627.283417927542
V000095,S05,out,6640.987751330109
V000096,S05,in,6640.987751330109
V000103,S03,out,6641.113132255309
V000104,S03,in,6641.113132255309
V000099,S04,out,6642.875207670805
V000100,S04,in,6642.875207670805
V000087,S11,out,6642.949857930325
V000088,S11,in,6642.949857930325
V000085,S12,in,6643.226974598345
V000084,S12,out,6643.226974598345
V000076,S19,out,6643.60939972493
V000077,S19,in,6643.60939972493
V000092,S08,out,6645.663842003307
V000095,S06,in,6646.31386333422
V000092,S09,in,6649.283417927542
V000094,S07,in,6649.823369680235
V000093,S07,out,6649.823369680235
V000093,S08,in,6655.663842003307
V000084,S13,in,6660.093088679838
V000083,S13,out,6660.093088679838
V000074,S20,in,6664.941603291793
V000073,S20,out,6664.941603291793
V000080,S16,out,6677.212157997575
V000079,S17,out,6679.862859207102
V000079,S18,in,6680.715957840853
V000078,S18,out,6680.715957840853
V000080,S17,in,6685.862859207102
V000081,S16,in,6686.212157997575
V000086,S12,in,6700.226974598345
V000085,S12,out,6700.226974598345
V000092,S09,out,6700.283417927542
V000094,S07,out,6700.823369680235
V000096,S05,out,6701.987751330109
V000097,S05,in,6701.987751330109
V000105,S03,in,6702.113132255309
V000104,S03,out,6702.113132255309
V000078,S19,in,6702.60939972493
V000077,S19,out,6702.60939972493
V000100,S04,out,6703.875207670805
V000101,S04,in,6703.875207670805
V000107,S01,in,6708.59701762589
V000106,S01,out,6708.59701762589
V000089,S11,in,6709.949857930325
V000088,S11,out,6709.949857930325
V000106,S02,in,6711.134132987175
V000095,S06,out,6711.31386333422
V000096,S06,in,6711.31386333422
V000093,S08,out,6712.663842003307
V000094,S08,in,6712.663842003307
V000093,S09,in,6716.283417927542
V000095,S07,in,6716.823369680235
V000074,S20,out,6718.941603291793
V000075,S20,in,6718.941603291793
V000084,S13,out,6727.093088679838
V000085,S13,in,6727.093088679838
V000080,S17,out,6730.862859207102
V000079,S18,out,6737.715957840853
V000080,S18,in,6737.715957840853
V000081,S16,out,6744.212157997575
V000081,S17,in,6752.862859207102
V000079,S19,in,6754.60939972493
V000078,S19,out,6754.60939972493
V000082,S16,in,6757.212157997575
V000086,S12,out,6759.226974598345
V000087,S12,in,6759.226974598345
V000108,S01,in,6759.59701762589
V000107,S01,out,6759.59701762589
V000097,S05,out,6759.987751330109
V000098,S05,in,6759.987751330109
V000106,S02,out,6761.134132987175
V000096,S06,out,6761.31386333422
V000102,S04,in,6761.875207670805
V000101,S04,out,6761.875207670805
V000107,S02,in,6762.134132987175
V000090,S11,in,6763.949857930325
V000089,S11,out,6763.949857930325
V000094,S08,out,6764.663842003307
V000097,S06,in,6765.31386333422
V000093,S09,out,6767.283417927542
V000094,S09,in,6768.283417927542
V000096,S07,in,6771.823369680235
V000095,S07,out,6771.823369680235
V000076,S20,in,6771.941603291793
V000075,S20,out,6771.941603291793
V000095,S08,in,6776.663842003307
V000085,S13,out,6778.093088679838
V000086,S13,in,6778.093088679838
V000080,S18,out,6787.715957840853
V000081,S17,out,6795.862859207102
V000081,S18,in,6796.715957840853
V000109,S01,in,6805.59701762589
V000108,S01,out,6805.59701762589
V000080,S19,in,6805.60939972493
V000079,S19,out,6805.60939972493
V000107,S02,out,6810.134132987175
V000108,S02,in,6810.134132987175
V000094,S09,out,6818.283417927542
V000087,S12,out,6820.226974598345
V000088,S12,in,6820.226974598345
V000097,S06,out,6821.31386333422
V000090,S11,out,6822.949857930325
V000091,S11,in,6822.949857930325
V000098,S05,out,6824.987751330109
V000099,S05,in,6824.987751330109
V000083,S16,in,6825.212157997575
V000082,S16,out,6825.212157997575
V000102,S04,out,6826.875207670805
V000103,S04,in,6826.875207670805
V000086,S13,out,6830.093088679838
V000087,S13,in,6830.093088679838
V000098,S06,in,6830.31386333422
V000096,S07,out,6830.823369680235
V000097,S07,in,6830.823369680235
V000082,S17,in,6832.862859207102
V000105,S03,out,6836.113132255309
V000106,S03,in,6836.113132255309
V000095,S08,out,6837.663842003307
V000096,S08,in,6837.663842003307
V000077,S20,in,6837.941603291793
V000076,S20,out,6837.941603291793
V000095,S09,in,6840.283417927542
V000081,S18,out,6847.715957840853
V000109,S01,out,6854.59701762589
V000110,S01,in,6854.59701762589
V000081,S19,in,6863.60939972493
V000080,S19,out,6863.60939972493
V000100,S05,in,6869.987751330109
V000099,S05,out,6869.987751330109
V000109,S02,in,6873.134132987175
V000108,S02,out,6873.134132987175
V000083,S16,out,6877.212157997575
V000084,S16,in,6877.212157997575
V000097,S07,out,6879.823369680235
V000088,S12,out,6880.226974598345
V000089,S12,in,6880.226974598345
V000092,S11,in,6880.949857930325
V000091,S11,out,6880.949857930325
V000087,S13,out,6884.093088679838
V000088,S13,in,6884.093088679838
V000098,S06,out,6884.31386333422
V000099,S06,in,6884.31386333422
V000104,S04,in,6887.875207670805
V000103,S04,out,6887.875207670805
V000098,S07,in,6889.823369680235
V000077,S20,out,6889.941603291793
V000078,S20,in,6889.941603291793
V000097,S08,in,6890.663842003307
V000096,S08,out,6890.663842003307
V000082,S17,out,6892.862859207102
V000083,S17,in,6892.862859207102
V000082,S18,in,6894.715957840853
V000095,S09,out,6901.283417927542
V000096,S09,in,6901.283417927542
V000111,S01,in,6911.59701762589
V000110,S01,out,6911.59701762589
V000081,S19,out,6915.60939972493
V000100,S05,out,6925.987751330109
V000101,S05,in,6925.987751330109
V000084,S16,out,6928.212157997575
V000093,S11,in,6934.949857930325
V000092,S11,out,6934.949857930325
V000089,S12,out,6935.226974598345
V000090,S12,in,6935.226974598345
V000089,S13,in,6936.093088679838
V000088,S13,out,6936.093088679838
V000100,S06,in,6938.31386333422
V000099,S06,out,6938.31386333422
V000085,S16,in,6940.212157997575
V000084,S17,in,6940.862859207102
V000083,S17,out,6940.862859207102
V000083,S18,in,6944.715957840853
V000082,S18,out,6944.715957840853
V000097,S08,out,6947.663842003307
V000079,S20,in,6947.941603291793
V000078,S20,out,6947.941603291793
V000098,S07,out,6948.823369680235
V000099,S07,in,6948.823369680235
V000096,S09,out,6950.283417927542
V000105,S04,in,6950.875207670805
V000104,S04,out,6950.875207670805
V000097,S09,in,6951.283417927542
V000082,S19,in,6952.60939972493
V000098,S08,in,6956.663842003307
V000101,S05,out,6981.987751330109
V000102,S05,in,6981.987751330109
V000084,S17,out,6986.862859207102
V000089,S13,out,6991.093088679838
V000085,S16,out,6993.212157997575
V000101,S06,in,6994.31386333422
V000100,S06,out,6994.31386333422
V000084,S18,in,6995.715957840853
V000083,S18,out,6995.715957840853
V000099,S07,out,6995.823369680235
V000093,S11,out,6996.949857930325
V000094,S11,in,6996.949857930325
V000090,S13,in,6997.093088679838
V000091,S12,in,6997.226974598345
V000090,S12,out,6997.226974598345
V000100,S07,in,6998.823369680235
V000085,S17,in,7000.862859207102
V000080,S20,in,7000.941603291793
V000079,S20,out,7000.941603291793
V000086,S16,in,7001.212157997575
V000097,S09,out,7001.283417927542
V000105,S04,out,7007.875207670805
V000083,S19,in,7014.60939972493
V000082,S19,out,7014.60939972493
V000099,S08,in,7024.663842003307
V000098,S08,out,7024.663842003307
V000098,S09,in,7028.283417927542
V000103,S05,in,7036.987751330109
V000102,S05,out,7036.987751330109
V000085,S17,out,7040.862859207102
V000090,S13,out,7046.093088679838
V000084,S18,out,7046.715957840853
V000085,S18,in,7046.715957840853
V000100,S07,out,7046.823369680235
V000081,S20,in,7048.941603291793
V000080,S20,out,7048.941603291793
V000086,S16,out,7052.212157997575
V000091,S13,in,7058.093088679838
V000094,S11,out,7058.949857930325
V000095,S11,in,7058.949857930325
V000091,S12,out,7059.226974598345
V000092,S12,in,7059.226974598345
V000102,S06,in,7059.31386333422
V000101,S06,out,7059.31386333422
V000086,S17,in,7060.862859207102
V000106,S03,out,7063.113132255309
V000107,S03,in,7063.113132255309
V000109,S02,out,7064.134132987175
V000110,S02,in,7064.134132987175
V000083,S19,out,7064.60939972493
V000084,S19,in,7064.60939972493
V000111,S01,out,7065.59701762589
V000112,S01,in,7065.59701762589
V000101,S07,in,7065.823369680235
V000087,S16,in,7067.212157997575
V000106,S04,in,7067.875207670805
V000098,S09,out,7078.283417927542
V000099,S08,out,7084.663842003307
V000100,S08,in,7084.663842003307
V000099,S09,in,7088.283417927542
V000103,S05,out,7098.987751330109
V000104,S05,in,7098.987751330109
V000086,S17,out,7100.862859207102
V000086,S18,in,7106.715957840853
V000085,S18,out,7106.715957840853
V000096,S11,in,7110.949857930325
V000095,S11,out,7110.949857930325
V000107,S03,out,7111.113132255309
V000108,S03,in,7111.113132255309
V000092,S12,out,7111.226974598345
V000093,S12,in,7111.226974598345
V000101,S07,out,7114.823369680235
V000082,S20,in,7116.941603291793
V000081,S20,out,7116.941603291793
V000111,S02,in,7120.134132987175
V000110,S02,out,7120.134132987175
V000102,S06,out,7120.31386333422
V000103,S06,in,7120.31386333422
V000112,S01,out,7121.59701762589
V000113,S01,in,7121.59701762589
V000084,S19,out,7123.60939972493
V000085,S19,in,7123.60939972493
V000091,S13,out,7124.093088679838
V000092,S13,in,7124.093088679838
V000087,S16,out,7125.212157997575
V000102,S07,in,7125.823369680235
V000088,S16,in,7126.212157997575
V000107,S04,in,7128.875207670805
V000106,S04,out,7128.875207670805
V000087,S17,in,7133.862859207102
V000099,S09,out,7138.283417927542
V000101,S08,in,7142.663842003307
V000100,S08,out,7142.663842003307
V000100,S09,in,7145.283417927542
V000104,S05,out,7153.987751330109
V000105,S05,in,7153.987751330109
V000086,S18,out,7162.715957840853
V000096,S11,out,7166.949857930325
V000097,S11,in,7166.949857930325
V000093,S12,out,7167.226974598345
V000094,S12,in,7167.226974598345
V000109,S03,in,7168.113132255309
V000108,S03,out,7168.113132255309
V000102,S07,out,7173.823369680235
V000111,S02,out,7176.134132987175
V000112,S02,in,7176.134132987175
V000103,S06,out,7176.31386333422
V000104,S06,in,7176.31386333422
V000114,S01,in,7177.59701762589
V000113,S01,out,7177.59701762589
V000093,S13,in,7178.093088679838
V000092,S13,out,7178.093088679838
V000082,S20,out,7178.941603291793
V000083,S20,in,7178.941603291793
V000103,S07,in,7180.823369680235
V000088,S16,out,7181.212157997575
V000085,S19,out,7185.60939972493
V000086,S19,in,7185.60939972493
V000089,S16,in,7189.212157997575
V000107,S04,out,7193.875207670805
V000108,S04,in,7193.875207670805
V000087,S17,out,7199.862859207102
V000088,S17,in,7199.862859207102
V000087,S18,in,7797.715957840853
V000102,S08,in,7801.663842003307
V000101,S08,out,7801.663842003307
V000100,S09,out,7803.283417927542
V000101,S09,in,7804.283417927542
V000105,S05,out,7813.987751330109
V000106,S05,in,7813.987751330109
V000109,S03,out,7821.113132255309
V000110,S03,in,7821.113132255309
V000105,S06,in,7824.31386333422
V000104,S06,out,7824.31386333422
V000103,S07,out,7826.823369680235
V000104,S07,in,7827.823369680235
V000098,S11,in,7827.949857930325
V000097,S11,out,7827.949857930325
V000095,S12,in,7828.226974598345
V000094,S12,out,7828.226974598345
V000112,S02,out,7829.134132987175
V000113,S02,in,7829.134132987175
V000115,S01,in,7830.59701762589
V000114,S01,out,7830.59701762589
V000086,S19,out,7837.60939972493
V000093,S13,out,7841.093088679838
V000094,S13,in,7841.093088679838
V000089,S16,out,7843.212157997575
V000084,S20,in,7843.941603291793
V000083,S20,out,7843.941603291793
V000087,S18,out,7851.715957840853
V000102,S08,out,7853.663842003307
V000103,S08,in,7853.663842003307
V000101,S09,out,7857.283417927542
V000102,S09,in,7857.283417927542
V000088,S18,in,7858.715957840853
V000088,S17,out,7858.862859207102
V000089,S17,in,7858.862859207102
V000087,S19,in,7860.60939972493
V000108,S04,out,7862.875207670805
V000109,S04,in,7862.875207670805
V000090,S16,in,7868.212157997575
V000106,S05,out,7870.987751330109
V000107,S05,in,7870.987751330109
V000105,S06,out,7872.31386333422
V000106,S06,in,7876.31386333422
V000110,S03,out,7879.113132255309
V000111,S03,in,7879.113132255309
V000113,S02,out,7885.134132987175
V000114,S02,in,7885.134132987175
V000099,S11,in,7892.949857930325
V000098,S11,out,7892.949857930325
V000096,S12,in,7893.226974598345
V000095,S12,out,7893.226974598345
V000115,S01,out,7896.59701762589
V000116,S01,in,7896.59701762589
V000095,S13,in,7904.093088679838
V000094,S13,out,7904.093088679838
V000104,S07,out,7904.823369680235
V000105,S07,in,7904.823369680235
V000102,S09,out,7905.283417927542
V000085,S20,in,7911.941603291793
V000084,S20,out,7911.941603291793
V000089,S17,out,7914.862859207102
V000088,S18,out,7916.715957840853
V000089,S18,in,7916.715957840853
V000110,S04,in,7925.875207670805
V000109,S04,out,7925.875207670805
V000090,S16,out,7926.212157997575
V000107,S05,out,7928.987751330109
V000108,S05,in,7928.987751330109
V000088,S19,in,7929.60939972493
V000087,S19,out,7929.60939972493
V000103,S08,out,7930.663842003307
V000104,S08,in,7930.663842003307
V000111,S03,out,7933.113132255309
V000112,S03,in,7933.113132255309
V000103,S09,in,7933.283417927542
V000090,S17,in,7934.862859207102
V000091,S16,in,7935.212157997575
V000106,S06,out,7937.31386333422
V000107,S06,in,7937.31386333422
V000114,S02,out,7942.134132987175
V000115,S02,in,7942.134132987175
V000116,S01,out,7950.59701762589
V000117,S01,in,7950.59701762589
V000095,S13,out,7959.093088679838
V000100,S11,in,7962.949857930325
V000099,S11,out,7962.949857930325
V000096,S13,in,7963.093088679838
V000097,S12,in,7963.226974598345
V000096,S12,out,7963.226974598345
V000105,S07,out,7969.823369680235
V000106,S07,in,7969.823369680235
V000089,S18,out,7972.715957840853
V000090,S17,out,7976.862859207102
V000090,S18,in,7977.715957840853
V000105,S08,in,7981.663842003307
V000104,S08,out,7981.663842003307
V000113,S03,in,7982.113132255309
V000112,S03,out,7982.113132255309
V000103,S09,out,7984.283417927542
V000104,S09,in,7985.283417927542
V000086,S20,in,7986.941603291793
V000085,S20,out,7986.941603291793
V000111,S04,in,7990.875207670805
V000110,S04,out,7990.875207670805
V000116,S02,in,7991.134132987175
V000115,S02,out,7991.134132987175
V000107,S06,out,7993.31386333422
V000109,S05,in,7995.987751330109
V000108,S05,out,7995.987751330109
V000092,S16,in,8001.212157997575
V000091,S16,out,8001.212157997575
V000108,S06,in,8002.31386333422
V000089,S19,in,8002.60939972493
V000088,S19,out,8002.60939972493
V000091,S17,in,8008.862859207102
V000096,S13,out,8013.093088679838
V000097,S13,in,8014.093088679838
V000101,S11,in,8014.949857930325
V000100,S11,out,8014.949857930325
V000097,S12,out,8015.226974598345
V000098,S12,in,8015.226974598345
V000117,S01,out,8018.59701762589
V000118,S01,in,8018.59701762589
V000104,S09,out,8033.283417927542
V000107,S07,in,8033.823369680235
V000090,S18,out,8037.715957840853
V000105,S08,out,8041.663842003307
V000106,S08,in,8041.663842003307
V000114,S03,in,8043.113132255309
V000113,S03,out,8043.113132255309
V000116,S02,out,8044.134132987175
V000117,S02,in,8044.134132987175
V000105,S09,in,8044.283417927542
V000112,S04,in,8044.875207670805
V000111,S04,out,8044.875207670805
V000108,S06,out,8054.31386333422
V000092,S16,out,8063.212157997575
V000093,S16,in,8063.212157997575
V000089,S19,out,8064.60939972493
V000090,S19,in,8064.60939972493
V000109,S05,out,8064.987751330109
V000110,S05,in,8064.987751330109
V000097,S13,out,8066.093088679838
V000098,S13,in,8069.093088679838
V000087,S20,in,8069.941603291793
V000086,S20,out,8069.941603291793
V000102,S11,in,8069.949857930325
V000101,S11,out,8069.949857930325
V000099,S12,in,8070.226974598345
V000098,S12,out,8070.226974598345
V000091,S18,in,8071.715957840853
V000092,S17,in,8071.862859207102
V000091,S17,out,8071.862859207102
V000109,S06,in,8072.31386333422
V000119,S01,in,8080.59701762589
V000118,S01,out,8080.59701762589
V000108,S07,in,8092.823369680235
V000107,S07,out,8092.823369680235
V000105,S09,out,8101.283417927542
V000113,S04,in,8107.875207670805
V000112,S04,out,8107.875207670805
V000115,S03,in,8109.113132255309
V000114,S03,out,8109.113132255309
V000117,S02,out,8110.134132987175
V000118,S02,in,8110.134132987175
V000106,S08,out,8114.663842003307
V000107,S08,in,8114.663842003307
V000111,S05,in,8115.987751330109
V000110,S05,out,8115.987751330109
V000106,S09,in,8117.283417927542
V000092,S17,out,8120.862859207102
V000098,S13,out,8121.093088679838
V000093,S16,out,8124.212157997575
V000094,S16,in,8124.212157997575
V000090,S19,out,8125.60939972493
V000091,S18,out,8131.715957840853
V000092,S18,in,8131.715957840853
V000093,S17,in,8131.862859207102
V000102,S11,out,8132.949857930325
V000103,S11,in,8132.949857930325
V000099,S13,in,8133.093088679838
V000099,S12,out,8133.226974598345
V000100,S12,in,8133.226974598345
V000120,S01,in,8133.59701762589
V000119,S01,out,8133.59701762589
V000109,S06,out,8134.31386333422
V000110,S06,in,8134.31386333422
V000091,S19,in,8140.60939972493
V000108,S07,out,8143.823369680235
V000109,S07,in,8143.823369680235
V000088,S20,in,8149.941603291793
V000087,S20,out,8149.941603291793
V000106,S09,out,8164.283417927542
V000116,S03,in,8167.113132255309
V000115,S03,out,8167.113132255309
V000119,S02,in,8168.134132987175
V000118,S02,out,8168.134132987175
V000107,S08,out,8171.663842003307
V000108,S08,in,8171.663842003307
V000107,S09,in,8175.283417927542
V000113,S04,out,8178.875207670805
V000114,S04,in,8178.875207670805
V000094,S16,out,8184.212157997575
V000120,S01,out,8184.59701762589
V000112,S05,in,8184.987751330109
V000111,S05,out,8184.987751330109
V000103,S11,out,8186.949857930325
V000104,S11,in,8186.949857930325
V000100,S12,out,8187.226974598345
V000101,S12,in,8187.226974598345
V000091,S19,out,8190.60939972493
V000110,S06,out,8195.313863334219
V000111,S06,in,8195.313863334219
V000093,S17,out,8195.862859207102
V000094,S17,in,8195.862859207102
V000100,S13,in,8199.093088679838
V000099,S13,out,8199.093088679838
V000095,S16,in,8200.212157997574
V000109,S07,out,8204.823369680236
V000110,S07,in,8204.823369680236
V000092,S18,out,8213.715957840852
V000093,S18,in,8213.715957840852
V000117,S03,in,8218.11313225531
V000116,S03,out,8218.11313225531
V000119,S02,out,8221.134132987176
V000120,S02,in,8221.134132987176
V000092,S19,in,8222.60939972493
V000107,S09,out,8233.283417927541
V000111,S06,out,8238.313863334219
V000088,S20,out,8240.941603291792
V000089,S20,in,8240.941603291792
V000114,S04,out,8243.875207670806
V000115,S04,in,8243.875207670806
V000104,S11,out,8249.949857930325
V000105,S11,in,8249.949857930325
V000101,S12,out,8250.226974598345
V000102,S12,in,8250.226974598345
V000094,S17,out,8251.862859207102
V000095,S16,out,8252.212157997574
V000112,S05,out,8252.987751330109
V000113,S05,in,8252.987751330109
V000112,S06,in,8259.313863334219
V000095,S17,in,8259.862859207102
V000096,S16,in,8264.212157997574
V000094,S18,in,8265.715957840852
V000093,S18,out,8265.715957840852
V000110,S07,out,8273.823369680236
V000111,S07,in,8273.823369680236
V000109,S08,in,8274.663842003307
V000108,S08,out,8274.663842003307
V000117,S03,out,8276.11313225531
V000118,S03,in,8276.11313225531
V000120,S02,out,8277.134132987176
V000108,S09,in,8278.283417927541
V000101,S13,in,8279.093088679838
V000100,S13,out,8279.093088679838
V000121,S01,in,8282.597017625889
V000093,S19,in,8291.60939972493
V000092,S19,out,8291.60939972493
V000116,S04,in,8292.875207670806
V000115,S04,out,8292.875207670806
V000112,S06,out,8306.313863334219
V000095,S17,out,8308.862859207102
V000114,S05,in,8310.987751330109
V000113,S05,out,8310.987751330109
V000096,S16,out,8313.212157997574
V000105,S11,out,8313.949857930325
V000106,S11,in,8313.949857930325
V000102,S12,out,8314.226974598345
V000103,S12,in,8314.226974598345
V000113,S06,in,8317.313863334219
V000094,S18,out,8318.715957840852
V000095,S18,in,8318.715957840852
V000096,S17,in,8321.862859207102
V000090,S20,in,8323.941603291792
V000089,S20,out,8323.941603291792
V000119,S03,in,8330.11313225531
V000118,S03,out,8330.11313225531
V000110,S08,in,8332.663842003307
V000109,S08,out,8332.663842003307
V000108,S09,out,8334.283417927541
V000097,S16,in,8336.212157997574
V000109,S09,in,8337.283417927541
V000112,S07,in,8338.823369680236
V000111,S07,out,8338.823369680236
V000122,S01,in,8339.597017625889
V000121,S01,out,8339.597017625889
V000121,S02,in,8342.134132987176
V000093,S19,out,8349.60939972493
V000094,S19,in,8349.60939972493
V000117,S04,in,8356.875207670806
V000116,S04,out,8356.875207670806
V000102,S13,in,8361.093088679838
V000101,S13,out,8361.093088679838
V000096,S17,out,8367.862859207102
V000113,S06,out,8368.313863334219
V000115,S05,in,8371.987751330109
V000114,S05,out,8371.987751330109
V000106,S11,out,8375.949857930325
V000107,S11,in,8375.949857930325
V000103,S12,out,8376.226974598345
V000104,S12,in,8376.226974598345
V000114,S06,in,8377.313863334219
V000095,S18,out,8378.715957840852
V000096,S18,in,8378.715957840852
V000109,S09,out,8381.283417927541
V000120,S03,in,8383.11313225531
V000119,S03,out,8383.11313225531
V000097,S16,out,8386.212157997574
V000121,S02,out,8389.134132987176
V000112,S07,out,8393.823369680236
V000113,S07,in,8393.823369680236
V000097,S17,in,8393.862859207102
V000111,S08,in,8394.663842003307
V000110,S08,out,8394.663842003307
V000098,S16,in,8397.212157997574
V000110,S09,in,8397.283417927541
V000122,S01,out,8400.597017625889
V000123,S01,in,8400.597017625889
V000122,S02,in,8402.134132987176
V000090,S20,out,8411.941603291792
V000091,S20,in,8411.941603291792
V000094,S19,out,8416.60939972493
V000095,S19,in,8416.60939972493
V000117,S04,out,8420.875207670806
V000118,S04,in,8420.875207670806
V000114,S06,out,8427.313863334219
V000115,S05,out,8427.987751330109
V000116,S05,in,8427.987751330109
V000107,S11,out,8431.949857930325
V000108,S11,in,8431.949857930325
V000104,S12,out,8432.226974598345
V000105,S12,in,8432.226974598345
V000096,S18,out,8433.715957840852
V000120,S03,out,8434.11313225531
V000121,S03,in,8434.11313225531
V000115,S06,in,8435.313863334219
V000098,S16,out,8444.212157997574
V000113,S07,out,8444.823369680236
V000114,S07,in,8444.823369680236
V000111,S08,out,8445.663842003307
V000112,S08,in,8445.663842003307
V000110,S09,out,8446.283417927541
V000111,S09,in,8448.283417927541
V000124,S01,in,8451.597017625889
V000123,S01,out,8451.597017625889
V000098,S17,in,8456.862859207102
V000097,S17,out,8456.862859207102
V000099,S16,in,8457.212157997574
V000097,S18,in,8457.715957840852
V000103,S13,in,8462.093088679838
V000102,S13,out,8462.093088679838
V000123,S02,in,8471.134132987176
V000122,S02,out,8471.134132987176
V000119,S04,in,8476.875207670806
V000118,S04,out,8476.875207670806
V000115,S06,out,8485.313863334219
V000092,S20,in,8485.941603291792
V000091,S20,out,8485.941603291792
V000122,S03,in,8487.11313225531
V000121,S03,out,8487.11313225531
V000117,S05,in,8487.987751330109
V000116,S05,out,8487.987751330109
V000105,S12,out,8488.226974598345
V000106,S12,in,8488.226974598345
V000096,S19,in,8490.60939972493
V000095,S19,out,8490.60939972493
V000111,S09,out,8491.283417927541
V000108,S11,out,8493.949857930325
V000109,S11,in,8493.949857930325
V000116,S06,in,8494.313863334219
V000115,S07,in,8497.823369680236
V000114,S07,out,8497.823369680236
V000113,S08,in,8498.663842003307
V000112,S08,out,8498.663842003307
V000112,S09,in,8502.283417927541
V000124,S01,out,8506.597017625889
V000125,S01,in,8506.597017625889
V000097,S18,out,8506.715957840852
V000104,S13,in,8512.093088679838
V000103,S13,out,8512.093088679838
V000099,S16,out,8514.212157997574
V000098,S17,out,8517.862859207102
V000098,S18,in,8519.715957840852
V000100,S16,in,8523.212157997574
V000099,S17,in,8523.862859207102
V000123,S02,out,8526.134132987176
V000124,S02,in,8526.134132987176
V000119,S04,out,8528.875207670806
V000120,S04,in,8528.875207670806
V000123,S03,in,8541.11313225531
V000122,S03,out,8541.11313225531
V000107,S12,in,8544.226974598345
V000106,S12,out,8544.226974598345
V000117,S05,out,8547.987751330109
V000118,S05,in,8547.987751330109
V000116,S06,out,8548.313863334219
V000126,S01,in,8549.597017625889
V000125,S01,out,8549.597017625889
V000093,S20,in,8551.941603291792
V000092,S20,out,8551.941603291792
V000117,S06,in,8554.313863334219
V000109,S11,out,8555.949857930325
V000110,S11,in,8555.949857930325
V000097,S19,in,8556.60939972493
V000096,S19,out,8556.60939972493
V000116,S07,in,8559.823369680236
V000115,S07,out,8559.823369680236
V000113,S08,out,8560.663842003307
V000114,S08,in,8560.663842003307
V000112,S09,out,8561.283417927541
V000113,S09,in,8563.283417927541
V000105,S13,in,8567.093088679838
V000104,S13,out,8567.093088679838
V000098,S18,out,8570.715957840852
V000100,S16,out,8571.212157997574
V000124,S02,out,8580.134132987176
V000125,S02,in,8580.134132987176
V000101,S16,in,8581.212157997574
V000099,S18,in,8584.715957840852
V000100,S17,in,8584.862859207102
V000099,S17,out,8584.862859207102
V000121,S04,in,8585.875207670806
V000120,S04,out,8585.875207670806
V000127,S01,in,8600.597017625889
V000126,S01,out,8600.597017625889
V000119,S05,in,8600.987751330109
V000118,S05,out,8600.987751330109
V000123,S03,out,8602.11313225531
V000124,S03,in,8602.11313225531
V000107,S12,out,8602.226974598345
V000108,S12,in,8602.226974598345
V000117,S06,out,8607.313863334219
V000118,S06,in,8607.313863334219
V000113,S09,out,8611.283417927541
V000116,S07,out,8614.823369680236
V000117,S07,in,8614.823369680236
V000115,S08,in,8615.663842003307
V000114,S08,out,8615.663842003307
V000114,S09,in,8618.283417927541
V000106,S13,in,8619.093088679838
V000105,S13,out,8619.093088679838
V000100,S17,out,8627.862859207102
V000101,S16,out,8631.212157997574
V000125,S02,out,8632.134132987176
V000126,S02,in,8632.134132987176
V000100,S18,in,8638.715957840852
V000099,S18,out,8638.715957840852
V000101,S17,in,8639.862859207102
V000121,S04,out,8644.875207670806
V000122,S04,in,8644.875207670806
V000102,S16,in,8646.212157997574
V000111,S11,in,8652.949857930325
V000110,S11,out,8652.949857930325
V000109,S12,in,8655.226974598345
V000108,S12,out,8655.226974598345
V000120,S05,in,8655.987751330109
V000119,S05,out,8655.987751330109
V000124,S03,out,8661.11313225531
V000125,S03,in,8661.11313225531
V000119,S06,in,8663.313863334219
V000118,S06,out,8663.313863334219
V000128,S01,in,8665.597017625889
V000127,S01,out,8665.597017625889
V000114,S09,out,8667.283417927541
V000115,S08,out,8670.663842003307
V000116,S08,in,8670.663842003307
V000115,S09,in,8673.283417927541
V000118,S07,in,8676.823369680236
V000117,S07,out,8676.823369680236
V000126,S02,out,8684.134132987176
V000127,S02,in,8684.134132987176
V000101,S17,out,8685.862859207102
V000111,S11,out,8696.949857930325
V000112,S11,in,8696.949857930325
V000102,S16,out,8698.212157997574
V000103,S16,in,8698.212157997574
V000102,S17,in,8706.862859207102
V000123,S04,in,8707.875207670806
V000122,S04,out,8707.875207670806
V000120,S05,out,8708.987751330109
V000121,S05,in,8708.987751330109
V000125,S03,out,8713.11313225531
V000126,S03,in,8713.11313225531
V000107,S13,in,8716.093088679838
V000106,S13,out,8716.093088679838
V000128,S01,out,8716.597017625889
V000129,S01,in,8716.597017625889
V000115,S09,out,8718.283417927541
V000109,S12,out,8720.226974598345
V000110,S12,in,8720.226974598345
V000119,S06,out,8725.313863334219
V000120,S06,in,8725.313863334219
V000119,S07,in,8736.823369680236
V000118,S07,out,8736.823369680236
V000117,S08,in,8737.663842003307
V000116,S08,out,8737.663842003307
V000116,S09,in,8741.283417927541
V000128,S02,in,8748.134132987176
V000127,S02,out,8748.134132987176
V000112,S11,out,8749.949857930325
V000113,S11,in,8749.949857930325
V000102,S17,out,8757.862859207102
V000103,S16,out,8758.212157997574
V000104,S16,in,8758.212157997574
V000107,S13,out,8764.093088679838
V000108,S13,in,8764.093088679838
V000103,S17,in,8766.862859207102
V000123,S04,out,8767.875207670806
V000124,S04,in,8767.875207670806
V000126,S03,out,8771.11313225531
V000127,S03,in,8771.11313225531
V000121,S05,out,8773.987751330109
V000122,S05,in,8773.987751330109
V000130,S01,in,8774.597017625889
V000129,S01,out,8774.597017625889
V000121,S06,in,8779.313863334219
V000120,S06,out,8779.313863334219
V000101,S18,in,8781.715957840852
V000100,S18,out,8781.715957840852
V000094,S20,in,8781.941603291792
V000093,S20,out,8781.941603291792
V000110,S12,out,8782.226974598345
V000111,S12,in,8782.226974598345
V000098,S19,in,8786.60939972493
V000097,S19,out,8786.60939972493
V000116,S09,out,8789.283417927541
V000114,S11,in,8795.949857930325
V000113,S11,out,8795.949857930325
V000104,S16,out,8804.212157997574
V000105,S16,in,8805.212157997574
V000128,S02,out,8807.134132987176
V000129,S02,in,8807.134132987176
V000120,S07,in,8808.823369680236
V000119,S07,out,8808.823369680236
V000117,S08,out,8809.663842003307
V000118,S08,in,8809.663842003307
V000117,S09,in,8813.283417927541
V000109,S13,in,8814.093088679838
V000108,S13,out,8814.093088679838
V000103,S17,out,8822.862859207102
V000104,S17,in,8822.862859207102
V000124,S04,out,8825.875207670806
V000125,S04,in,8825.875207670806
V000130,S01,out,8828.597017625889
V000131,S01,in,8828.597017625889
V000127,S03,out,8830.11313225531
V000128,S03,in,8830.11313225531
V000121,S06,out,8833.313863334219
V000111,S12,out,8852.226974598345
V000112,S12,in,8852.226974598345
V000105,S16,out,8854.212157997574
V000114,S11,out,8857.949857930325
V000115,S11,in,8857.949857930325
V000109,S13,out,8864.093088679838
V000110,S13,in,8864.093088679838
V000106,S16,in,8868.212157997574
V000117,S09,out,8868.283417927541
V000120,S07,out,8869.823369680236
V000121,S07,in,8869.823369680236
V000119,S08,in,8870.663842003307
V000118,S08,out,8870.663842003307
V000130,S02,in,8871.134132987176
V000129,S02,out,8871.134132987176
V000105,S17,in,8871.862859207102
V000104,S17,out,8871.862859207102
V000118,S09,in,8874.283417927541
V000101,S18,out,8881.715957840852
V000102,S18,in,8881.715957840852
V000094,S20,out,8881.941603291792
V000095,S20,in,8881.941603291792
V000131,S01,out,8886.597017625889
V000132,S01,in,8886.597017625889
V000098,S19,out,8886.60939972493
V000099,S19,in,8886.60939972493
V000129,S03,in,8887.11313225531
V000128,S03,out,8887.11313225531
V000126,S04,in,8888.875207670806
V000125,S04,out,8888.875207670806
V000116,S11,in,8907.949857930325
V000115,S11,out,8907.949857930325
V000113,S12,in,8908.226974598345
V000112,S12,out,8908.226974598345
V000106,S16,out,8916.212157997574
V000130,S02,out,8920.134132987176
V000131,S02,in,8920.134132987176
V000118,S09,out,8920.283417927541
V000121,S07,out,8925.823369680236
V000119,S08,out,8926.663842003307
V000120,S08,in,8926.663842003307
V000107,S16,in,8928.212157997574
V000119,S09,in,8929.283417927541
V000111,S13,in,8931.093088679838
V000110,S13,out,8931.093088679838
V000130,S03,in,8940.11313225531
V000129,S03,out,8940.11313225531
V000133,S01,in,8945.597017625889
V000132,S01,out,8945.597017625889
V000106,S17,in,8952.862859207102
V000105,S17,out,8952.862859207102
V000117,S11,in,8961.949857930325
V000116,S11,out,8961.949857930325
V000113,S12,out,8962.226974598345
V000114,S12,in,8962.226974598345
V000102,S18,out,8968.715957840852
V000103,S18,in,8968.715957840852
V000096,S20,in,8968.941603291792
V000095,S20,out,8968.941603291792
V000132,S02,in,8973.134132987176
V000131,S02,out,8973.134132987176
V000099,S19,out,8973.60939972493
V000100,S19,in,8973.60939972493
V000108,S16,in,8981.212157997574
V000107,S16,out,8981.212157997574
V000119,S09,out,8982.283417927541
V000111,S13,out,8986.093088679838
V000112,S13,in,8986.093088679838
V000121,S08,in,8990.663842003307
V000120,S08,out,8990.663842003307
V000120,S09,in,8993.283417927541
V000106,S17,out,9000.862859207102
V000107,S17,in,9000.862859207102
V000133,S01,out,9004.597017625889
V000134,S01,in,9004.597017625889
V000114,S12,out,9017.226974598345
V000115,S12,in,9017.226974598345
V000117,S11,out,9019.949857930325
V000118,S11,in,9019.949857930325
V000132,S02,out,9028.134132987176
V000133,S02,in,9028.134132987176
V000112,S13,out,9029.093088679838
V000113,S13,in,9029.093088679838
V000108,S16,out,9035.212157997574
V000109,S16,in,9042.212157997574
V000121,S08,out,9047.663842003307
V000120,S09,out,9049.283417927541
V000121,S09,in,9051.283417927541
V000134,S01,out,9055.597017625889
V000135,S01,in,9055.597017625889
V000104,S18,in,9066.715957840852
V000103,S18,out,9066.715957840852
V000097,S20,in,9066.941603291792
V000096,S20,out,9066.941603291792
V000100,S19,out,9071.60939972493
V000101,S19,in,9071.60939972493
V000108,S17,in,9071.862859207102
V000107,S17,out,9071.862859207102
V000118,S11,out,9074.949857930325
V000119,S11,in,9074.949857930325
V000116,S12,in,9075.226974598345
V000115,S12,out,9075.226974598345
V000113,S13,out,9085.093088679838
V000114,S13,in,9085.093088679838
V000109,S16,out,9088.212157997574
V000121,S09,out,9102.283417927541
V000110,S16,in,9103.212157997574
V000123,S05,in,9132.987751330109
V000122,S05,out,9132.987751330109
V000130,S03,out,9133.11313225531
V000131,S03,in,9133.11313225531
V000120,S11,in,9133.949857930325
V000119,S11,out,9133.949857930325
V000133,S02,out,9134.134132987176
V000134,S02,in,9134.134132987176
V000116,S12,out,9134.226974598345
V000117,S12,in,9134.226974598345
V000126,S04,out,9134.875207670806
V000127,S04,in,9134.875207670806
V000136,S01,in,9135.597017625889
V000135,S01,out,9135.597017625889
V000122,S06,in,9140.313863334219
V000115,S13,in,9145.093088679838
V000114,S13,out,9145.093088679838
V000110,S16,out,9157.212157997574
V000104,S18,out,9168.715957840852
V000105,S18,in,9168.715957840852
V000097,S20,out,9168.941603291792
V000098,S20,in,9168.941603291792
V000101,S19,out,9173.60939972493
V000102,S19,in,9173.60939972493
V000108,S17,out,9173.862859207102
V000109,S17,in,9173.862859207102
V000111,S16,in,9182.212157997574
V000123,S05,out,9184.987751330109
V000124,S05,in,9184.987751330109
V000122,S06,out,9189.313863334219
V000123,S06,in,9189.313863334219
V000122,S07,in,9193.823369680236
V000131,S03,out,9196.11313225531
V000132,S03,in,9196.11313225531
V000127,S04,out,9196.875207670806
V000128,S04,in,9196.875207670806
V000134,S02,out,9197.134132987176
V000135,S02,in,9197.134132987176
V000136,S01,out,9198.597017625889
V000137,S01,in,9198.597017625889
V000115,S13,out,9199.093088679838
V000116,S13,in,9199.093088679838
V000120,S11,out,9227.949857930325
V000121,S11,in,9227.949857930325
V000117,S12,out,9228.226974598345
V000118,S12,in,9228.226974598345
V000111,S16,out,9229.212157997574
V000125,S05,in,9234.987751330109
V000124,S05,out,9234.987751330109
V000112,S16,in,9238.212157997574
V000123,S06,out,9239.313863334219
V000124,S06,in,9241.313863334219
V000105,S18,out,9242.715957840852
V000106,S18,in,9242.715957840852
V000098,S20,out,9242.941603291792
V000099,S20,in,9242.941603291792
V000122,S07,out,9243.823369680236
V000123,S07,in,9244.823369680236
V000103,S19,in,9247.60939972493
V000102,S19,out,9247.60939972493
V000110,S17,in,9247.862859207102
V000109,S17,out,9247.862859207102
V000122,S08,in,9249.663842003307
V000132,S03,out,9251.11313225531
V000133,S03,in,9251.11313225531
V000128,S04,out,9251.875207670806
V000129,S04,in,9251.875207670806
V000136,S02,in,9252.134132987176
V000135,S02,out,9252.134132987176
V000138,S01,in,9255.597017625889
V000137,S01,out,9255.597017625889
V000117,S13,in,9259.093088679838
V000116,S13,out,9259.093088679838
V000121,S11,out,9285.949857930325
V000119,S12,in,9286.226974598345
V000118,S12,out,9286.226974598345
V000112,S16,out,9291.212157997574
V000126,S05,in,9291.987751330109
V000125,S05,out,9291.987751330109
V000124,S06,out,9294.313863334219
V000123,S07,out,9296.823369680236
V000125,S06,in,9298.313863334219
V000124,S07,in,9299.823369680236
V000113,S16,in,9302.212157997574
V000134,S03,in,9307.11313225531
V000133,S03,out,9307.11313225531
V000130,S04,in,9308.875207670806
V000129,S04,out,9308.875207670806
V000137,S02,in,9316.134132987176
V000136,S02,out,9316.134132987176
V000138,S01,out,9317.597017625889
V000139,S01,in,9317.597017625889
V000123,S08,in,9318.663842003307
V000122,S08,out,9318.663842003307
V000122,S09,in,9322.283417927541
V000117,S13,out,9323.093088679838
V000118,S13,in,9323.093088679838
V000106,S18,out,9329.715957840852
V000107,S18,in,9329.715957840852
V000099,S20,out,9329.941603291792
V000100,S20,in,9329.941603291792
V000104,S19,in,9334.60939972493
V000103,S19,out,9334.60939972493
V000110,S17,out,9334.862859207102
V000111,S17,in,9334.862859207102
V000119,S12,out,9344.226974598345
V000120,S12,in,9344.226974598345
V000127,S05,in,9352.987751330109
V000126,S05,out,9352.987751330109
V000125,S06,out,9353.313863334219
V000113,S16,out,9355.212157997574
V000135,S03,in,9358.11313225531
V000134,S03,out,9358.11313225531
V000130,S04,out,9358.875207670806
V000131,S04,in,9358.875207670806
V000126,S06,in,9360.313863334219
V000114,S16,in,9365.212157997574
V000119,S13,in,9370.093088679838
V000118,S13,out,9370.093088679838
V000138,S02,in,9371.134132987176
V000137,S02,out,9371.134132987176
V000123,S08,out,9373.663842003307
V000140,S01,in,9374.597017625889
V000139,S01,out,9374.597017625889
V000122,S09,out,9375.283417927541
V000125,S07,in,9375.823369680236
V000124,S07,out,9375.823369680236
V000123,S09,in,9377.283417927541
V000124,S08,in,9382.663842003307
V000121,S12,in,9398.226974598345
V000120,S12,out,9398.226974598345
V000127,S05,out,9408.987751330109
V000128,S05,in,9408.987751330109
V000136,S03,in,9417.11313225531
V000135,S03,out,9417.11313225531
V000132,S04,in,9418.875207670806
V000131,S04,out,9418.875207670806
V000126,S06,out,9422.313863334219
V000127,S06,in,9422.313863334219
V000139,S02,in,9425.134132987176
V000138,S02,out,9425.134132987176
V000141,S01,in,9426.597017625889
V000140,S01,out,9426.597017625889
V000114,S16,out,9432.212157997574
V000107,S18,out,9432.715957840852
V000108,S18,in,9432.715957840852
V000101,S20,in,9432.941603291792
V000100,S20,out,9432.941603291792
V000123,S09,out,9437.283417927541
V000104,S19,out,9437.60939972493
V000105,S19,in,9437.60939972493
V000112,S17,in,9437.862859207102
V000111,S17,out,9437.862859207102
V000115,S16,in,9438.212157997574
V000119,S13,out,9440.093088679838
V000120,S13,in,9440.093088679838
V000124,S08,out,9441.663842003307
V000124,S09,in,9445.283417927541
V000122,S11,in,9445.949857930325
V000121,S12,out,9447.226974598345
V000128,S05,out,9462.987751330109
V000129,S05,in,9462.987751330109
V000136,S03,out,9480.11313225531
V000137,S03,in,9480.11313225531
V000140,S02,in,9481.134132987176
V000139,S02,out,9481.134132987176
V000127,S06,out,9481.313863334219
V000128,S06,in,9481.313863334219
V000132,S04,out,9481.875207670806
V000133,S04,in,9481.875207670806
V000141,S01,out,9493.597017625889
V000142,S01,in,9493.597017625889
V000124,S09,out,9496.283417927541
V000121,S13,in,9497.093088679838
V000120,S13,out,9497.093088679838
V000122,S11,out,9501.949857930325
V000123,S11,in,9504.949857930325
V000115,S16,out,9505.212157997574
V000108,S18,out,9505.715957840852
V000109,S18,in,9505.715957840852
V000101,S20,out,9505.941603291792
V000102,S20,in,9505.941603291792
V000116,S16,in,9506.212157997574
V000122,S12,in,9509.226974598345
V000106,S19,in,9510.60939972493
V000105,S19,out,9510.60939972493
V000112,S17,out,9510.862859207102
V000113,S17,in,9510.862859207102
V000129,S05,out,9521.987751330109
V000130,S05,in,9521.987751330109
V000133,S04,out,9528.875207670806
V000134,S04,in,9528.875207670806
V000137,S03,out,9529.11313225531
V000138,S03,in,9529.11313225531
V000125,S07,out,9535.823369680236
V000126,S07,in,9535.823369680236
V000128,S06,out,9537.313863334219
V000129,S06,in,9537.313863334219
V000125,S08,in,9541.663842003307
V000141,S02,in,9542.134132987176
V000140,S02,out,9542.134132987176
V000142,S01,out,9543.597017625889
V000143,S01,in,9543.597017625889
V000121,S13,out,9544.093088679838
V000122,S13,in,9570.093088679838
V000122,S12,out,9571.226974598345
V000130,S05,out,9581.987751330109
V000131,S05,in,9581.987751330109
V000138,S03,out,9583.11313225531
V000139,S03,in,9583.11313225531
V000134,S04,out,9584.875207670806
V000135,S04,in,9584.875207670806
V000117,S16,in,9586.212157997574
V000116,S16,out,9586.212157997574
V000109,S18,out,9586.715957840852
V000110,S18,in,9586.715957840852
V000103,S20,in,9586.941603291792
V000102,S20,out,9586.941603291792
V000142,S02,in,9590.134132987176
V000141,S02,out,9590.134132987176
V000144,S01,in,9591.597017625889
V000143,S01,out,9591.597017625889
V000107,S19,in,9591.60939972493
V000106,S19,out,9591.60939972493
V000113,S17,out,9591.862859207102
V000114,S17,in,9591.862859207102
V000125,S08,out,9594.663842003307
V000125,S09,in,9597.283417927541
V000123,S11,out,9610.949857930325
V000124,S11,in,9610.949857930325
V000123,S12,in,9616.226974598345
V000122,S13,out,9621.093088679838
V000127,S07,in,9638.823369680236
V000126,S07,out,9638.823369680236
V000132,S05,in,9638.987751330109
V000131,S05,out,9638.987751330109
V000130,S06,in,9639.313863334219
V000129,S06,out,9639.313863334219
V000126,S08,in,9645.663842003307
V000140,S03,in,9647.11313225531
V000139,S03,out,9647.11313225531
V000143,S02,in,9648.134132987176
V000142,S02,out,9648.134132987176
V000125,S09,out,9648.283417927541
V000136,S04,in,9648.875207670806
V000135,S04,out,9648.875207670806
V000145,S01,in,9649.597017625889
V000144,S01,out,9649.597017625889
V000124,S11,out,9654.949857930325
V000117,S16,out,9671.212157997574
V000118,S16,in,9671.212157997574
V000111,S18,in,9671.715957840852
V000110,S18,out,9671.715957840852
V000104,S20,in,9671.941603291792
V000103,S20,out,9671.941603291792
V000107,S19,out,9676.60939972493
V000108,S19,in,9676.60939972493
V000114,S17,out,9676.862859207102
V000115,S17,in,9676.862859207102
V000123,S13,in,9682.093088679838
V000124,S12,in,9682.226974598345
V000123,S12,out,9682.226974598345
V000133,S05,in,9683.987751330109
V000132,S05,out,9683.987751330109
V000128,S07,in,9688.823369680236
V000127,S07,out,9688.823369680236
V000131,S06,in,9693.313863334219
V000130,S06,out,9693.313863334219
V000141,S03,in,9703.11313225531
V000140,S03,out,9703.11313225531
V000137,S04,in,9704.875207670806
V000136,S04,out,9704.875207670806
V000144,S02,in,9705.134132987176
V000143,S02,out,9705.134132987176
V000146,S01,in,9706.597017625889
V000145,S01,out,9706.597017625889
V000125,S11,in,9711.949857930325
V000126,S08,out,9714.663842003307
V000127,S08,in,9714.663842003307
V000126,S09,in,9717.283417927541
V000129,S07,in,9733.823369680236
V000128,S07,out,9733.823369680236
V000134,S05,in,9734.987751330109
V000133,S05,out,9734.987751330109
V000124,S12,out,9739.226974598345
V000123,S13,out,9744.093088679838
V000124,S13,in,9744.093088679838
V000131,S06,out,9756.313863334219
V000132,S06,in,9756.313863334219
V000141,S03,out,9757.11313225531
V000142,S03,in,9757.11313225531
V000138,S04,in,9758.875207670806
V000137,S04,out,9758.875207670806
V000144,S02,out,9762.134132987176
V000145,S02,in,9762.134132987176
V000147,S01,in,9763.597017625889
V000146,S01,out,9763.597017625889
V000125,S11,out,9764.949857930325
V000126,S09,out,9765.283417927541
V000118,S16,out,9768.212157997574
V000119,S16,in,9768.212157997574
V000112,S18,in,9768.715957840852
V000111,S18,out,9768.715957840852
V000105,S20,in,9768.941603291792
V000104,S20,out,9768.941603291792
V000125,S12,in,9772.226974598345
V000108,S19,out,9773.60939972493
V000109,S19,in,9773.60939972493
V000115,S17,out,9773.862859207102
V000116,S17,in,9773.862859207102
V000128,S08,in,9776.663842003307
V000127,S08,out,9776.663842003307
V000129,S07,out,9778.823369680236
V000130,S07,in,9778.823369680236
V000127,S09,in,9779.283417927541
V000135,S05,in,9784.987751330109
V000134,S05,out,9784.987751330109
V000124,S13,out,9796.093088679838
V000133,S06,in,9807.313863334219
V000132,S06,out,9807.313863334219
V000143,S03,in,9824.11313225531
V000142,S03,out,9824.11313225531
V000145,S02,out,9825.134132987176
V000146,S02,in,9825.134132987176
V000139,S04,in,9825.875207670806
V000138,S04,out,9825.875207670806
V000148,S01,in,9826.597017625889
V000147,S01,out,9826.597017625889
V000131,S07,in,9830.823369680236
V000130,S07,out,9830.823369680236
V000128,S08,out,9831.663842003307
V000129,S08,in,9831.663842003307
V000135,S05,out,9833.987751330109
V000136,S05,in,9833.987751330109
V000127,S09,out,9834.283417927541
V000128,S09,in,9834.283417927541
V000126,S11,in,9834.949857930325
V000125,S13,in,9847.093088679838
V000125,S12,out,9847.226974598345
V000120,S16,in,9849.212157997574
V000119,S16,out,9849.212157997574
V000113,S18,in,9849.715957840852
V000112,S18,out,9849.715957840852
V000105,S20,out,9849.941603291792
V000106,S20,in,9849.941603291792
V000109,S19,out,9854.60939972493
V000110,S19,in,9854.60939972493
V000117,S17,in,9854.862859207102
V000116,S17,out,9854.862859207102
V000133,S06,out,9862.313863334219
V000134,S06,in,9862.313863334219
V000126,S11,out,9876.949857930325
V000126,S12,in,9882.226974598345
V000130,S08,in,9882.663842003307
V000129,S08,out,9882.663842003307
V000131,S07,out,9884.823369680236
V000132,S07,in,9884.823369680236
V000128,S09,out,9889.283417927541
V000129,S09,in,9889.283417927541
V000144,S03,in,9891.11313225531
V000143,S03,out,9891.11313225531
V000137,S05,in,9891.987751330109
V000136,S05,out,9891.987751330109
V000147,S02,in,9892.134132987176
V000146,S02,out,9892.134132987176
V000140,S04,in,9892.875207670806
V000139,S04,out,9892.875207670806
V000149,S01,in,9893.597017625889
V000148,S01,out,9893.597017625889
V000127,S11,in,9901.949857930325
V000134,S06,out,9916.313863334219
V000135,S06,in,9916.313863334219
V000120,S16,out,9940.212157997574
V000121,S16,in,9940.212157997574
V000114,S18,in,9940.715957840852
V000113,S18,out,9940.715957840852
V000106,S20,out,9940.941603291792
V000107,S20,in,9940.941603291792
V000129,S09,out,9941.283417927541
V000111,S19,in,9945.60939972493
V000110,S19,out,9945.60939972493
V000117,S17,out,9945.862859207102
V000118,S17,in,9945.862859207102
V000132,S07,out,9947.823369680236
V000133,S07,in,9947.823369680236
V000127,S11,out,9947.949857930325
V000131,S08,in,9948.663842003307
V000130,S08,out,9948.663842003307
V000145,S03,in,9950.11313225531
V000144,S03,out,9950.11313225531
V000148,S02,in,9951.134132987176
V000147,S02,out,9951.134132987176
V000140,S04,out,9951.875207670806
V000141,S04,in,9951.875207670806
V000130,S09,in,9952.283417927541
V000150,S01,in,9952.597017625889
V000149,S01,out,9952.597017625889
V000137,S05,out,9958.987751330109
V000138,S05,in,9958.987751330109
V000128,S11,in,9959.949857930325
V000136,S06,in,9967.313863334219
V000135,S06,out,9967.313863334219
V000125,S13,out,9990.093088679838
V000130,S09,out,10003.283417927541
V000138,S05,out,10003.987751330109
V000139,S05,in,10003.987751330109
V000133,S07,out,10004.823369680236
V000134,S07,in,10004.823369680236
V000131,S08,out,10005.663842003307
V000132,S08,in,10005.663842003307
V000131,S09,in,10008.283417927541
V000146,S03,in,10012.11313225531
V000145,S03,out,10012.11313225531
V000149,S02,in,10013.134132987176
V000148,S02,out,10013.134132987176
V000141,S04,out,10013.875207670806
V000142,S04,in,10013.875207670806
V000151,S01,in,10014.597017625889
V000150,S01,out,10014.597017625889
V000128,S11,out,10015.949857930325
V000129,S11,in,10015.949857930325
V000137,S06,in,10017.313863334219
V000136,S06,out,10017.313863334219
V000107,S20,out,10033.941603291792
V000108,S20,in,10033.941603291792
V000111,S19,out,10038.60939972493
V000112,S19,in,10038.60939972493
V000131,S09,out,10056.283417927541
V000135,S07,in,10062.823369680236
V000134,S07,out,10062.823369680236
V000133,S08,in,10063.663842003307
V000132,S08,out,10063.663842003307
V000139,S05,out,10064.987751330109
V000140,S05,in,10064.987751330109
V000143,S04,in,10065.875207670806
V000142,S04,out,10065.875207670806
V000147,S03,in,10066.11313225531
V000146,S03,out,10066.11313225531
V000132,S09,in,10066.283417927541
V000150,S02,in,10067.134132987176
V000149,S02,out,10067.134132987176
V000138,S06,in,10070.313863334219
V000137,S06,out,10070.313863334219
V000151,S01,out,10075.597017625889
V000152,S01,in,10075.597017625889
V000135,S07,out,10114.823369680236
V000136,S07,in,10114.823369680236
V000133,S08,out,10115.663842003307
V000134,S08,in,10115.663842003307
V000140,S05,out,10115.987751330109
V000141,S05,in,10115.987751330109
V000132,S09,out,10116.283417927541
V000133,S09,in,10118.283417927541
V000139,S06,in,10127.313863334219
V000138,S06,out,10127.313863334219
V000147,S03,out,10129.11313225531
V000148,S03,in,10129.11313225531
V000151,S02,in,10130.134132987176
V000150,S02,out,10130.134132987176
V000143,S04,out,10130.875207670806
V000144,S04,in,10130.875207670806
V000153,S01,in,10140.597017625889
V000152,S01,out,10140.597017625889
V000133,S09,out,10158.283417927541
V000121,S16,out,10161.212157997574
V000122,S16,in,10161.212157997574
V000114,S18,out,10161.715957840852
V000115,S18,in,10161.715957840852
V000134,S08,out,10163.663842003307
V000135,S08,in,10163.663842003307
V000119,S17,in,10166.862859207102
V000118,S17,out,10166.862859207102
V000134,S09,in,10167.283417927541
V000136,S07,out,10170.823369680236
V000137,S07,in,10170.823369680236
V000141,S05,out,10170.987751330109
V000142,S05,in,10170.987751330109
V000139,S06,out,10182.313863334219
V000140,S06,in,10182.313863334219
V000145,S04,in,10183.875207670806
V000144,S04,out,10183.875207670806
V000149,S03,in,10186.11313225531
V000148,S03,out,10186.11313225531
V000151,S02,out,10187.134132987176
V000152,S02,in,10187.134132987176
V000154,S01,in,10203.597017625889
V000153,S01,out,10203.597017625889
V000134,S09,out,10215.283417927541
V000136,S08,in,10225.663842003307
V000135,S08,out,10225.663842003307
V000135,S09,in,10229.283417927541
V000142,S05,out,10229.987751330109
V000143,S05,in,10229.987751330109
V000137,S07,out,10236.823369680236
V000138,S07,in,10236.823369680236
V000141,S06,in,10237.313863334219
V000140,S06,out,10237.313863334219
V000150,S03,in,10247.11313225531
V000149,S03,out,10247.11313225531
V000153,S02,in,10248.134132987176
V000152,S02,out,10248.134132987176
V000146,S04,in,10248.875207670806
V000145,S04,out,10248.875207670806
V000154,S01,out,10265.597017625889
V000155,S01,in,10265.597017625889
V000135,S09,out,10276.283417927541
V000143,S05,out,10277.987751330109
V000144,S05,in,10277.987751330109
V000139,S07,in,10297.823369680236
V000138,S07,out,10297.823369680236
V000142,S06,in,10298.313863334219
V000141,S06,out,10298.313863334219
V000137,S08,in,10298.663842003307
V000136,S08,out,10298.663842003307
V000136,S09,in,10303.283417927541
V000126,S13,in,10308.093088679838
V000130,S11,in,10308.949857930325
V000129,S11,out,10308.949857930325
V000126,S12,out,10309.226974598345
V000127,S12,in,10309.226974598345
V000150,S03,out,10310.11313225531
V000151,S03,in,10310.11313225531
V000154,S02,in,10311.134132987176
V000153,S02,out,10311.134132987176
V000146,S04,out,10311.875207670806
V000147,S04,in,10311.875207670806
V000156,S01,in,10312.597017625889
V000155,S01,out,10312.597017625889
V000145,S05,in,10332.987751330109
V000144,S05,out,10332.987751330109
V000126,S13,out,10360.093088679838
V000136,S09,out,10363.283417927541
V000139,S07,out,10363.823369680236
V000140,S07,in,10363.823369680236
V000143,S06,in,10364.313863334219
V000142,S06,out,10364.313863334219
V000137,S08,out,10364.663842003307
V000138,S08,in,10364.663842003307
V000137,S09,in,10367.283417927541
V000130,S11,out,10368.949857930325
V000131,S11,in,10368.949857930325
V000127,S13,in,10369.093088679838
V000128,S12,in,10369.226974598345
V000127,S12,out,10369.226974598345
V000148,S04,in,10376.875207670806
V000147,S04,out,10376.875207670806
V000152,S03,in,10393.11313225531
V000151,S03,out,10393.11313225531
V000145,S05,out,10393.987751330109
V000146,S05,in,10393.987751330109
V000154,S02,out,10394.134132987176
V000155,S02,in,10394.134132987176
V000157,S01,in,10395.597017625889
V000156,S01,out,10395.597017625889
V000137,S09,out,10417.283417927541
V000127,S13,out,10418.093088679838
V000139,S08,in,10422.663842003307
V000138,S08,out,10422.663842003307
V000141,S07,in,10424.823369680236
V000140,S07,out,10424.823369680236
V000138,S09,in,10425.283417927541
V000143,S06,out,10425.313863334219
V000144,S06,in,10425.313863334219
V000128,S13,in,10428.093088679838
V000132,S11,in,10428.949857930325
V000131,S11,out,10428.949857930325
V000128,S12,out,10429.226974598345
V000129,S12,in,10429.226974598345
V000148,S04,out,10434.875207670806
V000149,S04,in,10434.875207670806
V000146,S05,out,10443.987751330109
V000147,S05,in,10443.987751330109
V000153,S03,in,10452.11313225531
V000152,S03,out,10452.11313225531
V000156,S02,in,10453.134132987176
V000155,S02,out,10453.134132987176
V000158,S01,in,10454.597017625889
V000157,S01,out,10454.597017625889
V000138,S09,out,10477.283417927541
V000130,S12,in,10479.226974598345
V000129,S12,out,10479.226974598345
V000132,S11,out,10481.949857930325
V000133,S11,in,10481.949857930325
V000142,S07,in,10484.823369680236
V000141,S07,out,10484.823369680236
V000144,S06,out,10485.313863334219
V000145,S06,in,10485.313863334219
V000139,S08,out,10485.663842003307
V000140,S08,in,10485.663842003307
V000139,S09,in,10489.283417927541
V000128,S13,out,10491.093088679838
V000129,S13,in,10491.093088679838
V000149,S04,out,10493.875207670806
V000150,S04,in,10493.875207670806
V000147,S05,out,10493.987751330109
V000148,S05,in,10493.987751330109
V000154,S03,in,10505.11313225531
V000153,S03,out,10505.11313225531
V000157,S02,in,10506.134132987176
V000156,S02,out,10506.134132987176
V000158,S01,out,10517.597017625889
V000159,S01,in,10517.597017625889
V000142,S07,out,10534.823369680236
V000143,S07,in,10534.823369680236
V000146,S06,in,10535.313863334219
V000145,S06,out,10535.313863334219
V000141,S08,in,10535.663842003307
V000140,S08,out,10535.663842003307
V000134,S11,in,10539.949857930325
V000133,S11,out,10539.949857930325
V000130,S13,in,10540.093088679838
V000129,S13,out,10540.093088679838
V000130,S12,out,10540.226974598345
V000131,S12,in,10540.226974598345
V000140,S09,in,10545.283417927541
V000139,S09,out,10545.283417927541
V000150,S04,out,10551.875207670806
V000151,S04,in,10551.875207670806
V000154,S03,out,10558.11313225531
V000155,S03,in,10558.11313225531
V000149,S05,in,10558.987751330109
V000148,S05,out,10558.987751330109
V000158,S02,in,10559.134132987176
V000157,S02,out,10559.134132987176
V000122,S16,out,10563.212157997574
V000123,S16,in,10563.212157997574
V000115,S18,out,10563.715957840852
V000116,S18,in,10563.715957840852
V000109,S20,in,10563.941603291792
V000108,S20,out,10563.941603291792
V000112,S19,out,10568.60939972493
V000113,S19,in,10568.60939972493
V000120,S17,in,10568.862859207102
V000119,S17,out,10568.862859207102
V000159,S01,out,10571.597017625889
V000160,S01,in,10571.597017625889
V000143,S07,out,10597.823369680236
V000144,S07,in,10597.823369680236
V000147,S06,in,10598.313863334219
V000146,S06,out,10598.313863334219
V000141,S08,out,10598.663842003307
V000142,S08,in,10598.663842003307
V000140,S09,out,10600.283417927541
V000141,S09,in,10601.283417927541
V000130,S13,out,10605.093088679838
V000131,S13,in,10605.093088679838
V000132,S12,in,10605.226974598345
V000131,S12,out,10605.226974598345
V000152,S04,in,10606.875207670806
V000151,S04,out,10606.875207670806
V000155,S03,out,10612.11313225531
V000156,S03,in,10612.11313225531
V000158,S02,out,10616.134132987176
V000159,S02,in,10616.134132987176
V000160,S01,out,10623.597017625889
V000161,S01,in,10623.597017625889
V000124,S16,in,10637.212157997574
V000123,S16,out,10637.212157997574
V000116,S18,out,10637.715957840852
V000117,S18,in,10637.715957840852
V000110,S20,in,10637.941603291792
V000109,S20,out,10637.941603291792
V000114,S19,in,10642.60939972493
V000113,S19,out,10642.60939972493
V000120,S17,out,10642.862859207102
V000121,S17,in,10642.862859207102
V000131,S13,out,10658.093088679838
V000142,S08,out,10659.663842003307
V000143,S08,in,10659.663842003307
V000144,S07,out,10664.823369680236
V000145,S07,in,10664.823369680236
V000147,S06,out,10665.313863334219
V000148,S06,in,10665.313863334219
V000132,S13,in,10670.093088679838
V000133,S12,in,10671.226974598345
V000132,S12,out,10671.226974598345
V000141,S09,out,10682.283417927541
V000142,S09,in,10682.283417927541
V000135,S11,in,10682.949857930325
V000134,S11,out,10682.949857930325
V000143,S08,out,10713.663842003307
V000144,S08,in,10713.663842003307
V000146,S07,in,10727.823369680236
V000145,S07,out,10727.823369680236
V000148,S06,out,10728.313863334219
V000133,S12,out,10730.226974598345
V000134,S12,in,10730.226974598345
V000133,S13,in,10731.093088679838
V000132,S13,out,10731.093088679838
V000125,S16,in,10735.212157997574
V000124,S16,out,10735.212157997574
V000117,S18,out,10735.715957840852
V000118,S18,in,10735.715957840852
V000111,S20,in,10735.941603291792
V000110,S20,out,10735.941603291792
V000142,S09,out,10740.283417927541
V000143,S09,in,10740.283417927541
V000114,S19,out,10740.60939972493
V000115,S19,in,10740.60939972493
V000122,S17,in,10740.862859207102
V000121,S17,out,10740.862859207102
V000136,S11,in,10740.949857930325
V000135,S11,out,10740.949857930325
V000144,S08,out,10764.663842003307
V000145,S08,in,10764.663842003307
V000147,S07,in,10777.823369680236
V000146,S07,out,10777.823369680236
V000133,S13,out,10782.093088679838
V000157,S03,in,10787.11313225531
V000156,S03,out,10787.11313225531
V000160,S02,in,10788.134132987176
V000159,S02,out,10788.134132987176
V000152,S04,out,10788.875207670806
V000153,S04,in,10788.875207670806
V000161,S01,out,10789.597017625889
V000162,S01,in,10789.597017625889
V000134,S13,in,10790.093088679838
V000134,S12,out,10791.226974598345
V000135,S12,in,10791.226974598345
V000136,S11,out,10795.949857930325
V000137,S11,in,10795.949857930325
V000143,S09,out,10799.283417927541
V000144,S09,in,10799.283417927541
V000125,S16,out,10813.212157997574
V000126,S16,in,10813.212157997574
V000119,S18,in,10813.715957840852
V000118,S18,out,10813.715957840852
V000112,S20,in,10813.941603291792
V000111,S20,out,10813.941603291792
V000115,S19,out,10818.60939972493
V000116,S19,in,10818.60939972493
V000122,S17,out,10818.862859207102
V000123,S17,in,10818.862859207102
V000145,S08,out,10829.663842003307
V000146,S08,in,10829.663842003307
V000134,S13,out,10834.093088679838
V000138,S11,in,10837.949857930325
V000137,S11,out,10837.949857930325
V000148,S07,in,10843.823369680236
V000147,S07,out,10843.823369680236
V000135,S13,in,10845.093088679838
V000136,S12,in,10846.226974598345
V000135,S12,out,10846.226974598345
V000145,S09,in,10861.283417927541
V000144,S09,out,10861.283417927541
V000146,S08,out,10879.663842003307
V000147,S08,in,10879.663842003307
V000138,S11,out,10892.949857930325
V000139,S11,in,10892.949857930325
V000135,S13,out,10893.093088679838
V000148,S07,out,10902.823369680236
V000126,S16,out,10909.212157997574
V000127,S16,in,10909.212157997574
V000119,S18,out,10909.715957840852
V000120,S18,in,10909.715957840852
V000112,S20,out,10909.941603291792
V000113,S20,in,10909.941603291792
V000136,S13,in,10914.093088679838
V000116,S19,out,10914.60939972493
V000117,S19,in,10914.60939972493
V000123,S17,out,10914.862859207102
V000124,S17,in,10914.862859207102
V000136,S12,out,10915.226974598345
V000137,S12,in,10915.226974598345
V000146,S09,in,10918.283417927541
V000145,S09,out,10918.283417927541
V000140,S11,in,10939.949857930325
V000139,S11,out,10939.949857930325
V000147,S08,out,10946.663842003307
V000148,S08,in,10946.663842003307
V000137,S12,out,10968.226974598345
V000138,S12,in,10968.226974598345
V000136,S13,out,10972.093088679838
V000137,S13,in,10972.093088679838
V000147,S09,in,10977.283417927541
V000146,S09,out,10977.283417927541
V000141,S11,in,10990.949857930325
V000140,S11,out,10990.949857930325
V000148,S08,out,10991.663842003307
V000138,S12,out,11028.226974598345
V000139,S12,in,11028.226974598345
V000147,S09,out,11033.283417927541
V000148,S09,in,11033.283417927541
V000141,S11,out,11044.949857930325
V000142,S11,in,11044.949857930325
V000149,S05,out,11053.987751330109
V000150,S05,in,11053.987751330109
V000157,S03,out,11054.11313225531
V000158,S03,in,11054.11313225531
V000161,S02,in,11055.134132987176
V000160,S02,out,11055.134132987176
V000154,S04,in,11055.875207670806
V000153,S04,out,11055.875207670806
V000162,S01,out,11056.597017625889
V000163,S01,in,11056.597017625889
V000149,S06,in,11061.313863334219
V000139,S12,out,11091.226974598345
V000140,S12,in,11091.226974598345
V000142,S11,out,11091.949857930325
V000143,S11,in,11091.949857930325
V000148,S09,out,11093.283417927541
V000150,S05,out,11112.987751330109
V000151,S05,in,11112.987751330109
V000158,S03,out,11113.11313225531
V000159,S03,in,11113.11313225531
V000162,S02,in,11114.134132987176
V000161,S02,out,11114.134132987176
V000149,S06,out,11114.313863334219
V000155,S04,in,11114.875207670806
V000154,S04,out,11114.875207670806
V000164,S01,in,11115.597017625889
V000163,S01,out,11115.597017625889
V000149,S07,in,11119.823369680236
V000150,S06,in,11120.313863334219
V000151,S05,out,11169.987751330109
V000152,S05,in,11169.987751330109
V000159,S03,out,11170.11313225531
V000160,S03,in,11170.11313225531
V000149,S07,out,11170.823369680236
V000162,S02,out,11171.134132987176
V000163,S02,in,11171.134132987176
V000155,S04,out,11171.875207670806
V000156,S04,in,11171.875207670806
V000150,S06,out,11172.313863334219
V000165,S01,in,11172.597017625889
V000164,S01,out,11172.597017625889
V000149,S08,in,11175.663842003307
V000151,S06,in,11176.313863334219
V000150,S07,in,11178.823369680236
V000151,S06,out,11229.313863334219
V000149,S08,out,11229.663842003307
V000149,S09,in,11233.283417927541
V000152,S05,out,11234.987751330109
V000153,S05,in,11234.987751330109
V000160,S03,out,11235.11313225531
V000161,S03,in,11235.11313225531
V000163,S02,out,11236.134132987176
V000164,S02,in,11236.134132987176
V000157,S04,in,11236.875207670806
V000156,S04,out,11236.875207670806
V000166,S01,in,11237.597017625889
V000165,S01,out,11237.597017625889
V000151,S07,in,11240.823369680236
V000150,S07,out,11240.823369680236
V000152,S06,in,11241.313863334219
V000137,S13,out,11246.093088679838
V000138,S13,in,11246.093088679838
V000127,S16,out,11246.212157997574
V000128,S16,in,11246.212157997574
V000150,S08,in,11246.663842003307
V000121,S18,in,11246.715957840852
V000120,S18,out,11246.715957840852
V000113,S20,out,11246.941603291792
V000114,S20,in,11246.941603291792
V000143,S11,out,11249.949857930325
V000144,S11,in,11249.949857930325
V000140,S12,out,11250.226974598345
V000141,S12,in,11250.226974598345
V000117,S19,out,11251.60939972493
V000118,S19,in,11251.60939972493
V000124,S17,out,11251.862859207102
V000125,S17,in,11251.862859207102
V000149,S09,out,11281.283417927541
V000154,S05,in,11285.987751330109
V000153,S05,out,11285.987751330109
V000152,S06,out,11292.313863334219
V000153,S06,in,11293.313863334219
V000158,S04,in,11296.875207670806
V000157,S04,out,11296.875207670806
V000150,S08,out,11302.663842003307
V000150,S09,in,11306.283417927541
V000152,S07,in,11307.823369680236
V000151,S07,out,11307.823369680236
V000151,S08,in,11314.663842003307
V000155,S05,in,11341.987751330109
V000154,S05,out,11341.987751330109
V000153,S06,out,11344.313863334219
V000154,S06,in,11348.313863334219
V000139,S13,in,11352.093088679838
V000138,S13,out,11352.093088679838
V000129,S16,in,11352.212157997574
V000128,S16,out,11352.212157997574
V000122,S18,in,11352.715957840852
V000121,S18,out,11352.715957840852
V000114,S20,out,11352.941603291792
V000115,S20,in,11352.941603291792
V000145,S11,in,11355.949857930325
V000144,S11,out,11355.949857930325
V000142,S12,in,11356.226974598345
V000141,S12,out,11356.226974598345
V000150,S09,out,11357.283417927541
V000118,S19,out,11357.60939972493
V000119,S19,in,11357.60939972493
V000126,S17,in,11357.862859207102
V000125,S17,out,11357.862859207102
V000159,S04,in,11360.875207670806
V000158,S04,out,11360.875207670806
V000152,S07,out,11369.823369680236
V000153,S07,in,11369.823369680236
V000161,S03,out,11380.11313225531
V000162,S03,in,11380.11313225531
V000164,S02,out,11381.134132987176
V000165,S02,in,11381.134132987176
V000167,S01,in,11382.597017625889
V000166,S01,out,11382.597017625889
V000152,S08,in,11386.663842003307
V000151,S08,out,11386.663842003307
V000151,S09,in,11390.283417927541
V000155,S05,out,11397.987751330109
V000156,S05,in,11397.987751330109
V000154,S06,out,11399.313863334219
V000155,S06,in,11404.313863334219
V000160,S04,in,11414.875207670806
V000159,S04,out,11414.875207670806
V000153,S07,out,11418.823369680236
V000154,S07,in,11418.823369680236
V000140,S13,in,11428.093088679838
V000139,S13,out,11428.093088679838
V000129,S16,out,11428.212157997574
V000130,S16,in,11428.212157997574
V000122,S18,out,11428.715957840852
V000123,S18,in,11428.715957840852
V000116,S20,in,11428.941603291792
V000115,S20,out,11428.941603291792
V000143,S12,in,11432.226974598345
V000142,S12,out,11432.226974598345
V000151,S09,out,11433.283417927541
V000119,S19,out,11433.60939972493
V000120,S19,in,11433.60939972493
V000127,S17,in,11433.862859207102
V000126,S17,out,11433.862859207102
V000162,S03,out,11434.11313225531
V000163,S03,in,11434.11313225531
V000146,S11,in,11437.949857930325
V000145,S11,out,11437.949857930325
V000152,S08,out,11439.663842003307
V000153,S08,in,11439.663842003307
V000165,S02,out,11440.134132987176
V000166,S02,in,11440.134132987176
V000152,S09,in,11442.283417927541
V000168,S01,in,11442.597017625889
V000167,S01,out,11442.597017625889
V000156,S05,out,11450.987751330109
V000157,S05,in,11450.987751330109
V000155,S06,out,11451.313863334219
V000156,S06,in,11460.313863334219
V000161,S04,in,11466.875207670806
V000160,S04,out,11466.875207670806
V000164,S03,in,11480.11313225531
V000163,S03,out,11480.11313225531
V000155,S07,in,11481.823369680236
V000154,S07,out,11481.823369680236
V000167,S02,in,11490.134132987176
V000166,S02,out,11490.134132987176
V000154,S08,in,11496.663842003307
V000153,S08,out,11496.663842003307
V000158,S05,in,11501.987751330109
V000157,S05,out,11501.987751330109
V000169,S01,in,11503.597017625889
V000168,S01,out,11503.597017625889
V000156,S06,out,11509.313863334219
V000157,S06,in,11509.313863334219
V000141,S13,in,11511.093088679838
V000140,S13,out,11511.093088679838
V000131,S16,in,11511.212157997574
V000130,S16,out,11511.212157997574
V000124,S18,in,11511.715957840852
V000123,S18,out,11511.715957840852
V000117,S20,in,11511.941603291792
V000116,S20,out,11511.941603291792
V000146,S11,out,11514.949857930325
V000147,S11,in,11514.949857930325
V000144,S12,in,11515.226974598345
V000143,S12,out,11515.226974598345
V000120,S19,out,11516.60939972493
V000121,S19,in,11516.60939972493
V000127,S17,out,11516.862859207102
V000128,S17,in,11516.862859207102
V000161,S04,out,11530.875207670806
V000162,S04,in,11530.875207670806
V000156,S07,in,11532.823369680236
V000155,S07,out,11532.823369680236
V000164,S03,out,11538.11313225531
V000165,S03,in,11538.11313225531
V000167,S02,out,11545.134132987176
V000168,S02,in,11545.134132987176
V000154,S08,out,11545.663842003307
V000155,S08,in,11545.663842003307
V000159,S05,in,11554.987751330109
V000158,S05,out,11554.987751330109
V000170,S01,in,11556.597017625889
V000169,S01,out,11556.597017625889
V000152,S09,out,11558.283417927541
V000153,S09,in,11558.283417927541
V000157,S06,out,11558.313863334219
V000158,S06,in,11560.313863334219
V000163,S04,in,11588.875207670806
V000162,S04,out,11588.875207670806
V000165,S03,out,11591.11313225531
V000166,S03,in,11591.11313225531
V000141,S13,out,11596.093088679838
V000142,S13,in,11596.093088679838
V000132,S16,in,11596.212157997574
V000131,S16,out,11596.212157997574
V000125,S18,in,11596.715957840852
V000124,S18,out,11596.715957840852
V000118,S20,in,11596.941603291792
V000117,S20,out,11596.941603291792
V000147,S11,out,11599.949857930325
V000148,S11,in,11599.949857930325
V000144,S12,out,11600.226974598345
V000145,S12,in,11600.226974598345
V000122,S19,in,11601.60939972493
V000121,S19,out,11601.60939972493
V000129,S17,in,11601.862859207102
V000128,S17,out,11601.862859207102
V000169,S02,in,11605.134132987176
V000168,S02,out,11605.134132987176
V000158,S06,out,11606.313863334219
V000156,S07,out,11607.823369680236
V000157,S07,in,11607.823369680236
V000160,S05,in,11607.987751330109
V000159,S05,out,11607.987751330109
V000171,S01,in,11608.597017625889
V000170,S01,out,11608.597017625889
V000155,S08,out,11610.663842003307
V000156,S08,in,11613.663842003307
V000159,S06,in,11614.313863334219
V000154,S09,in,11616.283417927541
V000153,S09,out,11616.283417927541
V000166,S03,out,11646.11313225531
V000167,S03,in,11646.11313225531
V000164,S04,in,11651.875207670806
V000163,S04,out,11651.875207670806
V000169,S02,out,11656.134132987176
V000170,S02,in,11656.134132987176
V000159,S06,out,11661.313863334219
V000154,S09,out,11664.283417927541
V000155,S09,in,11664.283417927541
V000161,S05,in,11664.987751330109
V000160,S05,out,11664.987751330109
V000158,S07,in,11665.823369680236
V000157,S07,out,11665.823369680236
V000156,S08,out,11667.663842003307
V000160,S06,in,11671.313863334219
V000157,S08,in,11671.663842003307
V000171,S01,out,11672.597017625889
V000172,S01,in,11672.597017625889
V000168,S03,in,11702.11313225531
V000167,S03,out,11702.11313225531
V000164,S04,out,11712.875207670806
V000165,S04,in,11712.875207670806
V000158,S07,out,11717.823369680236
V000159,S07,in,11717.823369680236
V000171,S02,in,11718.134132987176
V000170,S02,out,11718.134132987176
V000160,S06,out,11724.313863334219
V000173,S01,in,11733.597017625889
V000172,S01,out,11733.597017625889
V000158,S08,in,11737.663842003307
V000157,S08,out,11737.663842003307
V000169,S03,in,11758.11313225531
V000168,S03,out,11758.11313225531
V000160,S07,in,11771.823369680236
V000159,S07,out,11771.823369680236
V000172,S02,in,11773.134132987176
V000171,S02,out,11773.134132987176
V000132,S16,out,11786.212157997574
V000133,S16,in,11786.212157997574
V000126,S18,in,11786.715957840852
V000125,S18,out,11786.715957840852
V000119,S20,in,11786.941603291792
V000118,S20,out,11786.941603291792
V000122,S19,out,11791.60939972493
V000123,S19,in,11791.60939972493
V000130,S17,in,11791.862859207102
V000129,S17,out,11791.862859207102
V000174,S01,in,11798.597017625889
V000173,S01,out,11798.597017625889
V000143,S13,in,11844.093088679838
V000142,S13,out,11844.093088679838
V000160,S07,out,11845.823369680236
V000158,S08,out,11846.663842003307
V000159,S08,in,11846.663842003307
V000155,S09,out,11847.283417927541
V000156,S09,in,11847.283417927541
V000149,S11,in,11847.949857930325
V000148,S11,out,11847.949857930325
V000146,S12,in,11848.226974598345
V000145,S12,out,11848.226974598345
V000134,S16,in,11880.212157997574
V000133,S16,out,11880.212157997574
V000126,S18,out,11880.715957840852
V000127,S18,in,11880.715957840852
V000120,S20,in,11880.941603291792
V000119,S20,out,11880.941603291792
V000124,S19,in,11885.60939972493
V000123,S19,out,11885.60939972493
V000130,S17,out,11885.862859207102
V000131,S17,in,11885.862859207102
V000162,S05,in,11917.987751330109
V000161,S05,out,11917.987751330109
V000169,S03,out,11918.11313225531
V000170,S03,in,11918.11313225531
V000172,S02,out,11919.134132987176
V000173,S02,in,11919.134132987176
V000166,S04,in,11919.875207670806
V000165,S04,out,11919.875207670806
V000175,S01,in,11920.597017625889
V000174,S01,out,11920.597017625889
V000161,S06,in,11925.313863334219
V000143,S13,out,11941.093088679838
V000144,S13,in,11941.093088679838
V000159,S08,out,11943.663842003307
V000160,S08,in,11943.663842003307
V000156,S09,out,11944.283417927541
V000157,S09,in,11944.283417927541
V000149,S11,out,11944.949857930325
V000150,S11,in,11944.949857930325
V000146,S12,out,11945.226974598345
V000147,S12,in,11945.226974598345
V000135,S16,in,11962.212157997574
V000134,S16,out,11962.212157997574
V000128,S18,in,11962.715957840852
V000127,S18,out,11962.715957840852
V000121,S20,in,11962.941603291792
V000120,S20,out,11962.941603291792
V000125,S19,in,11967.60939972493
V000124,S19,out,11967.60939972493
V000131,S17,out,11967.862859207102
V000132,S17,in,11967.862859207102
V000163,S05,in,11977.987751330109
V000162,S05,out,11977.987751330109
V000161,S06,out,11979.313863334219
V000171,S03,in,11980.11313225531
V000170,S03,out,11980.11313225531
V000173,S02,out,11981.134132987176
V000174,S02,in,11981.134132987176
V000167,S04,in,11981.875207670806
V000166,S04,out,11981.875207670806
V000175,S01,out,11982.597017625889
V000176,S01,in,11982.597017625889
V000162,S06,in,11983.313863334219
V000161,S07,in,11986.823369680236
V000144,S13,out,12011.093088679838
V000145,S13,in,12011.093088679838
V000157,S09,out,12014.283417927541
V000158,S09,in,12014.283417927541
V000151,S11,in,12014.949857930325
V000150,S11,out,12014.949857930325
V000148,S12,in,12015.226974598345
V000147,S12,out,12015.226974598345
V000160,S08,out,12017.663842003307
V000163,S05,out,12026.987751330109
V000164,S05,in,12026.987751330109
V000172,S03,in,12033.11313225531
V000171,S03,out,12033.11313225531
V000174,S02,out,12034.134132987176
V000175,S02,in,12034.134132987176
V000162,S06,out,12034.313863334219
V000163,S06,in,12034.313863334219
V000167,S04,out,12034.875207670806
V000168,S04,in,12034.875207670806
V000177,S01,in,12035.597017625889
V000176,S01,out,12035.597017625889
V000161,S07,out,12039.823369680236
V000162,S07,in,12040.823369680236
V000135,S16,out,12042.212157997574
V000136,S16,in,12042.212157997574
V000128,S18,out,12042.715957840852
V000129,S18,in,12042.715957840852
V000121,S20,out,12042.941603291792
V000122,S20,in,12042.941603291792
V000161,S08,in,12045.663842003307
V000126,S19,in,12047.60939972493
V000125,S19,out,12047.60939972493
V000133,S17,in,12047.862859207102
V000132,S17,out,12047.862859207102
V000145,S13,out,12065.093088679838
V000146,S13,in,12065.093088679838
V000159,S09,in,12076.283417927541
V000158,S09,out,12076.283417927541
V000152,S11,in,12076.949857930325
V000151,S11,out,12076.949857930325
V000148,S12,out,12077.226974598345
V000149,S12,in,12077.226974598345
V000164,S05,out,12077.987751330109
V000165,S05,in,12077.987751330109
V000163,S06,out,12090.313863334219
V000164,S06,in,12090.313863334219
V000172,S03,out,12096.11313225531
V000173,S03,in,12096.11313225531
V000176,S02,in,12097.134132987176
V000175,S02,out,12097.134132987176
V000169,S04,in,12097.875207670806
V000168,S04,out,12097.875207670806
V000178,S01,in,12098.597017625889
V000177,S01,out,12098.597017625889
V000163,S07,in,12100.823369680236
V000162,S07,out,12100.823369680236
V000161,S08,out,12117.663842003307
V000162,S08,in,12117.663842003307
V000146,S13,out,12129.093088679838
V000147,S13,in,12129.093088679838
V000137,S16,in,12129.212157997574
V000136,S16,out,12129.212157997574
V000129,S18,out,12129.715957840852
V000130,S18,in,12129.715957840852
V000122,S20,out,12129.941603291792
V000123,S20,in,12129.941603291792
V000165,S05,out,12132.987751330109
V000166,S05,in,12132.987751330109
V000126,S19,out,12134.60939972493
V000127,S19,in,12134.60939972493
V000133,S17,out,12134.862859207102
V000134,S17,in,12134.862859207102
V000159,S09,out,12136.283417927541
V000160,S09,in,12136.283417927541
V000153,S11,in,12136.949857930325
V000152,S11,out,12136.949857930325
V000150,S12,in,12137.226974598345
V000149,S12,out,12137.226974598345
V000165,S06,in,12142.313863334219
V000164,S06,out,12142.313863334219
V000173,S03,out,12155.11313225531
V000174,S03,in,12155.11313225531
V000164,S07,in,12155.823369680236
V000163,S07,out,12155.823369680236
V000177,S02,in,12156.134132987176
V000176,S02,out,12156.134132987176
V000170,S04,in,12156.875207670806
V000169,S04,out,12156.875207670806
V000178,S01,out,12157.597017625889
V000179,S01,in,12157.597017625889
V000162,S08,out,12180.663842003307
V000163,S08,in,12180.663842003307
V000166,S05,out,12189.987751330109
V000167,S05,in,12189.987751330109
V000165,S06,out,12194.313863334219
V000166,S06,in,12196.313863334219
V000164,S07,out,12208.823369680236
V000165,S07,in,12208.823369680236
V000175,S03,in,12210.11313225531
V000174,S03,out,12210.11313225531
V000171,S04,in,12211.875207670806
V000170,S04,out,12211.875207670806
V000148,S13,in,12212.093088679838
V000147,S13,out,12212.093088679838
V000138,S16,in,12212.212157997574
V000137,S16,out,12212.212157997574
V000131,S18,in,12212.715957840852
V000130,S18,out,12212.715957840852
V000124,S20,in,12212.941603291792
V000123,S20,out,12212.941603291792
V000160,S09,out,12215.283417927541
V000161,S09,in,12215.283417927541
V000154,S11,in,12215.949857930325
V000153,S11,out,12215.949857930325
V000150,S12,out,12216.226974598345
V000151,S12,in,12216.226974598345
V000128,S19,in,12217.60939972493
V000127,S19,out,12217.60939972493
V000134,S17,out,12217.862859207102
V000135,S17,in,12217.862859207102
V000177,S02,out,12218.134132987176
V000178,S02,in,12218.134132987176
V000179,S01,out,12219.597017625889
V000180,S01,in,12219.597017625889
V000163,S08,out,12232.663842003307
V000164,S08,in,12232.663842003307
V000166,S06,out,12238.313863334219
V000167,S05,out,12245.987751330109
V000168,S05,in,12245.987751330109
V000167,S06,in,12251.313863334219
V000176,S03,in,12265.11313225531
V000175,S03,out,12265.11313225531
V000172,S04,in,12266.875207670806
V000171,S04,out,12266.875207670806
V000165,S07,out,12270.823369680236
V000166,S07,in,12270.823369680236
V000178,S02,out,12281.134132987176
V000179,S02,in,12281.134132987176
V000180,S01,out,12282.597017625889
V000181,S01,in,12282.597017625889
V000148,S13,out,12300.093088679838
V000149,S13,in,12300.093088679838
V000138,S16,out,12300.212157997574
V000139,S16,in,12300.212157997574
V000131,S18,out,12300.715957840852
V000132,S18,in,12300.715957840852
V000124,S20,out,12300.941603291792
V000125,S20,in,12300.941603291792
V000164,S08,out,12302.663842003307
V000165,S08,in,12302.663842003307
V000162,S09,in,12303.283417927541
V000161,S09,out,12303.283417927541
V000155,S11,in,12303.949857930325
V000154,S11,out,12303.949857930325
V000152,S12,in,12304.226974598345
V000151,S12,out,12304.226974598345
V000167,S06,out,12304.313863334219
V000128,S19,out,12305.60939972493
V000129,S19,in,12305.60939972493
V000135,S17,out,12305.862859207102
V000136,S17,in,12305.862859207102
V000168,S05,out,12311.987751330109
V000169,S05,in,12311.987751330109
V000168,S06,in,12318.313863334219
V000177,S03,in,12322.11313225531
V000176,S03,out,12322.11313225531
V000173,S04,in,12322.875207670806
V000172,S04,out,12322.875207670806
V000166,S07,out,12331.823369680236
V000167,S07,in,12331.823369680236
V000180,S02,in,12347.134132987176
V000179,S02,out,12347.134132987176
V000182,S01,in,12348.597017625889
V000181,S01,out,12348.597017625889
V000170,S05,in,12373.987751330109
V000169,S05,out,12373.987751330109
V000178,S03,in,12374.11313225531
V000177,S03,out,12374.11313225531
V000174,S04,in,12375.875207670806
V000173,S04,out,12375.875207670806
V000168,S06,out,12378.313863334219
V000169,S06,in,12380.313863334219
V000149,S13,out,12400.093088679838
V000150,S13,in,12400.093088679838
V000181,S02,in,12400.134132987176
V000180,S02,out,12400.134132987176
V000139,S16,out,12400.212157997574
V000140,S16,in,12400.212157997574
V000133,S18,in,12400.715957840852
V000132,S18,out,12400.715957840852
V000125,S20,out,12400.941603291792
V000126,S20,in,12400.941603291792
V000167,S07,out,12401.823369680236
V000168,S07,in,12401.823369680236
V000165,S08,out,12402.663842003307
V000166,S08,in,12402.663842003307
V000163,S09,in,12403.283417927541
V000162,S09,out,12403.283417927541
V000182,S01,out,12403.597017625889
V000183,S01,in,12403.597017625889
V000155,S11,out,12403.949857930325
V000156,S11,in,12403.949857930325
V000153,S12,in,12404.226974598345
V000152,S12,out,12404.226974598345
V000130,S19,in,12405.60939972493
V000129,S19,out,12405.60939972493
V000137,S17,in,12405.862859207102
V000136,S17,out,12405.862859207102
V000170,S05,out,12424.987751330109
V000171,S05,in,12424.987751330109
V000178,S03,out,12435.11313225531
V000179,S03,in,12435.11313225531
V000175,S04,in,12436.875207670806
V000174,S04,out,12436.875207670806
V000169,S06,out,12437.313863334219
V000170,S06,in,12437.313863334219
V000182,S02,in,12464.134132987176
V000181,S02,out,12464.134132987176
V000184,S01,in,12465.597017625889
V000183,S01,out,12465.597017625889
V000150,S13,out,12482.093088679838
V000151,S13,in,12482.093088679838
V000141,S16,in,12482.212157997574
V000140,S16,out,12482.212157997574
V000133,S18,out,12482.715957840852
V000134,S18,in,12482.715957840852
V000126,S20,out,12482.941603291792
V000127,S20,in,12482.941603291792
V000169,S07,in,12483.823369680236
V000168,S07,out,12483.823369680236
V000167,S08,in,12484.663842003307
V000166,S08,out,12484.663842003307
V000164,S09,in,12485.283417927541
V000163,S09,out,12485.283417927541
V000170,S06,out,12485.313863334219
V000156,S11,out,12485.949857930325
V000157,S11,in,12485.949857930325
V000154,S12,in,12486.226974598345
V000153,S12,out,12486.226974598345
V000130,S19,out,12487.60939972493
V000131,S19,in,12487.60939972493
V000138,S17,in,12487.862859207102
V000137,S17,out,12487.862859207102
V000171,S05,out,12492.987751330109
V000172,S05,in,12492.987751330109
V000180,S03,in,12498.11313225531
V000179,S03,out,12498.11313225531
V000171,S06,in,12499.313863334219
V000175,S04,out,12499.875207670806
V000176,S04,in,12499.875207670806
V000183,S02,in,12521.134132987176
V000185,S01,in,12522.597017625889
V000184,S01,out,12522.597017625889
V000171,S06,out,12546.313863334219
V000172,S05,out,12550.987751330109
V000173,S05,in,12550.987751330109
V000180,S03,out,12552.11313225531
V000181,S03,in,12552.11313225531
V000176,S04,out,12553.875207670806
V000177,S04,in,12553.875207670806
V000172,S06,in,12557.313863334219
V000152,S13,in,12575.093088679838
V000151,S13,out,12575.093088679838
V000183,S02,out,12575.134132987176
V000184,S02,in,12575.134132987176
V000142,S16,in,12575.212157997574
V000141,S16,out,12575.212157997574
V000135,S18,in,12575.715957840852
V000134,S18,out,12575.715957840852
V000127,S20,out,12575.941603291792
V000128,S20,in,12575.941603291792
V000185,S01,out,12576.597017625889
V000186,S01,in,12576.597017625889
V000169,S07,out,12576.823369680236
V000170,S07,in,12576.823369680236
V000167,S08,out,12577.663842003307
V000168,S08,in,12577.663842003307
V000165,S09,in,12578.283417927541
V000164,S09,out,12578.283417927541
V000157,S11,out,12578.949857930325
V000158,S11,in,12578.949857930325
V000154,S12,out,12579.226974598345
V000155,S12,in,12579.226974598345
V000131,S19,out,12580.60939972493
V000132,S19,in,12580.60939972493
V000138,S17,out,12580.862859207102
V000139,S17,in,12580.862859207102
V000173,S05,out,12602.987751330109
V000174,S05,in,12602.987751330109
V000172,S06,out,12605.313863334219
V000181,S03,out,12608.11313225531
V000182,S03,in,12608.11313225531
V000173,S06,in,12609.313863334219
V000178,S04,in,12609.875207670806
V000177,S04,out,12609.875207670806
V000182,S02,out,12624.114982967094
V000152,S13,out,12660.093088679838
V000153,S13,in,12660.093088679838
V000142,S16,out,12660.212157997574
V000143,S16,in,12660.212157997574
V000136,S18,in,12660.715957840852
V000135,S18,out,12660.715957840852
V000128,S20,out,12660.941603291792
V000129,S20,in,12660.941603291792
V000171,S07,in,12661.823369680236
V000170,S07,out,12661.823369680236
V000169,S08,in,12662.663842003307
V000168,S08,out,12662.663842003307
V000165,S09,out,12663.283417927541
V000166,S09,in,12663.283417927541
V000158,S11,out,12663.949857930325
V000159,S11,in,12663.949857930325
V000156,S12,in,12664.226974598345
V000155,S12,out,12664.226974598345
V000174,S05,out,12664.987751330109
V000175,S05,in,12664.987751330109
V000132,S19,out,12665.60939972493
V000133,S19,in,12665.60939972493
V000140,S17,in,12665.862859207102
V000139,S17,out,12665.862859207102
V000182,S03,out,12666.11313225531
V000183,S03,in,12666.11313225531
V000173,S06,out,12666.313863334219
V000179,S04,in,12667.875207670806
V000178,S04,out,12667.875207670806
V000174,S06,in,12671.313863334219
V000175,S05,out,12711.987751330109
V000176,S05,in,12711.987751330109
V000183,S03,out,12732.11313225531
V000180,S04,in,12733.875207670806
V000179,S04,out,12733.875207670806
V000154,S13,in,12747.093088679838
V000153,S13,out,12747.093088679838
V000144,S16,in,12747.212157997574
V000143,S16,out,12747.212157997574
V000137,S18,in,12747.715957840852
V000136,S18,out,12747.715957840852
V000130,S20,in,12747.941603291792
V000129,S20,out,12747.941603291792
V000172,S07,in,12748.823369680236
V000171,S07,out,12748.823369680236
V000175,S06,in,12749.313863334219
V000174,S06,out,12749.313863334219
V000169,S08,out,12749.663842003307
V000170,S08,in,12749.663842003307
V000167,S09,in,12750.283417927541
V000166,S09,out,12750.283417927541
V000160,S11,in,12750.949857930325
V000159,S11,out,12750.949857930325
V000157,S12,in,12751.226974598345
V000156,S12,out,12751.226974598345
V000133,S19,out,12752.60939972493
V000134,S19,in,12752.60939972493
V000140,S17,out,12752.862859207102
V000141,S17,in,12752.862859207102
V000176,S05,out,12803.987751330109
V000177,S05,in,12803.987751330109
V000180,S04,out,12805.875207670806
V000181,S04,in,12805.875207670806
V000155,S13,in,12843.093088679838
V000154,S13,out,12843.093088679838
V000145,S16,in,12843.212157997574
V000144,S16,out,12843.212157997574
V000137,S18,out,12843.715957840852
V000138,S18,in,12843.715957840852
V000130,S20,out,12843.941603291792
V000131,S20,in,12843.941603291792
V000173,S07,in,12844.823369680236
V000176,S06,in,12845.313863334219
V000175,S06,out,12845.313863334219
V000170,S08,out,12845.663842003307
V000171,S08,in,12845.663842003307
V000168,S09,in,12846.283417927541
V000167,S09,out,12846.283417927541
V000161,S11,in,12846.949857930325
V000160,S11,out,12846.949857930325
V000158,S12,in,12847.226974598345
V000157,S12,out,12847.226974598345
V000135,S19,in,12848.60939972493
V000134,S19,out,12848.60939972493
V000141,S17,out,12848.862859207102
V000142,S17,in,12848.862859207102
V000177,S05,out,12858.987751330109
V000178,S05,in,12858.987751330109
V000181,S04,out,12860.875207670806
V000182,S04,in,12860.875207670806
V000178,S05,out,12925.987751330109
V000179,S05,in,12925.987751330109
V000156,S13,in,12927.093088679838
V000155,S13,out,12927.093088679838
V000146,S16,in,12927.212157997574
V000145,S16,out,12927.212157997574
V000138,S18,out,12927.715957840852
V000139,S18,in,12927.715957840852
V000183,S04,in,12927.875207670806
V000182,S04,out,12927.875207670806
V000132,S20,in,12927.941603291792
V000131,S20,out,12927.941603291792
V000173,S07,out,12928.823369680236
V000174,S07,in,12928.823369680236
V000176,S06,out,12929.313863334219
V000177,S06,in,12929.313863334219
V000172,S08,in,12929.663842003307
V000171,S08,out,12929.663842003307
V000169,S09,in,12930.283417927541
V000168,S09,out,12930.283417927541
V000162,S11,in,12930.949857930325
V000161,S11,out,12930.949857930325
V000159,S12,in,12931.226974598345
V000158,S12,out,12931.226974598345
V000136,S19,in,12932.60939972493
V000135,S19,out,12932.60939972493
V000143,S17,in,12932.862859207102
V000142,S17,out,12932.862859207102
V000180,S05,in,12984.987751330109
V000179,S05,out,12984.987751330109
V000183,S04,out,12988.875207670806
V000181,S05,in,13049.987751330109
V000180,S05,out,13049.987751330109
V000156,S13,out,13094.093088679838
V000157,S13,in,13094.093088679838
V000146,S16,out,13094.212157997574
V000147,S16,in,13094.212157997574
V000139,S18,out,13094.715957840852
V000140,S18,in,13094.715957840852
V000132,S20,out,13094.941603291792
V000175,S07,in,13095.823369680236
V000174,S07,out,13095.823369680236
V000178,S06,in,13096.313863334219
V000177,S06,out,13096.313863334219
V000172,S08,out,13096.663842003307
V000173,S08,in,13096.663842003307
V000169,S09,out,13097.283417927541
V000170,S09,in,13097.283417927541
V000163,S11,in,13097.949857930325
V000162,S11,out,13097.949857930325
V000160,S12,in,13098.226974598345
V000159,S12,out,13098.226974598345
V000137,S19,in,13099.60939972493
V000136,S19,out,13099.60939972493
V000144,S17,in,13099.862859207102
V000143,S17,out,13099.862859207102
V000181,S05,out,13107.987751330109
V000182,S05,in,13107.987751330109
V000184,S02,out,13120.134132987176
V000185,S02,in,13120.134132987176
V000184,S03,in,13121.11313225531
V000187,S01,in,13121.597017625889
V000186,S01,out,13121.597017625889
V000157,S13,out,13162.093088679838
V000158,S13,in,13162.093088679838
V000147,S16,out,13162.212157997574
V000148,S16,in,13162.212157997574
V000140,S18,out,13162.715957840852
V000141,S18,in,13162.715957840852
V000134,S20,in,13162.941603291792
V000133,S20,out,13162.941603291792
V000175,S07,out,13163.823369680236
V000176,S07,in,13163.823369680236
V000183,S05,in,13163.987751330109
V000182,S05,out,13163.987751330109
V000179,S06,in,13164.313863334219
V000178,S06,out,13164.313863334219
V000174,S08,in,13164.663842003307
V000173,S08,out,13164.663842003307
V000170,S09,out,13165.283417927541
V000171,S09,in,13165.283417927541
V000163,S11,out,13165.949857930325
V000164,S11,in,13165.949857930325
V000161,S12,in,13166.226974598345
V000160,S12,out,13166.226974598345
V000137,S19,out,13167.60939972493
V000138,S19,in,13167.60939972493
V000145,S17,in,13167.862859207102
V000144,S17,out,13167.862859207102
V000184,S03,out,13174.11313225531
V000186,S02,in,13176.134132987176
V000185,S02,out,13176.134132987176
V000188,S01,in,13177.597017625889
V000187,S01,out,13177.597017625889
V000185,S03,in,13178.11313225531
V000184,S04,in,13178.875207670806
V000185,S03,out,13226.11313225531
V000184,S04,out,13228.875207670806
V000185,S04,in,13230.875207670806
V000186,S02,out,13231.134132987176
V000187,S02,in,13231.134132987176
V000188,S01,out,13232.597017625889
V000189,S01,in,13232.597017625889
V000186,S03,in,13233.11313225531
V000158,S13,out,13262.093088679838
V000159,S13,in,13262.093088679838
V000148,S16,out,13262.212157997574
V000149,S16,in,13262.212157997574
V000141,S18,out,13262.715957840852
V000142,S18,in,13262.715957840852
V000134,S20,out,13262.941603291792
V000135,S20,in,13262.941603291792
V000183,S05,out,13262.987751330109
V000184,S05,in,13262.987751330109
V000176,S07,out,13263.823369680236
V000177,S07,in,13263.823369680236
V000179,S06,out,13264.313863334219
V000180,S06,in,13264.313863334219
V000174,S08,out,13264.663842003307
V000175,S08,in,13264.663842003307
V000171,S09,out,13265.283417927541
V000172,S09,in,13265.283417927541
V000164,S11,out,13265.949857930325
V000165,S11,in,13265.949857930325
V000161,S12,out,13266.226974598345
V000162,S12,in,13266.226974598345
V000139,S19,in,13267.60939972493
V000138,S19,out,13267.60939972493
V000146,S17,in,13267.862859207102
V000145,S17,out,13267.862859207102
V000188,S02,in,13273.134132987176
V000187,S02,out,13273.134132987176
V000186,S03,out,13287.11313225531
V000187,S03,in,13287.11313225531
V000185,S04,out,13287.875207670806
V000186,S04,in,13291.875207670806
V000190,S01,in,13298.597017625889
V000189,S01,out,13298.597017625889
V000189,S02,in,13332.134132987176
V000188,S02,out,13332.134132987176
V000159,S13,out,13338.093088679838
V000160,S13,in,13338.093088679838
V000150,S16,in,13338.212157997574
V000149,S16,out,13338.212157997574
V000143,S18,in,13338.715957840852
V000142,S18,out,13338.715957840852
V000136,S20,in,13338.941603291792
V000135,S20,out,13338.941603291792
V000184,S05,out,13338.987751330109
V000185,S05,in,13338.987751330109
V000177,S07,out,13339.823369680236
V000178,S07,in,13339.823369680236
V000180,S06,out,13340.313863334219
V000181,S06,in,13340.313863334219
V000176,S08,in,13340.663842003307
V000175,S08,out,13340.663842003307
V000187,S03,out,13341.11313225531
V000188,S03,in,13341.11313225531
V000173,S09,in,13341.283417927541
V000172,S09,out,13341.283417927541
V000186,S04,out,13341.875207670806
V000165,S11,out,13341.949857930325
V000166,S11,in,13341.949857930325
V000162,S12,out,13342.226974598345
V000163,S12,in,13342.226974598345
V000139,S19,out,13343.60939972493
V000140,S19,in,13343.60939972493
V000147,S17,in,13343.862859207102
V000146,S17,out,13343.862859207102
V000187,S04,in,13345.875207670806
V000190,S01,out,13352.597017625889
V000191,S01,in,13352.597017625889
V000189,S02,out,13380.134132987176
V000190,S02,in,13380.134132987176
V000188,S03,out,13393.11313225531
V000189,S03,in,13393.11313225531
V000187,S04,out,13394.875207670806
V000188,S04,in,13397.875207670806
V000191,S01,out,13401.597017625889
V000192,S01,in,13401.597017625889
V000160,S13,out,13418.093088679838
V000161,S13,in,13418.093088679838
V000150,S16,out,13418.212157997574
V000151,S16,in,13418.212157997574
V000143,S18,out,13418.715957840852
V000144,S18,in,13418.715957840852
V000137,S20,in,13418.941603291792
V000136,S20,out,13418.941603291792
V000185,S05,out,13418.987751330109
V000186,S05,in,13418.987751330109
V000178,S07,out,13419.823369680236
V000179,S07,in,13419.823369680236
V000182,S06,in,13420.313863334219
V000181,S06,out,13420.313863334219
V000176,S08,out,13420.663842003307
V000177,S08,in,13420.663842003307
V000174,S09,in,13421.283417927541
V000173,S09,out,13421.283417927541
V000167,S11,in,13421.949857930325
V000166,S11,out,13421.949857930325
V000164,S12,in,13422.226974598345
V000163,S12,out,13422.226974598345
V000141,S19,in,13423.60939972493
V000140,S19,out,13423.60939972493
V000148,S17,in,13423.862859207102
V000147,S17,out,13423.862859207102
V000191,S02,in,13440.134132987176
V000190,S02,out,13440.134132987176
V000189,S03,out,13444.11313225531
V000190,S03,in,13444.11313225531
V000188,S04,out,13462.875207670806
V000189,S04,in,13462.875207670806
V000190,S03,out,13492.11313225531
V000191,S02,out,13494.134132987176
V000191,S03,in,13496.11313225531
V000192,S01,out,13517.597017625889
V000193,S01,in,13517.597017625889
V000192,S02,in,13519.134132987176
V000190,S04,in,13524.875207670806
V000189,S04,out,13524.875207670806
V000161,S13,out,13536.093088679838
V000162,S13,in,13536.093088679838
V000152,S16,in,13536.212157997574
V000151,S16,out,13536.212157997574
V000144,S18,out,13536.715957840852
V000145,S18,in,13536.715957840852
V000137,S20,out,13536.941603291792
V000138,S20,in,13536.941603291792
V000186,S05,out,13536.987751330109
V000187,S05,in,13536.987751330109
V000179,S07,out,13537.823369680236
V000180,S07,in,13537.823369680236
V000182,S06,out,13538.313863334219
V000183,S06,in,13538.313863334219
V000177,S08,out,13538.663842003307
V000178,S08,in,13538.663842003307
V000174,S09,out,13539.283417927541
V000175,S09,in,13539.283417927541
V000168,S11,in,13539.949857930325
V000167,S11,out,13539.949857930325
V000164,S12,out,13540.226974598345
V000165,S12,in,13540.226974598345
V000141,S19,out,13541.60939972493
V000142,S19,in,13541.60939972493
V000149,S17,in,13541.862859207102
V000148,S17,out,13541.862859207102
V000191,S03,out,13547.11313225531
V000192,S02,out,13573.134132987176
V000192,S03,in,13575.11313225531
V000194,S01,in,13577.597017625889
V000193,S01,out,13577.597017625889
V000193,S02,in,13579.134132987176
V000190,S04,out,13585.875207670806
V000191,S04,in,13585.875207670806
V000195,S01,in,13625.597017625889
V000194,S01,out,13625.597017625889
V000194,S02,in,13628.134132987176
V000193,S02,out,13628.134132987176
V000193,S03,in,13632.11313225531
V000192,S03,out,13632.11313225531
V000162,S13,out,13645.093088679838
V000163,S13,in,13645.093088679838
V000153,S16,in,13645.212157997574
V000152,S16,out,13645.212157997574
V000146,S18,in,13645.715957840852
V000145,S18,out,13645.715957840852
V000139,S20,in,13645.941603291792
V000138,S20,out,13645.941603291792
V000187,S05,out,13645.987751330109
V000188,S05,in,13645.987751330109
V000180,S07,out,13646.823369680236
V000181,S07,in,13646.823369680236
V000183,S06,out,13647.313863334219
V000184,S06,in,13647.313863334219
V000178,S08,out,13647.663842003307
V000179,S08,in,13647.663842003307
V000175,S09,out,13648.283417927541
V000176,S09,in,13648.283417927541
V000169,S11,in,13648.949857930325
V000168,S11,out,13648.949857930325
V000166,S12,in,13649.226974598345
V000165,S12,out,13649.226974598345
V000143,S19,in,13650.60939972493
V000142,S19,out,13650.60939972493
V000150,S17,in,13650.862859207102
V000149,S17,out,13650.862859207102
V000192,S04,in,13652.875207670806
V000191,S04,out,13652.875207670806
V000195,S01,out,13680.597017625889
V000196,S01,in,13680.597017625889
V000195,S02,in,13686.134132987176
V000194,S02,out,13686.134132987176
V000193,S03,out,13687.11313225531
V000194,S03,in,13688.11313225531
V000197,S01,in,14219.597017625889
V000196,S01,out,14219.597017625889
V000196,S02,in,14266.134132987176
V000195,S02,out,14266.134132987176
V000198,S01,in,14283.597017625889
V000197,S01,out,14283.597017625889
V000195,S03,in,14318.11313225531
V000194,S03,out,14318.11313225531
V000197,S02,in,14320.134132987176
V000196,S02,out,14320.134132987176
V000199,S01,in,14340.597017625889
V000198,S01,out,14340.597017625889
V000195,S03,out,14367.11313225531
V000196,S03,in,14367.11313225531
V000197,S02,out,14381.134132987176
V000198,S02,in,14381.134132987176
V000199,S01,out,14394.597017625889
V000200,S01,in,14394.597017625889
V000147,S18,in,16221.715957840852
V000139,S20,out,16221.941603291792
V000140,S20,in,16221.941603291792
V000143,S19,out,16226.60939972493
V000144,S19,in,16226.60939972493
V000151,S17,in,16226.862859207102
V000150,S17,out,16226.862859207102
V000199,S02,in,16236.134132987176
V000198,S02,out,16236.134132987176
V000200,S01,out,16251.597017625889
V000201,S01,in,16251.597017625889
V000154,S16,in,16275.212157997574
V000153,S16,out,16275.212157997574
V000164,S13,in,16316.093088679838
V000163,S13,out,16316.093088679838
V000188,S05,out,16316.987751330109
V000189,S05,in,16316.987751330109
V000182,S07,in,16317.823369680236
V000181,S07,out,16317.823369680236
V000184,S06,out,16318.313863334219
V000185,S06,in,16318.313863334219
V000180,S08,in,16318.663842003307
V000179,S08,out,16318.663842003307
V000148,S18,in,16318.715957840852
V000147,S18,out,16318.715957840852
V000193,S04,in,16318.875207670806
V000192,S04,out,16318.875207670806
V000141,S20,in,16318.941603291792
V000140,S20,out,16318.941603291792
V000176,S09,out,16319.283417927541
V000177,S09,in,16319.283417927541
V000169,S11,out,16319.949857930325
V000170,S11,in,16319.949857930325
V000166,S12,out,16320.226974598345
V000167,S12,in,16320.226974598345
V000144,S19,out,16323.60939972493
V000145,S19,in,16323.60939972493
V000152,S17,in,16323.862859207102
V000151,S17,out,16323.862859207102
V000155,S16,in,16328.212157997574
V000154,S16,out,16328.212157997574
V000164,S13,out,16367.093088679838
V000165,S13,in,16367.093088679838
V000168,S12,in,16379.226974598345
V000167,S12,out,16379.226974598345
V000190,S05,in,16383.987751330109
V000189,S05,out,16383.987751330109
V000182,S07,out,16384.823369680234
V000183,S07,in,16384.823369680234
V000185,S06,out,16385.31386333422
V000186,S06,in,16385.31386333422
V000181,S08,in,16385.663842003305
V000180,S08,out,16385.663842003305
V000178,S09,in,16386.28341792754
V000177,S09,out,16386.28341792754
V000171,S11,in,16386.949857930325
V000170,S11,out,16386.949857930325
V000194,S04,in,16389.875207670804
V000193,S04,out,16389.875207670804
V000166,S13,in,16615.093088679838
V000165,S13,out,16615.093088679838
V000155,S16,out,16615.212157997576
V000156,S16,in,16615.212157997576
V000149,S18,in,16615.715957840854
V000148,S18,out,16615.715957840854
V000141,S20,out,16615.941603291794
V000142,S20,in,16615.941603291794
V000191,S05,in,16615.987751330107
V000190,S05,out,16615.987751330107
V000183,S07,out,16616.823369680234
V000184,S07,in,16616.823369680234
V000187,S06,in,16617.31386333422
V000186,S06,out,16617.31386333422
V000181,S08,out,16617.663842003305
V000182,S08,in,16617.663842003305
V000195,S04,in,16617.875207670804
V000194,S04,out,16617.875207670804
V000179,S09,in,16618.28341792754
V000178,S09,out,16618.28341792754
V000172,S11,in,16618.949857930325
V000171,S11,out,16618.949857930325
V000168,S12,out,16619.226974598347
V000169,S12,in,16619.226974598347
V000146,S19,in,16620.60939972493
V000145,S19,out,16620.60939972493
V000152,S17,out,16620.8628592071
V000153,S17,in,16620.8628592071
V000166,S13,out,16710.093088679838
V000167,S13,in,16710.093088679838
V000157,S16,in,16710.212157997576
V000156,S16,out,16710.212157997576
V000149,S18,out,16710.715957840854
V000150,S18,in,16710.715957840854
V000142,S20,out,16710.941603291794
V000143,S20,in,16710.941603291794
V000191,S05,out,16710.987751330107
V000192,S05,in,16710.987751330107
V000185,S07,in,16711.823369680234
V000184,S07,out,16711.823369680234
V000188,S06,in,16712.31386333422
V000187,S06,out,16712.31386333422
V000183,S08,in,16712.663842003305
V000182,S08,out,16712.663842003305
V000195,S04,out,16712.875207670804
V000180,S09,in,16713.28341792754
V000179,S09,out,16713.28341792754
V000173,S11,in,16713.949857930325
V000172,S11,out,16713.949857930325
V000169,S12,out,16714.226974598347
V000146,S19,out,16715.60939972493
V000147,S19,in,16715.60939972493
V000153,S17,out,16715.8628592071
V000154,S17,in,16715.8628592071
V000168,S13,in,16813.093088679838
V000167,S13,out,16813.093088679838
V000157,S16,out,16813.212157997576
V000158,S16,in,16813.212157997576
V000150,S18,out,16813.715957840854
V000151,S18,in,16813.715957840854
V000144,S20,in,16813.941603291794
V000143,S20,out,16813.941603291794
V000192,S05,out,16813.987751330107
V000193,S05,in,16813.987751330107
V000186,S07,in,16814.823369680234
V000185,S07,out,16814.823369680234
V000189,S06,in,16815.31386333422
V000188,S06,out,16815.31386333422
V000184,S08,in,16815.663842003305
V000183,S08,out,16815.663842003305
V000180,S09,out,16816.28341792754
V000181,S09,in,16816.28341792754
V000173,S11,out,16816.949857930325
V000174,S11,in,16816.949857930325
V000170,S12,out,16817.226974598347
V000171,S12,in,16817.226974598347
V000148,S19,in,16818.60939972493
V000147,S19,out,16818.60939972493
V000154,S17,out,16818.8628592071
V000155,S17,in,16818.8628592071
V000196,S03,out,16820.11313225531
V000197,S03,in,16820.11313225531
V000199,S02,out,16821.134132987176
V000200,S02,in,16821.134132987176
V000202,S01,in,16822.59701762589
V000201,S01,out,16822.59701762589
V000196,S04,in,16823.875207670804
V000197,S03,out,16880.11313225531
V000198,S03,in,16880.11313225531
V000201,S02,in,16881.134132987176
V000200,S02,out,16881.134132987176
V000203,S01,in,16882.59701762589
V000202,S01,out,16882.59701762589
V000196,S04,out,16882.875207670804
V000197,S04,in,16884.875207670804
V000170,S12,in,16891.358606866885
V000169,S13,in,16895.093088679838
V000168,S13,out,16895.093088679838
V000159,S16,in,16895.212157997576
V000158,S16,out,16895.212157997576
V000152,S18,in,16895.715957840854
V000151,S18,out,16895.715957840854
V000145,S20,in,16895.941603291794
V000144,S20,out,16895.941603291794
V000193,S05,out,16895.987751330107
V000194,S05,in,16895.987751330107
V000186,S07,out,16896.823369680234
V000187,S07,in,16896.823369680234
V000190,S06,in,16897.31386333422
V000189,S06,out,16897.31386333422
V000184,S08,out,16897.663842003305
V000185,S08,in,16897.663842003305
V000181,S09,out,16898.28341792754
V000182,S09,in,16898.28341792754
V000174,S11,out,16898.949857930325
V000175,S11,in,16898.949857930325
V000172,S12,in,16899.226974598347
V000171,S12,out,16899.226974598347
V000149,S19,in,16900.60939972493
V000148,S19,out,16900.60939972493
V000156,S17,in,16900.8628592071
V000155,S17,out,16900.8628592071
V000198,S03,out,16927.11313225531
V000199,S03,in,16927.11313225531
V000202,S02,in,16941.134132987176
V000201,S02,out,16941.134132987176
V000197,S04,out,16945.875207670804
V000198,S04,in,16945.875207670804
V000204,S01,in,16968.59701762589
V000203,S01,out,16968.59701762589
V000199,S03,out,16981.11313225531
V000200,S03,in,16981.11313225531
V000169,S13,out,16986.093088679838
V000170,S13,in,16986.093088679838
V000160,S16,in,16986.212157997576
V000159,S16,out,16986.212157997576
V000152,S18,out,16986.715957840854
V000153,S18,in,16986.715957840854
V000145,S20,out,16986.941603291794
V000146,S20,in,16986.941603291794
V000194,S05,out,16986.987751330107
V000195,S05,in,16986.987751330107
V000188,S07,in,16987.823369680234
V000187,S07,out,16987.823369680234
V000190,S06,out,16988.31386333422
V000191,S06,in,16988.31386333422
V000186,S08,in,16988.663842003305
V000185,S08,out,16988.663842003305
V000183,S09,in,16989.28341792754
V000182,S09,out,16989.28341792754
V000176,S11,in,16989.949857930325
V000175,S11,out,16989.949857930325
V000173,S12,in,16990.226974598347
V000172,S12,out,16990.226974598347
V000149,S19,out,16991.60939972493
V000150,S19,in,16991.60939972493
V000157,S17,in,16991.8628592071
V000156,S17,out,16991.8628592071
V000202,S02,out,16995.134132987176
V000203,S02,in,16995.134132987176
V000198,S04,out,17007.875207670804
V000199,S04,in,17007.875207670804
V000205,S01,in,17016.59701762589
V000204,S01,out,17016.59701762589
V000200,S03,out,17034.11313225531
V000201,S03,in,17034.11313225531
V000203,S02,out,17051.134132987176
V000204,S02,in,17051.134132987176
V000206,S01,in,17073.59701762589
V000205,S01,out,17073.59701762589
V000171,S13,in,17085.093088679838
V000170,S13,out,17085.093088679838
V000161,S16,in,17085.212157997576
V000160,S16,out,17085.212157997576
V000154,S18,in,17085.715957840854
V000153,S18,out,17085.715957840854
V000146,S20,out,17085.941603291794
V000147,S20,in,17085.941603291794
V000196,S05,in,17085.987751330107
V000195,S05,out,17085.987751330107
V000202,S03,in,17086.11313225531
V000201,S03,out,17086.11313225531
V000188,S07,out,17086.823369680234
V000189,S07,in,17086.823369680234
V000191,S06,out,17087.31386333422
V000192,S06,in,17087.31386333422
V000186,S08,out,17087.663842003305
V000187,S08,in,17087.663842003305
V000199,S04,out,17087.875207670804
V000200,S04,in,17087.875207670804
V000183,S09,out,17088.28341792754
V000184,S09,in,17088.28341792754
V000176,S11,out,17088.949857930325
V000177,S11,in,17088.949857930325
V000173,S12,out,17089.226974598347
V000174,S12,in,17089.226974598347
V000150,S19,out,17090.60939972493
V000151,S19,in,17090.60939972493
V000158,S17,in,17090.8628592071
V000157,S17,out,17090.8628592071
V000205,S02,in,17100.134132987176
V000204,S02,out,17100.134132987176
V000206,S01,out,17125.59701762589
V000207,S01,in,17125.59701762589
V000202,S03,out,17145.11313225531
V000203,S03,in,17145.11313225531
V000205,S02,out,17149.134132987176
V000206,S02,in,17149.134132987176
V000172,S13,in,17170.093088679838
V000171,S13,out,17170.093088679838
V000161,S16,out,17170.212157997576
V000162,S16,in,17170.212157997576
V000155,S18,in,17170.715957840854
V000154,S18,out,17170.715957840854
V000148,S20,in,17170.941603291794
V000147,S20,out,17170.941603291794
V000196,S05,out,17170.987751330107
V000197,S05,in,17170.987751330107
V000189,S07,out,17171.823369680234
V000190,S07,in,17171.823369680234
V000193,S06,in,17172.31386333422
V000192,S06,out,17172.31386333422
V000188,S08,in,17172.663842003305
V000187,S08,out,17172.663842003305
V000200,S04,out,17172.875207670804
V000201,S04,in,17172.875207670804
V000185,S09,in,17173.28341792754
V000184,S09,out,17173.28341792754
V000177,S11,out,17173.949857930325
V000178,S11,in,17173.949857930325
V000174,S12,out,17174.226974598347
V000175,S12,in,17174.226974598347
V000152,S19,in,17175.60939972493
V000151,S19,out,17175.60939972493
V000158,S17,out,17175.8628592071
V000159,S17,in,17175.8628592071
V000208,S01,in,17179.59701762589
V000207,S01,out,17179.59701762589
V000204,S03,in,17201.11313225531
V000203,S03,out,17201.11313225531
V000207,S02,in,17204.134132987176
V000206,S02,out,17204.134132987176
V000208,S01,out,17226.59701762589
V000209,S01,in,17226.59701762589
V000172,S13,out,17244.093088679838
V000173,S13,in,17244.093088679838
V000163,S16,in,17244.212157997576
V000162,S16,out,17244.212157997576
V000156,S18,in,17244.715957840854
V000155,S18,out,17244.715957840854
V000148,S20,out,17244.941603291794
V000149,S20,in,17244.941603291794
V000198,S05,in,17244.987751330107
V000197,S05,out,17244.987751330107
V000191,S07,in,17245.823369680234
V000190,S07,out,17245.823369680234
V000194,S06,in,17246.31386333422
V000193,S06,out,17246.31386333422
V000189,S08,in,17246.663842003305
V000188,S08,out,17246.663842003305
V000201,S04,out,17246.875207670804
V000202,S04,in,17246.875207670804
V000186,S09,in,17247.28341792754
V000185,S09,out,17247.28341792754
V000178,S11,out,17247.949857930325
V000179,S11,in,17247.949857930325
V000175,S12,out,17248.226974598347
V000176,S12,in,17248.226974598347
V000153,S19,in,17249.60939972493
V000152,S19,out,17249.60939972493
V000160,S17,in,17249.8628592071
V000159,S17,out,17249.8628592071
V000205,S03,in,17252.11313225531
V000204,S03,out,17252.11313225531
V000208,S02,in,17261.134132987176
V000207,S02,out,17261.134132987176
V000210,S01,in,17283.59701762589
V000209,S01,out,17283.59701762589
V000205,S03,out,17308.11313225531
V000206,S03,in,17308.11313225531
V000209,S02,in,17314.134132987176
V000208,S02,out,17314.134132987176
V000173,S13,out,17317.093088679838
V000174,S13,in,17317.093088679838
V000163,S16,out,17317.212157997576
V000164,S16,in,17317.212157997576
V000156,S18,out,17317.715957840854
V000157,S18,in,17317.715957840854
V000150,S20,in,17317.941603291794
V000149,S20,out,17317.941603291794
V000198,S05,out,17317.987751330107
V000199,S05,in,17317.987751330107
V000192,S07,in,17318.823369680234
V000191,S07,out,17318.823369680234
V000195,S06,in,17319.31386333422
V000194,S06,out,17319.31386333422
V000189,S08,out,17319.663842003305
V000190,S08,in,17319.663842003305
V000202,S04,out,17319.875207670804
V000203,S04,in,17319.875207670804
V000187,S09,in,17320.28341792754
V000186,S09,out,17320.28341792754
V000180,S11,in,17320.949857930325
V000179,S11,out,17320.949857930325
V000177,S12,in,17321.226974598347
V000176,S12,out,17321.226974598347
V000154,S19,in,17322.60939972493
V000153,S19,out,17322.60939972493
V000161,S17,in,17322.8628592071
V000160,S17,out,17322.8628592071
V000210,S01,out,17337.59701762589
V000211,S01,in,17337.59701762589
V000206,S03,out,17356.11313225531
V000207,S03,in,17356.11313225531
V000209,S02,out,17366.134132987176
V000210,S02,in,17366.134132987176
V000212,S01,in,17384.59701762589
V000211,S01,out,17384.59701762589
V000175,S13,in,17396.093088679838
V000174,S13,out,17396.093088679838
V000164,S16,out,17396.212157997576
V000165,S16,in,17396.212157997576
V000158,S18,in,17396.715957840854
V000157,S18,out,17396.715957840854
V000150,S20,out,17396.941603291794
V000151,S20,in,17396.941603291794
V000200,S05,in,17396.987751330107
V000199,S05,out,17396.987751330107
V000193,S07,in,17397.823369680234
V000192,S07,out,17397.823369680234
V000196,S06,in,17398.31386333422
V000195,S06,out,17398.31386333422
V000190,S08,out,17398.663842003305
V000191,S08,in,17398.663842003305
V000203,S04,out,17398.875207670804
V000204,S04,in,17398.875207670804
V000188,S09,in,17399.28341792754
V000187,S09,out,17399.28341792754
V000181,S11,in,17399.949857930325
V000180,S11,out,17399.949857930325
V000178,S12,in,17400.226974598347
V000177,S12,out,17400.226974598347
V000155,S19,in,17401.60939972493
V000154,S19,out,17401.60939972493
V000161,S17,out,17401.8628592071
V000162,S17,in,17401.8628592071
V000207,S03,out,17407.11313225531
V000208,S03,in,17407.11313225531
V000210,S02,out,17415.134132987176
V000211,S02,in,17415.134132987176
V000212,S01,out,17433.59701762589
V000213,S01,in,17433.59701762589
V000176,S13,in,17499.093088679838
V000175,S13,out,17499.093088679838
V000165,S16,out,17499.212157997576
V000166,S16,in,17499.212157997576
V000158,S18,out,17499.715957840854
V000159,S18,in,17499.715957840854
V000152,S20,in,17499.941603291794
V000151,S20,out,17499.941603291794
V000201,S05,in,17499.987751330107
V000200,S05,out,17499.987751330107
V000209,S03,in,17500.11313225531
V000208,S03,out,17500.11313225531
V000193,S07,out,17500.823369680234
V000194,S07,in,17500.823369680234
V000212,S02,in,17501.134132987176
V000211,S02,out,17501.134132987176
V000196,S06,out,17501.31386333422
V000197,S06,in,17501.31386333422
V000192,S08,in,17501.663842003305
V000191,S08,out,17501.663842003305
V000205,S04,in,17501.875207670804
V000204,S04,out,17501.875207670804
V000188,S09,out,17502.28341792754
V000189,S09,in,17502.28341792754
V000213,S01,out,17502.59701762589
V000214,S01,in,17502.59701762589
V000182,S11,in,17502.949857930325
V000181,S11,out,17502.949857930325
V000179,S12,in,17503.226974598347
V000178,S12,out,17503.226974598347
V000156,S19,in,17504.60939972493
V000155,S19,out,17504.60939972493
V000162,S17,out,17504.8628592071
V000163,S17,in,17504.8628592071
V000177,S13,in,17584.093088679838
V000176,S13,out,17584.093088679838
V000167,S16,in,17584.212157997576
V000166,S16,out,17584.212157997576
V000160,S18,in,17584.715957840854
V000159,S18,out,17584.715957840854
V000153,S20,in,17584.941603291794
V000152,S20,out,17584.941603291794
V000201,S05,out,17584.987751330107
V000202,S05,in,17584.987751330107
V000209,S03,out,17585.11313225531
V000210,S03,in,17585.11313225531
V000194,S07,out,17585.823369680234
V000195,S07,in,17585.823369680234
V000213,S02,in,17586.134132987176
V000212,S02,out,17586.134132987176
V000198,S06,in,17586.31386333422
V000197,S06,out,17586.31386333422
V000193,S08,in,17586.663842003305
V000192,S08,out,17586.663842003305
V000205,S04,out,17586.875207670804
V000206,S04,in,17586.875207670804
V000190,S09,in,17587.28341792754
V000189,S09,out,17587.28341792754
V000214,S01,out,17587.59701762589
V000215,S01,in,17587.59701762589
V000182,S11,out,17587.949857930325
V000183,S11,in,17587.949857930325
V000179,S12,out,17588.226974598347
V000180,S12,in,17588.226974598347
V000156,S19,out,17589.60939972493
V000157,S19,in,17589.60939972493
V000163,S17,out,17589.8628592071
V000164,S17,in,17589.8628592071
V000177,S13,out,17668.093088679838
V000178,S13,in,17668.093088679838
V000168,S16,in,17668.212157997576
V000167,S16,out,17668.212157997576
V000160,S18,out,17668.715957840854
V000161,S18,in,17668.715957840854
V000153,S20,out,17668.941603291794
V000154,S20,in,17668.941603291794
V000202,S05,out,17668.987751330107
V000203,S05,in,17668.987751330107
V000210,S03,out,17669.11313225531
V000211,S03,in,17669.11313225531
V000195,S07,out,17669.823369680234
V000196,S07,in,17669.823369680234
V000214,S02,in,17670.134132987176
V000213,S02,out,17670.134132987176
V000198,S06,out,17670.31386333422
V000199,S06,in,17670.31386333422
V000193,S08,out,17670.663842003305
V000194,S08,in,17670.663842003305
V000207,S04,in,17670.875207670804
V000206,S04,out,17670.875207670804
V000191,S09,in,17671.28341792754
V000190,S09,out,17671.28341792754
V000216,S01,in,17671.59701762589
V000215,S01,out,17671.59701762589
V000184,S11,in,17671.949857930325
V000183,S11,out,17671.949857930325
V000180,S12,out,17672.226974598347
V000181,S12,in,17672.226974598347
V000157,S19,out,17673.60939972493
V000158,S19,in,17673.60939972493
V000164,S17,out,17673.8628592071
V000165,S17,in,17673.8628592071
V000179,S13,in,17747.093088679838
V000178,S13,out,17747.093088679838
V000169,S16,in,17747.212157997576
V000168,S16,out,17747.212157997576
V000161,S18,out,17747.715957840854
V000162,S18,in,17747.715957840854
V000154,S20,out,17747.941603291794
V000155,S20,in,17747.941603291794
V000203,S05,out,17747.987751330107
V000204,S05,in,17747.987751330107
V000212,S03,in,17748.11313225531
V000211,S03,out,17748.11313225531
V000196,S07,out,17748.823369680234
V000197,S07,in,17748.823369680234
V000214,S02,out,17749.134132987176
V000215,S02,in,17749.134132987176
V000200,S06,in,17749.31386333422
V000199,S06,out,17749.31386333422
V000195,S08,in,17749.663842003305
V000194,S08,out,17749.663842003305
V000208,S04,in,17749.875207670804
V000207,S04,out,17749.875207670804
V000191,S09,out,17750.28341792754
V000192,S09,in,17750.28341792754
V000216,S01,out,17750.59701762589
V000217,S01,in,17750.59701762589
V000184,S11,out,17750.949857930325
V000185,S11,in,17750.949857930325
V000182,S12,in,17751.226974598347
V000181,S12,out,17751.226974598347
V000158,S19,out,17752.60939972493
V000159,S19,in,17752.60939972493
V000166,S17,in,17752.8628592071
V000165,S17,out,17752.8628592071
V000179,S13,out,17839.093088679838
V000180,S13,in,17839.093088679838
V000170,S16,in,17839.212157997576
V000169,S16,out,17839.212157997576
V000163,S18,in,17839.715957840854
V000156,S20,in,17839.941603291794
V000155,S20,out,17839.941603291794
V000204,S05,out,17839.987751330107
V000205,S05,in,17839.987751330107
V000213,S03,in,17840.11313225531
V000212,S03,out,17840.11313225531
V000197,S07,out,17840.823369680234
V000198,S07,in,17840.823369680234
V000216,S02,in,17841.134132987176
V000215,S02,out,17841.134132987176
V000200,S06,out,17841.31386333422
V000201,S06,in,17841.31386333422
V000196,S08,in,17841.663842003305
V000195,S08,out,17841.663842003305
V000208,S04,out,17841.875207670804
V000209,S04,in,17841.875207670804
V000193,S09,in,17842.28341792754
V000192,S09,out,17842.28341792754
V000217,S01,out,17842.59701762589
V000218,S01,in,17842.59701762589
V000185,S11,out,17842.949857930325
V000186,S11,in,17842.949857930325
V000183,S12,in,17843.226974598347
V000182,S12,out,17843.226974598347
V000159,S19,out,17844.60939972493
V000160,S19,in,17844.60939972493
V000167,S17,in,17844.8628592071
V000166,S17,out,17844.8628592071
V000180,S13,out,17938.093088679838
V000181,S13,in,17938.093088679838
V000170,S16,out,17938.212157997576
V000171,S16,in,17938.212157997576
V000164,S18,in,17938.715957840854
V000163,S18,out,17938.715957840854
V000157,S20,in,17938.941603291794
V000156,S20,out,17938.941603291794
V000205,S05,out,17938.987751330107
V000206,S05,in,17938.987751330107
V000214,S03,in,17939.11313225531
V000213,S03,out,17939.11313225531
V000198,S07,out,17939.823369680234
V000199,S07,in,17939.823369680234
V000217,S02,in,17940.134132987176
V000216,S02,out,17940.134132987176
V000201,S06,out,17940.31386333422
V000202,S06,in,17940.31386333422
V000197,S08,in,17940.663842003305
V000196,S08,out,17940.663842003305
V000210,S04,in,17940.875207670804
V000209,S04,out,17940.875207670804
V000193,S09,out,17941.28341792754
V000194,S09,in,17941.28341792754
V000218,S01,out,17941.59701762589
V000219,S01,in,17941.59701762589
V000186,S11,out,17941.949857930325
V000187,S11,in,17941.949857930325
V000183,S12,out,17942.226974598347
V000184,S12,in,17942.226974598347
V000160,S19,out,17943.60939972493
V000161,S19,in,17943.60939972493
V000167,S17,out,17943.8628592071
V000168,S17,in,17943.8628592071
V000162,S18,out,17986.887151175502
V000172,S16,in,18014.212157997576
V000171,S16,out,18014.212157997576
V000165,S18,in,18014.715957840854
V000164,S18,out,18014.715957840854
V000157,S20,out,18014.941603291794
V000158,S20,in,18014.941603291794
V000161,S19,out,18019.60939972493
V000162,S19,in,18019.60939972493
V000169,S17,in,18019.8628592071
V000168,S17,out,18019.8628592071
V000172,S16,out,18096.212157997576
V000173,S16,in,18096.212157997576
V000165,S18,out,18096.715957840854
V000166,S18,in,18096.715957840854
V000159,S20,in,18096.941603291794
V000158,S20,out,18096.941603291794
V000163,S19,in,18101.60939972493
V000162,S19,out,18101.60939972493
V000170,S17,in,18101.8628592071
V000174,S16,in,18184.212157997576
V000173,S16,out,18184.212157997576
V000167,S18,in,18184.715957840854
V000166,S18,out,18184.715957840854
V000160,S20,in,18184.941603291794
V000159,S20,out,18184.941603291794
V000163,S19,out,18189.60939972493
V000164,S19,in,18189.60939972493
V000170,S17,out,18189.8628592071
V000171,S17,in,18189.8628592071
V000169,S17,out,18252.456024654217
V000174,S16,out,18268.212157997576
V000175,S16,in,18268.212157997576
V000167,S18,out,18268.715957840854
V000168,S18,in,18268.715957840854
V000161,S20,in,18268.941603291794
V000160,S20,out,18268.941603291794
V000164,S19,out,18273.60939972493
V000165,S19,in,18273.60939972493
V000171,S17,out,18273.8628592071
V000172,S17,in,18273.8628592071
V000176,S16,in,18365.212157997576
V000175,S16,out,18365.212157997576
V000169,S18,in,18365.715957840854
V000168,S18,out,18365.715957840854
V000161,S20,out,18365.941603291794
V000162,S20,in,18365.941603291794
V000165,S19,out,18370.60939972493
V000166,S19,in,18370.60939972493
V000173,S17,in,18370.8628592071
V000172,S17,out,18370.8628592071
V000176,S16,out,18450.212157997576
V000169,S18,out,18450.715957840854
V000170,S18,in,18450.715957840854
V000162,S20,out,18450.941603291794
V000163,S20,in,18450.941603291794
V000166,S19,out,18455.60939972493
V000167,S19,in,18455.60939972493
V000174,S17,in,18455.8628592071
V000173,S17,out,18455.8628592071
V000182,S13,in,18537.093088679838
V000181,S13,out,18537.093088679838
V000206,S05,out,18537.987751330107
V000207,S05,in,18537.987751330107
V000214,S03,out,18538.11313225531
V000215,S03,in,18538.11313225531
V000200,S07,in,18538.823369680234
V000199,S07,out,18538.823369680234
V000217,S02,out,18539.134132987176
V000218,S02,in,18539.134132987176
V000202,S06,out,18539.31386333422
V000203,S06,in,18539.31386333422
V000198,S08,in,18539.663842003305
V000197,S08,out,18539.663842003305
V000211,S04,in,18539.875207670804
V000210,S04,out,18539.875207670804
V000195,S09,in,18540.28341792754
V000194,S09,out,18540.28341792754
V000219,S01,out,18540.59701762589
V000220,S01,in,18540.59701762589
V000188,S11,in,18540.949857930325
V000187,S11,out,18540.949857930325
V000185,S12,in,18541.226974598347
V000184,S12,out,18541.226974598347
V000171,S18,in,18556.715957840854
V000170,S18,out,18556.715957840854
V000163,S20,out,18556.941603291794
V000164,S20,in,18556.941603291794
V000168,S19,in,18561.60939972493
V000167,S19,out,18561.60939972493
V000174,S17,out,18561.8628592071
V000175,S17,in,18561.8628592071
V000183,S13,in,18596.093088679838
V000182,S13,out,18596.093088679838
V000200,S07,out,18597.823369680234
V000201,S07,in,18597.823369680234
V000204,S06,in,18598.31386333422
V000203,S06,out,18598.31386333422
V000198,S08,out,18598.663842003305
V000199,S08,in,18598.663842003305
V000207,S05,out,18598.987751330107
V000208,S05,in,18598.987751330107
V000216,S03,in,18599.11313225531
V000215,S03,out,18599.11313225531
V000195,S09,out,18599.28341792754
V000196,S09,in,18599.28341792754
V000189,S11,in,18599.949857930325
V000188,S11,out,18599.949857930325
V000186,S12,in,18600.226974598347
V000185,S12,out,18600.226974598347
V000212,S04,in,18600.875207670804
V000211,S04,out,18600.875207670804
V000219,S02,in,18605.134132987176
V000218,S02,out,18605.134132987176
V000221,S01,in,18606.59701762589
V000220,S01,out,18606.59701762589
V000177,S16,in,18611.212157997576
V000171,S18,out,18661.715957840854
V000172,S18,in,18661.715957840854
V000165,S20,in,18661.941603291794
V000164,S20,out,18661.941603291794
V000177,S16,out,18662.212157997576
V000184,S13,in,18663.093088679838
V000183,S13,out,18663.093088679838
V000197,S09,in,18666.28341792754
V000196,S09,out,18666.28341792754
V000169,S19,in,18666.60939972493
V000168,S19,out,18666.60939972493
V000175,S17,out,18666.8628592071
V000176,S17,in,18666.8628592071
V000190,S11,in,18666.949857930325
V000189,S11,out,18666.949857930325
V000187,S12,in,18667.226974598347
V000186,S12,out,18667.226974598347
V000178,S16,in,18668.212157997576
V000209,S05,in,18670.987751330107
V000208,S05,out,18670.987751330107
V000201,S07,out,18671.823369680234
V000202,S07,in,18671.823369680234
V000204,S06,out,18672.31386333422
V000205,S06,in,18672.31386333422
V000200,S08,in,18672.663842003305
V000199,S08,out,18672.663842003305
V000178,S16,out,18717.212157997576
V000179,S16,in,18723.212157997576
V000185,S13,in,18736.093088679838
V000184,S13,out,18736.093088679838
V000209,S05,out,18736.987751330107
V000210,S05,in,18736.987751330107
V000202,S07,out,18737.823369680234
V000203,S07,in,18737.823369680234
V000206,S06,in,18738.31386333422
V000205,S06,out,18738.31386333422
V000200,S08,out,18738.663842003305
V000201,S08,in,18738.663842003305
V000197,S09,out,18739.28341792754
V000198,S09,in,18739.28341792754
V000190,S11,out,18739.949857930325
V000191,S11,in,18739.949857930325
V000187,S12,out,18740.226974598347
V000188,S12,in,18740.226974598347
V000216,S03,out,18747.11313225531
V000217,S03,in,18747.11313225531
V000219,S02,out,18748.134132987176
V000220,S02,in,18748.134132987176
V000213,S04,in,18748.875207670804
V000212,S04,out,18748.875207670804
V000222,S01,in,18749.59701762589
V000221,S01,out,18749.59701762589
V000172,S18,out,18750.715957840854
V000173,S18,in,18750.715957840854
V000165,S20,out,18750.941603291794
V000166,S20,in,18750.941603291794
V000169,S19,out,18755.60939972493
V000170,S19,in,18755.60939972493
V000177,S17,in,18755.8628592071
V000176,S17,out,18755.8628592071
V000179,S16,out,18784.212157997576
V000180,S16,in,18792.212157997576
V000186,S13,in,18800.093088679838
V000185,S13,out,18800.093088679838
V000210,S05,out,18802.987751330107
V000211,S05,in,18802.987751330107
V000204,S07,in,18803.823369680234
V000203,S07,out,18803.823369680234
V000189,S12,in,18804.226974598347
V000188,S12,out,18804.226974598347
V000207,S06,in,18804.31386333422
V000206,S06,out,18804.31386333422
V000202,S08,in,18804.663842003305
V000201,S08,out,18804.663842003305
V000199,S09,in,18805.28341792754
V000198,S09,out,18805.28341792754
V000191,S11,out,18805.949857930325
V000192,S11,in,18805.949857930325
V000217,S03,out,18813.11313225531
V000218,S03,in,18813.11313225531
V000220,S02,out,18814.134132987176
V000221,S02,in,18814.134132987176
V000214,S04,in,18814.875207670804
V000213,S04,out,18814.875207670804
V000223,S01,in,18815.59701762589
V000222,S01,out,18815.59701762589
V000174,S18,in,18845.715957840854
V000173,S18,out,18845.715957840854
V000167,S20,in,18845.941603291794
V000166,S20,out,18845.941603291794
V000180,S16,out,18846.212157997576
V000171,S19,in,18850.60939972493
V000170,S19,out,18850.60939972493
V000178,S17,in,18850.8628592071
V000177,S17,out,18850.8628592071
V000186,S13,out,18861.093088679838
V000187,S13,in,18861.093088679838
V000199,S09,out,18864.28341792754
V000200,S09,in,18864.28341792754
V000192,S11,out,18864.949857930325
V000193,S11,in,18864.949857930325
V000189,S12,out,18865.226974598347
V000190,S12,in,18865.226974598347
V000181,S16,in,18868.212157997576
V000212,S05,in,18868.987751330107
V000211,S05,out,18868.987751330107
V000205,S07,in,18869.823369680234
V000204,S07,out,18869.823369680234
V000208,S06,in,18870.31386333422
V000207,S06,out,18870.31386333422
V000203,S08,in,18870.663842003305
V000202,S08,out,18870.663842003305
V000218,S03,out,18873.11313225531
V000219,S03,in,18873.11313225531
V000222,S02,in,18874.134132987176
V000221,S02,out,18874.134132987176
V000214,S04,out,18874.875207670804
V000215,S04,in,18874.875207670804
V000223,S01,out,18881.59701762589
V000187,S13,out,18920.093088679838
V000188,S13,in,18920.093088679838
V000205,S07,out,18921.823369680234
V000206,S07,in,18921.823369680234
V000204,S08,in,18922.663842003305
V000203,S08,out,18922.663842003305
V000201,S09,in,18923.28341792754
V000200,S09,out,18923.28341792754
V000193,S11,out,18923.949857930325
V000194,S11,in,18923.949857930325
V000190,S12,out,18924.226974598347
V000191,S12,in,18924.226974598347
V000208,S06,out,18924.31386333422
V000209,S06,in,18924.31386333422
V000212,S05,out,18925.987751330107
V000213,S05,in,18925.987751330107
V000181,S16,out,18929.212157997576
V000182,S16,in,18929.212157997576
V000174,S18,out,18929.715957840854
V000175,S18,in,18929.715957840854
V000167,S20,out,18929.941603291794
V000168,S20,in,18929.941603291794
V000172,S19,in,18934.60939972493
V000171,S19,out,18934.60939972493
V000178,S17,out,18934.8628592071
V000179,S17,in,18934.8628592071
V000188,S13,out,18976.093088679838
V000189,S13,in,18976.093088679838
V000191,S12,out,18980.226974598347
V000192,S12,in,18980.226974598347
V000213,S05,out,18986.987751330107
V000214,S05,in,18986.987751330107
V000206,S07,out,18987.823369680234
V000207,S07,in,18987.823369680234
V000209,S06,out,18988.31386333422
V000210,S06,in,18988.31386333422
V000205,S08,in,18988.663842003305
V000204,S08,out,18988.663842003305
V000202,S09,in,18989.28341792754
V000201,S09,out,18989.28341792754
V000195,S11,in,18989.949857930325
V000194,S11,out,18989.949857930325
V000224,S01,in,19003.59701762589
V000182,S16,out,19016.212157997576
V000183,S16,in,19016.212157997576
V000176,S18,in,19016.715957840854
V000175,S18,out,19016.715957840854
V000169,S20,in,19016.941603291794
V000168,S20,out,19016.941603291794
V000173,S19,in,19021.60939972493
V000172,S19,out,19021.60939972493
V000180,S17,in,19021.8628592071
V000179,S17,out,19021.8628592071
V000190,S13,in,19037.093088679838
V000189,S13,out,19037.093088679838
V000195,S11,out,19040.949857930325
V000196,S11,in,19040.949857930325
V000192,S12,out,19041.226974598347
V000193,S12,in,19041.226974598347
V000202,S09,out,19047.28341792754
V000203,S09,in,19047.28341792754
V000214,S05,out,19049.987751330107
V000208,S07,in,19050.823369680234
V000207,S07,out,19050.823369680234
V000211,S06,in,19051.31386333422
V000210,S06,out,19051.31386333422
V000206,S08,in,19051.663842003305
V000205,S08,out,19051.663842003305
V000191,S13,in,19090.093088679838
V000190,S13,out,19090.093088679838
V000183,S16,out,19097.212157997576
V000184,S16,in,19097.212157997576
V000177,S18,in,19097.715957840854
V000176,S18,out,19097.715957840854
V000169,S20,out,19097.941603291794
V000170,S20,in,19097.941603291794
V000196,S11,out,19101.949857930325
V000197,S11,in,19101.949857930325
V000193,S12,out,19102.226974598347
V000194,S12,in,19102.226974598347
V000173,S19,out,19102.60939972493
V000174,S19,in,19102.60939972493
V000181,S17,in,19102.8628592071
V000180,S17,out,19102.8628592071
V000204,S09,in,19109.28341792754
V000203,S09,out,19109.28341792754
V000208,S07,out,19112.823369680234
V000209,S07,in,19112.823369680234
V000212,S06,in,19113.31386333422
V000211,S06,out,19113.31386333422
V000207,S08,in,19113.663842003305
V000206,S08,out,19113.663842003305
V000192,S13,in,19155.093088679838
V000191,S13,out,19155.093088679838
V000198,S11,in,19158.949857930325
V000197,S11,out,19158.949857930325
V000195,S12,in,19159.226974598347
V000194,S12,out,19159.226974598347
V000209,S07,out,19172.823369680234
V000210,S07,in,19172.823369680234
V000212,S06,out,19173.31386333422
V000213,S06,in,19173.31386333422
V000208,S08,in,19173.663842003305
V000207,S08,out,19173.663842003305
V000205,S09,in,19174.28341792754
V000204,S09,out,19174.28341792754
V000184,S16,out,19179.212157997576
V000185,S16,in,19179.212157997576
V000178,S18,in,19179.715957840854
V000177,S18,out,19179.715957840854
V000170,S20,out,19179.941603291794
V000171,S20,in,19179.941603291794
V000175,S19,in,19184.60939972493
V000174,S19,out,19184.60939972493
V000181,S17,out,19184.8628592071
V000182,S17,in,19184.8628592071
V000193,S13,in,19225.093088679838
V000192,S13,out,19225.093088679838
V000206,S09,in,19228.28341792754
V000205,S09,out,19228.28341792754
V000211,S07,in,19228.823369680234
V000210,S07,out,19228.823369680234
V000199,S11,in,19228.949857930325
V000198,S11,out,19228.949857930325
V000196,S12,in,19229.226974598347
V000195,S12,out,19229.226974598347
V000213,S06,out,19229.31386333422
V000214,S06,in,19229.31386333422
V000209,S08,in,19229.663842003305
V000208,S08,out,19229.663842003305
V000186,S16,in,19250.212157997576
V000185,S16,out,19250.212157997576
V000179,S18,in,19250.715957840854
V000178,S18,out,19250.715957840854
V000171,S20,out,19250.941603291794
V000172,S20,in,19250.941603291794
V000176,S19,in,19255.60939972493
V000175,S19,out,19255.60939972493
V000183,S17,in,19255.8628592071
V000182,S17,out,19255.8628592071
V000193,S13,out,19282.093088679838
V000194,S13,in,19282.093088679838
V000211,S07,out,19291.823369680234
V000212,S07,in,19291.823369680234
V000214,S06,out,19292.31386333422
V000209,S08,out,19292.663842003305
V000210,S08,in,19292.663842003305
V000206,S09,out,19293.28341792754
V000207,S09,in,19293.28341792754
V000200,S11,in,19293.949857930325
V000196,S12,out,19294.226974598347
V000197,S12,in,19294.226974598347
V000186,S16,out,19338.212157997576
V000187,S16,in,19338.212157997576
V000180,S18,in,19338.715957840854
V000179,S18,out,19338.715957840854
V000172,S20,out,19338.941603291794
V000173,S20,in,19338.941603291794
V000176,S19,out,19343.60939972493
V000177,S19,in,19343.60939972493
V000183,S17,out,19343.8628592071
V000184,S17,in,19343.8628592071
V000195,S13,in,19345.093088679838
V000194,S13,out,19345.093088679838
V000198,S12,in,19349.226974598347
V000197,S12,out,19349.226974598347
V000213,S07,in,19353.823369680234
V000212,S07,out,19353.823369680234
V000211,S08,in,19354.663842003305
V000210,S08,out,19354.663842003305
V000201,S11,in,19354.949857930325
V000200,S11,out,19354.949857930325
V000208,S09,in,19355.28341792754
V000207,S09,out,19355.28341792754
V000220,S03,in,19400.11313225531
V000219,S03,out,19400.11313225531
V000222,S02,out,19401.134132987176
V000223,S02,in,19401.134132987176
V000216,S04,in,19401.875207670804
V000215,S04,out,19401.875207670804
V000225,S01,in,19402.59701762589
V000224,S01,out,19402.59701762589
V000215,S05,in,19402.987751330107
V000195,S13,out,19408.093088679838
V000196,S13,in,19408.093088679838
V000198,S12,out,19412.226974598347
V000199,S12,in,19412.226974598347
V000188,S16,in,19439.212157997576
V000187,S16,out,19439.212157997576
V000180,S18,out,19439.715957840854
V000181,S18,in,19439.715957840854
V000173,S20,out,19439.941603291794
V000174,S20,in,19439.941603291794
V000178,S19,in,19444.60939972493
V000177,S19,out,19444.60939972493
V000184,S17,out,19444.8628592071
V000185,S17,in,19444.8628592071
V000221,S03,in,19461.11313225531
V000220,S03,out,19461.11313225531
V000224,S02,in,19462.134132987176
V000223,S02,out,19462.134132987176
V000217,S04,in,19462.875207670804
V000216,S04,out,19462.875207670804
V000225,S01,out,19463.59701762589
V000226,S01,in,19463.59701762589
V000214,S07,in,19464.823369680234
V000213,S07,out,19464.823369680234
V000211,S08,out,19465.663842003305
V000212,S08,in,19465.663842003305
V000216,S05,in,19465.987751330107
V000215,S05,out,19465.987751330107
V000209,S09,in,19466.28341792754
V000208,S09,out,19466.28341792754
V000202,S11,in,19466.949857930325
V000201,S11,out,19466.949857930325
V000196,S13,out,19469.093088679838
V000197,S13,in,19469.093088679838
V000215,S06,in,19472.31386333422
V000200,S12,in,19473.226974598347
V000199,S12,out,19473.226974598347
V000189,S16,in,19512.212157997576
V000188,S16,out,19512.212157997576
V000182,S18,in,19512.715957840854
V000181,S18,out,19512.715957840854
V000175,S20,in,19512.941603291794
V000174,S20,out,19512.941603291794
V000178,S19,out,19517.60939972493
V000179,S19,in,19517.60939972493
V000185,S17,out,19517.8628592071
V000186,S17,in,19517.8628592071
V000202,S11,out,19518.949857930325
V000203,S11,in,19518.949857930325
V000209,S09,out,19520.28341792754
V000210,S09,in,19520.28341792754
V000222,S03,in,19521.11313225531
V000221,S03,out,19521.11313225531
V000216,S05,out,19521.987751330107
V000198,S13,in,19522.093088679838
V000197,S13,out,19522.093088679838
V000224,S02,out,19522.134132987176
V000225,S02,in,19522.134132987176
V000218,S04,in,19522.875207670804
V000217,S04,out,19522.875207670804
V000217,S05,in,19522.987751330107
V000227,S01,in,19523.59701762589
V000226,S01,out,19523.59701762589
V000215,S06,out,19525.31386333422
V000216,S06,in,19528.31386333422
V000215,S07,in,19532.823369680234
V000214,S07,out,19532.823369680234
V000213,S08,in,19533.663842003305
V000212,S08,out,19533.663842003305
V000201,S12,in,19535.226974598347
V000200,S12,out,19535.226974598347
V000203,S11,out,19573.949857930325
V000204,S11,in,19573.949857930325
V000210,S09,out,19574.28341792754
V000211,S09,in,19574.28341792754
V000222,S03,out,19576.11313225531
V000223,S03,in,19576.11313225531
V000225,S02,out,19577.134132987176
V000226,S02,in,19577.134132987176
V000218,S04,out,19577.875207670804
V000219,S04,in,19577.875207670804
V000218,S05,in,19583.987751330107
V000217,S05,out,19583.987751330107
V000199,S13,in,19584.093088679838
V000198,S13,out,19584.093088679838
V000216,S06,out,19585.31386333422
V000228,S01,in,19586.59701762589
V000227,S01,out,19586.59701762589
V000213,S08,out,19586.663842003305
V000214,S08,in,19586.663842003305
V000217,S06,in,19590.31386333422
V000201,S12,out,19593.226974598347
V000202,S12,in,19593.226974598347
V000190,S16,in,19600.212157997576
V000189,S16,out,19600.212157997576
V000182,S18,out,19600.715957840854
V000183,S18,in,19600.715957840854
V000175,S20,out,19600.941603291794
V000176,S20,in,19600.941603291794
V000216,S07,in,19604.823369680234
V000215,S07,out,19604.823369680234
V000180,S19,in,19605.60939972493
V000179,S19,out,19605.60939972493
V000186,S17,out,19605.8628592071
V000187,S17,in,19605.8628592071
V000204,S11,out,19628.949857930325
V000205,S11,in,19628.949857930325
V000212,S09,in,19630.28341792754
V000211,S09,out,19630.28341792754
V000223,S03,out,19639.11313225531
V000224,S03,in,19639.11313225531
V000218,S05,out,19639.987751330107
V000226,S02,out,19640.134132987176
V000227,S02,in,19640.134132987176
V000219,S04,out,19640.875207670804
V000220,S04,in,19640.875207670804
V000229,S01,in,19641.59701762589
V000228,S01,out,19641.59701762589
V000219,S05,in,19641.987751330107
V000217,S06,out,19644.31386333422
V000200,S13,in,19646.093088679838
V000199,S13,out,19646.093088679838
V000218,S06,in,19646.31386333422
V000203,S12,in,19650.226974598347
V000202,S12,out,19650.226974598347
V000214,S08,out,19656.663842003305
V000215,S08,in,19656.663842003305
V000216,S07,out,19659.823369680234
V000217,S07,in,19659.823369680234
V000205,S11,out,19672.949857930325
V000206,S11,in,19672.949857930325
V000212,S09,out,19683.28341792754
V000213,S09,in,19683.28341792754
V000191,S16,in,19691.212157997576
V000190,S16,out,19691.212157997576
V000183,S18,out,19691.715957840854
V000184,S18,in,19691.715957840854
V000176,S20,out,19691.941603291794
V000177,S20,in,19691.941603291794
V000180,S19,out,19696.60939972493
V000181,S19,in,19696.60939972493
V000188,S17,in,19696.8628592071
V000187,S17,out,19696.8628592071
V000218,S06,out,19697.31386333422
V000219,S05,out,19697.987751330107
V000224,S03,out,19698.11313225531
V000225,S03,in,19698.11313225531
V000228,S02,in,19699.134132987176
V000227,S02,out,19699.134132987176
V000220,S04,out,19699.875207670804
V000221,S04,in,19699.875207670804
V000220,S05,in,19700.987751330107
V000229,S01,out,19701.59701762589
V000230,S01,in,19701.59701762589
V000219,S06,in,19704.31386333422
V000216,S08,in,19706.663842003305
V000215,S08,out,19706.663842003305
V000200,S13,out,19710.093088679838
V000201,S13,in,19710.093088679838
V000203,S12,out,19714.226974598347
V000204,S12,in,19714.226974598347
V000217,S07,out,19727.823369680234
V000218,S07,in,19727.823369680234
V000206,S11,out,19730.949857930325
V000207,S11,in,19730.949857930325
V000213,S09,out,19741.28341792754
V000214,S09,in,19741.28341792754
V000219,S06,out,19748.31386333422
V000220,S05,out,19752.987751330107
V000220,S06,in,19759.31386333422
V000225,S03,out,19762.11313225531
V000226,S03,in,19762.11313225531
V000229,S02,in,19763.134132987176
V000228,S02,out,19763.134132987176
V000222,S04,in,19763.875207670804
V000221,S04,out,19763.875207670804
V000230,S01,out,19764.59701762589
V000231,S01,in,19764.59701762589
V000221,S05,in,19764.987751330107
V000216,S08,out,19767.663842003305
V000217,S08,in,19767.663842003305
V000202,S13,in,19783.093088679838
V000201,S13,out,19783.093088679838
V000192,S16,in,19783.212157997576
V000191,S16,out,19783.212157997576
V000184,S18,out,19783.715957840854
V000185,S18,in,19783.715957840854
V000219,S07,in,19783.823369680234
V000218,S07,out,19783.823369680234
V000178,S20,in,19783.941603291794
V000177,S20,out,19783.941603291794
V000205,S12,in,19787.226974598347
V000204,S12,out,19787.226974598347
V000182,S19,in,19788.60939972493
V000181,S19,out,19788.60939972493
V000188,S17,out,19788.8628592071
V000189,S17,in,19788.8628592071
V000208,S11,in,19790.949857930325
V000207,S11,out,19790.949857930325
V000214,S09,out,19792.28341792754
V000215,S09,in,19792.28341792754
V000220,S06,out,19820.31386333422
V000221,S05,out,19823.987751330107
V000218,S08,in,19828.663842003305
V000217,S08,out,19828.663842003305
V000226,S03,out,19830.11313225531
V000227,S03,in,19830.11313225531
V000221,S06,in,19830.31386333422
V000229,S02,out,19831.134132987176
V000230,S02,in,19831.134132987176
V000223,S04,in,19831.875207670804
V000222,S04,out,19831.875207670804
V000232,S01,in,19832.59701762589
V000231,S01,out,19832.59701762589
V000222,S05,in,19832.987751330107
V000219,S07,out,19837.823369680234
V000220,S07,in,19837.823369680234
V000203,S13,in,19865.093088679838
V000202,S13,out,19865.093088679838
V000192,S16,out,19865.212157997576
V000193,S16,in,19865.212157997576
V000186,S18,in,19865.715957840854
V000185,S18,out,19865.715957840854
V000178,S20,out,19865.941603291794
V000179,S20,in,19865.941603291794
V000215,S09,out,19868.28341792754
V000216,S09,in,19868.28341792754
V000208,S11,out,19868.949857930325
V000209,S11,in,19868.949857930325
V000206,S12,in,19869.226974598347
V000205,S12,out,19869.226974598347
V000182,S19,out,19870.60939972493
V000183,S19,in,19870.60939972493
V000189,S17,out,19870.8628592071
V000190,S17,in,19870.8628592071
V000221,S06,out,19877.31386333422
V000218,S08,out,19883.663842003305
V000219,S08,in,19883.663842003305
V000222,S05,out,19884.987751330107
V000221,S07,in,19889.823369680234
V000220,S07,out,19889.823369680234
V000228,S03,in,19891.11313225531
V000227,S03,out,19891.11313225531
V000231,S02,in,19892.134132987176
V000230,S02,out,19892.134132987176
V000222,S06,in,19892.31386333422
V000223,S04,out,19892.875207670804
V000224,S04,in,19892.875207670804
V000232,S01,out,19893.59701762589
V000233,S01,in,19893.59701762589
V000223,S05,in,19893.987751330107
V000222,S06,out,19939.31386333422
V000223,S05,out,19939.987751330107
V000223,S06,in,19945.31386333422
V000228,S03,out,19947.11313225531
V000229,S03,in,19947.11313225531
V000224,S04,out,19948.875207670804
V000225,S04,in,19948.875207670804
V000224,S05,in,19949.987751330107
V000232,S02,in,19952.134132987176
V000231,S02,out,19952.134132987176
V000234,S01,in,19953.59701762589
V000233,S01,out,19953.59701762589
V000203,S13,out,19979.093088679838
V000204,S13,in,19979.093088679838
V000193,S16,out,19979.212157997576
V000194,S16,in,19979.212157997576
V000186,S18,out,19979.715957840854
V000187,S18,in,19979.715957840854
V000179,S20,out,19979.941603291794
V000180,S20,in,19979.941603291794
V000222,S07,in,19980.823369680234
V000221,S07,out,19980.823369680234
V000219,S08,out,19981.663842003305
V000220,S08,in,19981.663842003305
V000217,S09,in,19982.28341792754
V000216,S09,out,19982.28341792754
V000209,S11,out,19982.949857930325
V000210,S11,in,19982.949857930325
V000206,S12,out,19983.226974598347
V000207,S12,in,19983.226974598347
V000184,S19,in,19984.60939972493
V000183,S19,out,19984.60939972493
V000191,S17,in,19984.8628592071
V000190,S17,out,19984.8628592071
V000230,S03,in,20003.11313225531
V000229,S03,out,20003.11313225531
V000224,S05,out,20003.987751330107
V000233,S02,in,20004.134132987176
V000232,S02,out,20004.134132987176
V000226,S04,in,20004.875207670804
V000225,S04,out,20004.875207670804
V000234,S01,out,20005.59701762589
V000235,S01,in,20005.59701762589
V000225,S05,in,20005.987751330107
V000223,S06,out,20007.31386333422
V000224,S06,in,20010.31386333422
V000204,S13,out,20054.093088679838
V000205,S13,in,20054.093088679838
V000195,S16,in,20054.212157997576
V000194,S16,out,20054.212157997576
V000187,S18,out,20054.715957840854
V000188,S18,in,20054.715957840854
V000180,S20,out,20054.941603291794
V000181,S20,in,20054.941603291794
V000223,S07,in,20055.823369680234
V000222,S07,out,20055.823369680234
V000221,S08,in,20056.663842003305
V000220,S08,out,20056.663842003305
V000217,S09,out,20057.28341792754
V000218,S09,in,20057.28341792754
V000210,S11,out,20057.949857930325
V000211,S11,in,20057.949857930325
V000208,S12,in,20058.226974598347
V000207,S12,out,20058.226974598347
V000185,S19,in,20059.60939972493
V000184,S19,out,20059.60939972493
V000191,S17,out,20059.8628592071
V000192,S17,in,20059.8628592071
V000225,S05,out,20068.987751330107
V000224,S06,out,20071.31386333422
V000225,S06,in,20075.31386333422
V000230,S03,out,20077.11313225531
V000231,S03,in,20077.11313225531
V000234,S02,in,20078.134132987176
V000233,S02,out,20078.134132987176
V000227,S04,in,20078.875207670804
V000226,S04,out,20078.875207670804
V000235,S01,out,20079.59701762589
V000236,S01,in,20079.59701762589
V000226,S05,in,20079.987751330107
V000227,S04,out,20131.875207670804
V000228,S04,in,20131.875207670804
V000231,S03,out,20133.11313225531
V000232,S03,in,20133.11313225531
V000234,S02,out,20134.134132987176
V000235,S02,in,20134.134132987176
V000225,S06,out,20134.31386333422
V000236,S01,out,20135.59701762589
V000237,S01,in,20135.59701762589
V000205,S13,out,20137.093088679838
V000206,S13,in,20137.093088679838
V000195,S16,out,20137.212157997576
V000196,S16,in,20137.212157997576
V000188,S18,out,20137.715957840854
V000189,S18,in,20137.715957840854
V000182,S20,in,20137.941603291794
V000181,S20,out,20137.941603291794
V000223,S07,out,20138.823369680234
V000224,S07,in,20138.823369680234
V000221,S08,out,20139.663842003305
V000222,S08,in,20139.663842003305
V000219,S09,in,20140.28341792754
V000218,S09,out,20140.28341792754
V000211,S11,out,20140.949857930325
V000212,S11,in,20140.949857930325
V000208,S12,out,20141.226974598347
V000209,S12,in,20141.226974598347
V000185,S19,out,20142.60939972493
V000186,S19,in,20142.60939972493
V000192,S17,out,20142.8628592071
V000193,S17,in,20142.8628592071
V000227,S05,in,20186.987751330107
V000226,S05,out,20186.987751330107
V000232,S03,out,20189.11313225531
V000233,S03,in,20189.11313225531
V000228,S04,out,20190.875207670804
V000229,S04,in,20190.875207670804
V000235,S02,out,20194.134132987176
V000236,S02,in,20194.134132987176
V000226,S06,in,20194.31386333422
V000238,S01,in,20195.59701762589
V000237,S01,out,20195.59701762589
V000207,S13,in,20222.093088679838
V000206,S13,out,20222.093088679838
V000196,S16,out,20222.212157997576
V000197,S16,in,20222.212157997576
V000189,S18,out,20222.715957840854
V000190,S18,in,20222.715957840854
V000182,S20,out,20222.941603291794
V000183,S20,in,20222.941603291794
V000224,S07,out,20223.823369680234
V000225,S07,in,20223.823369680234
V000222,S08,out,20224.663842003305
V000223,S08,in,20224.663842003305
V000220,S09,in,20225.28341792754
V000219,S09,out,20225.28341792754
V000212,S11,out,20225.949857930325
V000213,S11,in,20225.949857930325
V000209,S12,out,20226.226974598347
V000210,S12,in,20226.226974598347
V000187,S19,in,20227.60939972493
V000186,S19,out,20227.60939972493
V000193,S17,out,20227.8628592071
V000194,S17,in,20227.8628592071
V000227,S05,out,20240.987751330107
V000228,S05,in,20240.987751330107
V000229,S04,out,20243.875207670804
V000230,S04,in,20243.875207670804
V000226,S06,out,20244.31386333422
V000234,S03,in,20247.11313225531
V000233,S03,out,20247.11313225531
V000227,S06,in,20247.31386333422
V000236,S02,out,20255.134132987176
V000237,S02,in,20255.134132987176
V000238,S01,out,20256.59701762589
V000239,S01,in,20256.59701762589
V000207,S13,out,20293.093088679838
V000208,S13,in,20293.093088679838
V000198,S16,in,20293.212157997576
V000197,S16,out,20293.212157997576
V000190,S18,out,20293.715957840854
V000191,S18,in,20293.715957840854
V000183,S20,out,20293.941603291794
V000184,S20,in,20293.941603291794
V000226,S07,in,20294.823369680234
V000225,S07,out,20294.823369680234
V000223,S08,out,20295.663842003305
V000224,S08,in,20295.663842003305
V000228,S05,out,20295.987751330107
V000229,S05,in,20295.987751330107
V000220,S09,out,20296.28341792754
V000221,S09,in,20296.28341792754
V000214,S11,in,20296.949857930325
V000213,S11,out,20296.949857930325
V000211,S12,in,20297.226974598347
V000210,S12,out,20297.226974598347
V000227,S06,out,20297.31386333422
V000188,S19,in,20298.60939972493
V000187,S19,out,20298.60939972493
V000195,S17,in,20298.8628592071
V000194,S17,out,20298.8628592071
V000234,S03,out,20301.11313225531
V000235,S03,in,20301.11313225531
V000231,S04,in,20302.875207670804
V000230,S04,out,20302.875207670804
V000228,S06,in,20304.31386333422
V000237,S02,out,20314.134132987176
V000238,S02,in,20314.134132987176
V000240,S01,in,20315.59701762589
V000239,S01,out,20315.59701762589
V000229,S05,out,20349.987751330107
V000230,S05,in,20349.987751330107
V000235,S03,out,20364.11313225531
V000236,S03,in,20364.11313225531
V000232,S04,in,20365.875207670804
V000231,S04,out,20365.875207670804
V000209,S13,in,20366.093088679838
V000208,S13,out,20366.093088679838
V000198,S16,out,20366.212157997576
V000199,S16,in,20366.212157997576
V000228,S06,out,20366.31386333422
V000229,S06,in,20366.31386333422
V000191,S18,out,20366.715957840854
V000192,S18,in,20366.715957840854
V000185,S20,in,20366.941603291794
V000184,S20,out,20366.941603291794
V000226,S07,out,20367.823369680234
V000227,S07,in,20367.823369680234
V000224,S08,out,20368.663842003305
V000225,S08,in,20368.663842003305
V000222,S09,in,20369.28341792754
V000221,S09,out,20369.28341792754
V000215,S11,in,20369.949857930325
V000214,S11,out,20369.949857930325
V000212,S12,in,20370.226974598347
V000211,S12,out,20370.226974598347
V000188,S19,out,20371.60939972493
V000189,S19,in,20371.60939972493
V000195,S17,out,20371.8628592071
V000196,S17,in,20371.8628592071
V000238,S02,out,20376.134132987176
V000239,S02,in,20376.134132987176
V000240,S01,out,20377.59701762589
V000241,S01,in,20377.59701762589
V000229,S06,out,20407.31386333422
V000231,S05,in,20408.987751330107
V000230,S05,out,20408.987751330107
V000230,S06,in,20415.31386333422
V000230,S06,in,20415.31386333422
V000236,S03,out,20418.11313225531
V000237,S03,in,20418.11313225531
V000232,S04,out,20419.875207670804
V000233,S04,in,20419.875207670804
V000240,S02,in,20436.134132987176
V000239,S02,out,20436.134132987176
V000242,S01,in,20437.59701762589
V000241,S01,out,20437.59701762589
V000209,S13,out,20441.093088679838
V000210,S13,in,20441.093088679838
V000199,S16,out,20441.212157997576
V000200,S16,in,20441.212157997576
V000193,S18,in,20441.715957840854
V000192,S18,out,20441.715957840854
V000185,S20,out,20441.941603291794
V000186,S20,in,20441.941603291794
V000228,S07,in,20442.823369680234
V000227,S07,out,20442.823369680234
V000225,S08,out,20443.663842003305
V000226,S08,in,20443.663842003305
V000222,S09,out,20444.28341792754
V000223,S09,in,20444.28341792754
V000216,S11,in,20444.949857930325
V000215,S11,out,20444.949857930325
V000213,S12,in,20445.226974598347
V000212,S12,out,20445.226974598347
V000190,S19,in,20446.60939972493
V000189,S19,out,20446.60939972493
V000197,S17,in,20446.8628592071
V000196,S17,out,20446.8628592071
V000230,S06,out,20464.31386333422
V000231,S05,out,20466.987751330107
V000232,S05,in,20466.987751330107
V000231,S06,in,20473.31386333422
V000238,S03,in,20484.11313225531
V000237,S03,out,20484.11313225531
V000234,S04,in,20485.875207670804
V000233,S04,out,20485.875207670804
V000240,S02,out,20497.134132987176
V000241,S02,in,20497.134132987176
V000243,S01,in,20498.59701762589
V000242,S01,out,20498.59701762589
V000200,S16,out,20522.212157997576
V000201,S16,in,20522.212157997576
V000193,S18,out,20522.715957840854
V000194,S18,in,20522.715957840854
V000187,S20,in,20522.941603291794
V000186,S20,out,20522.941603291794
V000232,S05,out,20523.987751330107
V000233,S05,in,20523.987751330107
V000190,S19,out,20527.60939972493
V000191,S19,in,20527.60939972493
V000198,S17,in,20527.8628592071
V000197,S17,out,20527.8628592071
V000210,S13,out,20540.093088679838
V000211,S13,in,20540.093088679838
V000229,S07,in,20541.823369680234
V000228,S07,out,20541.823369680234
V000231,S06,out,20542.31386333422
V000232,S06,in,20542.31386333422
V000227,S08,in,20542.663842003305
V000226,S08,out,20542.663842003305
V000224,S09,in,20543.28341792754
V000223,S09,out,20543.28341792754
V000217,S11,in,20543.949857930325
V000216,S11,out,20543.949857930325
V000214,S12,in,20544.226974598347
V000213,S12,out,20544.226974598347
V000238,S03,out,20545.11313225531
V000239,S03,in,20545.11313225531
V000235,S04,in,20546.875207670804
V000234,S04,out,20546.875207670804
V000241,S02,out,20565.134132987176
V000242,S02,in,20565.134132987176
V000243,S01,out,20566.59701762589
V000244,S01,in,20566.59701762589
V000234,S05,in,20579.987751330107
V000233,S05,out,20579.987751330107
V000240,S03,in,20600.11313225531
V000239,S03,out,20600.11313225531
V000236,S04,in,20601.875207670804
V000235,S04,out,20601.875207670804
V000242,S02,out,20620.134132987176
V000243,S02,in,20620.134132987176
V000212,S13,in,20629.093088679838
V000211,S13,out,20629.093088679838
V000202,S16,in,20629.212157997576
V000201,S16,out,20629.212157997576
V000244,S01,out,20629.59701762589
V000245,S01,in,20629.59701762589
V000194,S18,out,20629.715957840854
V000195,S18,in,20629.715957840854
V000188,S20,in,20629.941603291794
V000187,S20,out,20629.941603291794
V000230,S07,in,20630.823369680234
V000229,S07,out,20630.823369680234
V000229,S07,out,20630.823369680234
V000232,S06,out,20631.31386333422
V000233,S06,in,20631.31386333422
V000228,S08,in,20631.663842003305
V000227,S08,out,20631.663842003305
V000225,S09,in,20632.28341792754
V000224,S09,out,20632.28341792754
V000218,S11,in,20632.949857930325
V000217,S11,out,20632.949857930325
V000215,S12,in,20633.226974598347
V000214,S12,out,20633.226974598347
V000234,S05,out,20633.987751330107
V000235,S05,in,20633.987751330107
V000192,S19,in,20634.60939972493
V000191,S19,out,20634.60939972493
V000199,S17,in,20634.8628592071
V000198,S17,out,20634.8628592071
V000241,S03,in,20656.11313225531
V000240,S03,out,20656.11313225531
V000237,S04,in,20657.875207670804
V000236,S04,out,20657.875207670804
V000243,S02,out,20673.134132987176
V000244,S02,in,20673.134132987176
V000246,S01,in,20682.59701762589
V000245,S01,out,20682.59701762589
V000236,S05,in,20683.987751330107
V000235,S05,out,20683.987751330107
V000242,S03,in,20708.11313225531
V000241,S03,out,20708.11313225531
V000237,S04,out,20709.875207670804
V000238,S04,in,20709.875207670804
V000244,S02,out,20726.134132987176
V000245,S02,in,20726.134132987176
V000246,S01,out,20740.59701762589
V000247,S01,in,20740.59701762589
V000212,S13,out,20741.093088679838
V000213,S13,in,20741.093088679838
V000203,S16,in,20741.212157997576
V000202,S16,out,20741.212157997576
V000196,S18,in,20741.715957840854
V000195,S18,out,20741.715957840854
V000189,S20,in,20741.941603291794
V000188,S20,out,20741.941603291794
V000230,S07,out,20742.823369680234
V000231,S07,in,20742.823369680234
V000233,S06,out,20743.31386333422
V000234,S06,in,20743.31386333422
V000228,S08,out,20743.663842003305
V000229,S08,in,20743.663842003305
V000226,S09,in,20744.28341792754
V000225,S09,out,20744.28341792754
V000219,S11,in,20744.949857930325
V000218,S11,out,20744.949857930325
V000237,S05,in,20744.987751330107
V000236,S05,out,20744.987751330107
V000215,S12,out,20745.226974598347
V000216,S12,in,20745.226974598347
V000193,S19,in,20746.60939972493
V000192,S19,out,20746.60939972493
V000200,S17,in,20746.8628592071
V000199,S17,out,20746.8628592071
V000242,S03,out,20768.11313225531
V000243,S03,in,20768.11313225531
V000239,S04,in,20769.875207670804
V000238,S04,out,20769.875207670804
V000245,S02,out,20784.134132987176
V000246,S02,in,20784.134132987176
V000247,S01,out,20794.59701762589
V000248,S01,in,20794.59701762589
V000237,S05,out,20808.987751330107
V000238,S05,in,20808.987751330107
V000239,S04,out,20831.875207670804
V000240,S04,in,20831.875207670804
V000214,S13,in,20835.093088679838
V000213,S13,out,20835.093088679838
V000204,S16,in,20835.212157997576
V000203,S16,out,20835.212157997576
V000196,S18,out,20835.715957840854
V000197,S18,in,20835.715957840854
V000189,S20,out,20835.941603291794
V000190,S20,in,20835.941603291794
V000231,S07,out,20836.823369680234
V000232,S07,in,20836.823369680234
V000234,S06,out,20837.31386333422
V000235,S06,in,20837.31386333422
V000229,S08,out,20837.663842003305
V000230,S08,in,20837.663842003305
V000226,S09,out,20838.28341792754
V000227,S09,in,20838.28341792754
V000220,S11,in,20838.949857930325
V000219,S11,out,20838.949857930325
V000216,S12,out,20839.226974598347
V000217,S12,in,20839.226974598347
V000194,S19,in,20840.60939972493
V000193,S19,out,20840.60939972493
V000201,S17,in,20840.8628592071
V000200,S17,out,20840.8628592071
V000243,S03,out,20847.11313225531
V000244,S03,in,20847.11313225531
V000246,S02,out,20848.134132987176
V000247,S02,in,20848.134132987176
V000249,S01,in,20849.59701762589
V000248,S01,out,20849.59701762589
V000238,S05,out,20861.987751330107
V000239,S05,in,20861.987751330107
V000241,S04,in,20892.875207670804
V000240,S04,out,20892.875207670804
V000244,S03,out,20899.11313225531
V000245,S03,in,20899.11313225531
V000248,S02,in,20900.134132987176
V000247,S02,out,20900.134132987176
V000249,S01,out,20909.59701762589
V000250,S01,in,20909.59701762589
V000214,S13,out,20915.093088679838
V000215,S13,in,20915.093088679838
V000204,S16,out,20915.212157997576
V000205,S16,in,20915.212157997576
V000197,S18,out,20915.715957840854
V000198,S18,in,20915.715957840854
V000190,S20,out,20915.941603291794
V000191,S20,in,20915.941603291794
V000233,S07,in,20916.823369680234
V000232,S07,out,20916.823369680234
V000235,S06,out,20917.31386333422
V000236,S06,in,20917.31386333422
V000231,S08,in,20917.663842003305
V000230,S08,out,20917.663842003305
V000240,S05,in,20917.987751330107
V000239,S05,out,20917.987751330107
V000228,S09,in,20918.28341792754
V000227,S09,out,20918.28341792754
V000220,S11,out,20918.949857930325
V000221,S11,in,20918.949857930325
V000217,S12,out,20919.226974598347
V000218,S12,in,20919.226974598347
V000194,S19,out,20920.60939972493
V000194,S19,out,20920.60939972493
V000195,S19,in,20920.60939972493
V000202,S17,in,20920.8628592071
V000201,S17,out,20920.8628592071
V000246,S03,in,20953.11313225531
V000245,S03,out,20953.11313225531
V000248,S02,out,20954.134132987176
V000249,S02,in,20954.134132987176
V000242,S04,in,20954.875207670804
V000241,S04,out,20954.875207670804
V000251,S01,in,20969.59701762589
V000250,S01,out,20969.59701762589
V000216,S13,in,20993.093088679838
V000215,S13,out,20993.093088679838
V000205,S16,out,20993.212157997576
V000206,S16,in,20993.212157997576
V000199,S18,in,20993.715957840854
V000198,S18,out,20993.715957840854
V000191,S20,out,20993.941603291794
V000192,S20,in,20993.941603291794
V000241,S05,in,20993.987751330107
V000240,S05,out,20993.987751330107
V000233,S07,out,20994.823369680234
V000234,S07,in,20994.823369680234
V000236,S06,out,20995.31386333422
V000237,S06,in,20995.31386333422
V000232,S08,in,20995.663842003305
V000231,S08,out,20995.663842003305
V000228,S09,out,20996.28341792754
V000229,S09,in,20996.28341792754
V000222,S11,in,20996.949857930325
V000221,S11,out,20996.949857930325
V000218,S12,out,20997.226974598347
V000219,S12,in,20997.226974598347
V000195,S19,out,20998.60939972493
V000196,S19,in,20998.60939972493
V000202,S17,out,20998.8628592071
V000203,S17,in,20998.8628592071
V000246,S03,out,21018.11313225531
V000247,S03,in,21018.11313225531
V000250,S02,in,21019.134132987176
V000249,S02,out,21019.134132987176
V000242,S04,out,21019.875207670804
V000243,S04,in,21019.875207670804
V000252,S01,in,21024.59701762589
V000251,S01,out,21024.59701762589
V000248,S03,in,21071.11313225531
V000247,S03,out,21071.11313225531
V000244,S04,in,21072.875207670804
V000243,S04,out,21072.875207670804
V000251,S02,in,21073.134132987176
V000250,S02,out,21073.134132987176
V000217,S13,in,21079.093088679838
V000216,S13,out,21079.093088679838
V000207,S16,in,21079.212157997576
V000206,S16,out,21079.212157997576
V000199,S18,out,21079.715957840854
V000200,S18,in,21079.715957840854
V000193,S20,in,21079.941603291794
V000192,S20,out,21079.941603291794
V000242,S05,in,21079.987751330107
V000241,S05,out,21079.987751330107
V000253,S01,in,21080.59701762589
V000252,S01,out,21080.59701762589
V000235,S07,in,21080.823369680234
V000234,S07,out,21080.823369680234
V000237,S06,out,21081.31386333422
V000238,S06,in,21081.31386333422
V000233,S08,in,21081.663842003305
V000232,S08,out,21081.663842003305
V000230,S09,in,21082.28341792754
V000229,S09,out,21082.28341792754
V000223,S11,in,21082.949857930325
V000222,S11,out,21082.949857930325
V000220,S12,in,21083.226974598347
V000219,S12,out,21083.226974598347
V000197,S19,in,21084.60939972493
V000196,S19,out,21084.60939972493
V000204,S17,in,21084.8628592071
V000203,S17,out,21084.8628592071
V000248,S03,out,21134.11313225531
V000249,S03,in,21134.11313225531
V000251,S02,out,21135.134132987176
V000252,S02,in,21135.134132987176
V000245,S04,in,21135.875207670804
V000244,S04,out,21135.875207670804
V000253,S01,out,21136.59701762589
V000254,S01,in,21136.59701762589
V000217,S13,out,21158.093088679838
V000218,S13,in,21158.093088679838
V000208,S16,in,21158.212157997576
V000207,S16,out,21158.212157997576
V000200,S18,out,21158.715957840854
V000201,S18,in,21158.715957840854
V000194,S20,in,21158.941603291794
V000193,S20,out,21158.941603291794
V000242,S05,out,21158.987751330107
V000243,S05,in,21158.987751330107
V000236,S07,in,21159.823369680234
V000239,S06,in,21160.31386333422
V000238,S06,out,21160.31386333422
V000234,S08,in,21160.663842003305
V000233,S08,out,21160.663842003305
V000230,S09,out,21161.28341792754
V000231,S09,in,21161.28341792754
V000223,S11,out,21161.949857930325
V000224,S11,in,21161.949857930325
V000221,S12,in,21162.226974598347
V000220,S12,out,21162.226974598347
V000197,S19,out,21163.60939972493
V000198,S19,in,21163.60939972493
V000204,S17,out,21163.8628592071
V000205,S17,in,21163.8628592071
V000245,S04,out,21191.875207670804
V000246,S04,in,21191.875207670804
V000250,S03,in,21192.11313225531
V000249,S03,out,21192.11313225531
V000253,S02,in,21193.134132987176
V000252,S02,out,21193.134132987176
V000255,S01,in,21197.59701762589
V000254,S01,out,21197.59701762589
V000251,S03,in,21247.11313225531
V000250,S03,out,21247.11313225531
V000247,S04,in,21248.875207670804
V000246,S04,out,21248.875207670804
V000254,S02,in,21249.134132987176
V000253,S02,out,21249.134132987176
V000256,S01,in,21250.59701762589
V000255,S01,out,21250.59701762589
V000218,S13,out,21252.093088679838
V000219,S13,in,21252.093088679838
V000208,S16,out,21252.212157997576
V000209,S16,in,21252.212157997576
V000202,S18,in,21252.715957840854
V000201,S18,out,21252.715957840854
V000195,S20,in,21252.941603291794
V000194,S20,out,21252.941603291794
V000244,S05,in,21252.987751330107
V000243,S05,out,21252.987751330107
V000236,S07,out,21253.823369680234
V000237,S07,in,21253.823369680234
V000239,S06,out,21254.31386333422
V000240,S06,in,21254.31386333422
V000235,S08,in,21254.663842003305
V000234,S08,out,21254.663842003305
V000232,S09,in,21255.28341792754
V000231,S09,out,21255.28341792754
V000225,S11,in,21255.949857930325
V000224,S11,out,21255.949857930325
V000222,S12,in,21256.226974598347
V000221,S12,out,21256.226974598347
V000199,S19,in,21257.60939972493
V000198,S19,out,21257.60939972493
V000205,S17,out,21257.8628592071
V000206,S17,in,21257.8628592071
V000252,S03,in,21311.11313225531
V000251,S03,out,21311.11313225531
V000254,S02,out,21312.134132987176
V000255,S02,in,21312.134132987176
V000248,S04,in,21312.875207670804
V000247,S04,out,21312.875207670804
V000257,S01,in,21313.59701762589
V000256,S01,out,21313.59701762589
V000220,S13,in,21321.093088679838
V000219,S13,out,21321.093088679838
V000210,S16,in,21321.212157997576
V000209,S16,out,21321.212157997576
V000202,S18,out,21321.715957840854
V000203,S18,in,21321.715957840854
V000195,S20,out,21321.941603291794
V000196,S20,in,21321.941603291794
V000245,S05,in,21321.987751330107
V000244,S05,out,21321.987751330107
V000237,S07,out,21322.823369680234
V000238,S07,in,21322.823369680234
V000240,S06,out,21323.31386333422
V000241,S06,in,21323.31386333422
V000236,S08,in,21323.663842003305
V000235,S08,out,21323.663842003305
V000233,S09,in,21324.28341792754
V000232,S09,out,21324.28341792754
V000225,S11,out,21324.949857930325
V000226,S11,in,21324.949857930325
V000223,S12,in,21325.226974598347
V000222,S12,out,21325.226974598347
V000199,S19,out,21326.60939972493
V000200,S19,in,21326.60939972493
V000207,S17,in,21326.8628592071
V000206,S17,out,21326.8628592071
V000252,S03,out,21377.11313225531
V000253,S03,in,21377.11313225531
V000255,S02,out,21378.134132987176
V000256,S02,in,21378.134132987176
V000248,S04,out,21378.875207670804
V000249,S04,in,21378.875207670804
V000258,S01,in,21379.59701762589
V000257,S01,out,21379.59701762589
V000221,S13,in,21419.093088679838
V000220,S13,out,21419.093088679838
V000210,S16,out,21419.212157997576
V000211,S16,in,21419.212157997576
V000203,S18,out,21419.715957840854
V000204,S18,in,21419.715957840854
V000196,S20,out,21419.941603291794
V000197,S20,in,21419.941603291794
V000246,S05,in,21419.987751330107
V000245,S05,out,21419.987751330107
V000239,S07,in,21420.823369680234
V000238,S07,out,21420.823369680234
V000241,S06,out,21421.31386333422
V000242,S06,in,21421.31386333422
V000236,S08,out,21421.663842003305
V000237,S08,in,21421.663842003305
V000233,S09,out,21422.28341792754
V000234,S09,in,21422.28341792754
V000227,S11,in,21422.949857930325
V000226,S11,out,21422.949857930325
V000224,S12,in,21423.226974598347
V000223,S12,out,21423.226974598347
V000200,S19,out,21424.60939972493
V000201,S19,in,21424.60939972493
V000207,S17,out,21424.8628592071
V000208,S17,in,21424.8628592071
V000254,S03,in,21438.11313225531
V000253,S03,out,21438.11313225531
V000257,S02,in,21439.134132987176
V000256,S02,out,21439.134132987176
V000250,S04,in,21439.875207670804
V000249,S04,out,21439.875207670804
V000258,S01,out,21440.59701762589
V000259,S01,in,21440.59701762589
V000222,S13,in,21494.093088679838
V000221,S13,out,21494.093088679838
V000212,S16,in,21494.212157997576
V000211,S16,out,21494.212157997576
V000204,S18,out,21494.715957840854
V000205,S18,in,21494.715957840854
V000197,S20,out,21494.941603291794
V000198,S20,in,21494.941603291794
V000246,S05,out,21494.987751330107
V000247,S05,in,21494.987751330107
V000240,S07,in,21495.823369680234
V000239,S07,out,21495.823369680234
V000243,S06,in,21496.31386333422
V000242,S06,out,21496.31386333422
V000238,S08,in,21496.663842003305
V000237,S08,out,21496.663842003305
V000235,S09,in,21497.28341792754
V000234,S09,out,21497.28341792754
V000228,S11,in,21497.949857930325
V000227,S11,out,21497.949857930325
V000255,S03,in,21498.11313225531
V000254,S03,out,21498.11313225531
V000225,S12,in,21498.226974598347
V000224,S12,out,21498.226974598347
V000258,S02,in,21499.134132987176
V000202,S19,in,21499.60939972493
V000201,S19,out,21499.60939972493
V000209,S17,in,21499.8628592071
V000208,S17,out,21499.8628592071
V000250,S04,out,21499.875207670804
V000251,S04,in,21499.875207670804
V000260,S01,in,21500.59701762589
V000259,S01,out,21500.59701762589
V000223,S13,in,21583.093088679838
V000222,S13,out,21583.093088679838
V000212,S16,out,21583.212157997576
V000213,S16,in,21583.212157997576
V000205,S18,out,21583.715957840854
V000206,S18,in,21583.715957840854
V000198,S20,out,21583.941603291794
V000199,S20,in,21583.941603291794
V000247,S05,out,21583.987751330107
V000248,S05,in,21583.987751330107
V000241,S07,in,21584.823369680234
V000240,S07,out,21584.823369680234
V000244,S06,in,21585.31386333422
V000243,S06,out,21585.31386333422
V000239,S08,in,21585.663842003305
V000238,S08,out,21585.663842003305
V000236,S09,in,21586.28341792754
V000235,S09,out,21586.28341792754
V000229,S11,in,21586.949857930325
V000228,S11,out,21586.949857930325
V000226,S12,in,21587.226974598347
V000225,S12,out,21587.226974598347
V000203,S19,in,21588.60939972493
V000202,S19,out,21588.60939972493
V000210,S17,in,21588.8628592071
V000209,S17,out,21588.8628592071
V000256,S03,in,21613.11313225531
V000255,S03,out,21613.11313225531
V000259,S02,in,21614.134132987176
V000258,S02,out,21614.134132987176
V000252,S04,in,21614.875207670804
V000251,S04,out,21614.875207670804
V000261,S01,in,21615.59701762589
V000260,S01,out,21615.59701762589
V000223,S13,out,21672.093088679838
V000224,S13,in,21672.093088679838
V000214,S16,in,21672.212157997576
V000213,S16,out,21672.212157997576
V000206,S18,out,21672.715957840854
V000207,S18,in,21672.715957840854
V000200,S20,in,21672.941603291794
V000199,S20,out,21672.941603291794
V000249,S05,in,21672.987751330107
V000248,S05,out,21672.987751330107
V000242,S07,in,21673.823369680234
V000241,S07,out,21673.823369680234
V000244,S06,out,21674.31386333422
V000245,S06,in,21674.31386333422
V000239,S08,out,21674.663842003305
V000240,S08,in,21674.663842003305
V000237,S09,in,21675.28341792754
V000236,S09,out,21675.28341792754
V000229,S11,out,21675.949857930325
V000230,S11,in,21675.949857930325
V000256,S03,out,21676.11313225531
V000257,S03,in,21676.11313225531
V000226,S12,out,21676.226974598347
V000227,S12,in,21676.226974598347
V000259,S02,out,21677.134132987176
V000260,S02,in,21677.134132987176
V000204,S19,in,21677.60939972493
V000203,S19,out,21677.60939972493
V000210,S17,out,21677.8628592071
V000211,S17,in,21677.8628592071
V000253,S04,in,21677.875207670804
V000252,S04,out,21677.875207670804
V000261,S01,out,21678.59701762589
V000262,S01,in,21678.59701762589
V000225,S13,in,21762.093088679838
V000224,S13,out,21762.093088679838
V000215,S16,in,21762.212157997576
V000214,S16,out,21762.212157997576
V000208,S18,in,21762.715957840854
V000207,S18,out,21762.715957840854
V000201,S20,in,21762.941603291794
V000200,S20,out,21762.941603291794
V000249,S05,out,21762.987751330107
V000250,S05,in,21762.987751330107
V000257,S03,out,21763.11313225531
V000258,S03,in,21763.11313225531
V000243,S07,in,21763.823369680234
V000242,S07,out,21763.823369680234
V000261,S02,in,21764.134132987176
V000260,S02,out,21764.134132987176
V000246,S06,in,21764.31386333422
V000245,S06,out,21764.31386333422
V000240,S08,out,21764.663842003305
V000241,S08,in,21764.663842003305
V000254,S04,in,21764.875207670804
V000253,S04,out,21764.875207670804
V000237,S09,out,21765.28341792754
V000238,S09,in,21765.28341792754
V000262,S01,out,21765.59701762589
V000263,S01,in,21765.59701762589
V000230,S11,out,21765.949857930325
V000231,S11,in,21765.949857930325
V000227,S12,out,21766.226974598347
V000228,S12,in,21766.226974598347
V000205,S19,in,21767.60939972493
V000204,S19,out,21767.60939972493
V000211,S17,out,21767.8628592071
V000212,S17,in,21767.8628592071
V000225,S13,out,21852.093088679838
V000226,S13,in,21852.093088679838
V000215,S16,out,21852.212157997576
V000216,S16,in,21852.212157997576
V000209,S18,in,21852.715957840854
V000208,S18,out,21852.715957840854
V000201,S20,out,21852.941603291794
V000202,S20,in,21852.941603291794
V000250,S05,out,21852.987751330107
V000251,S05,in,21852.987751330107
V000259,S03,in,21853.11313225531
V000258,S03,out,21853.11313225531
V000244,S07,in,21853.823369680234
V000243,S07,out,21853.823369680234
V000261,S02,out,21854.134132987176
V000262,S02,in,21854.134132987176
V000246,S06,out,21854.31386333422
V000247,S06,in,21854.31386333422
V000241,S08,out,21854.663842003305
V000242,S08,in,21854.663842003305
V000255,S04,in,21854.875207670804
V000254,S04,out,21854.875207670804
V000238,S09,out,21855.28341792754
V000239,S09,in,21855.28341792754
V000263,S01,out,21855.59701762589
V000264,S01,in,21855.59701762589
V000232,S11,in,21855.949857930325
V000231,S11,out,21855.949857930325
V000229,S12,in,21856.226974598347
V000228,S12,out,21856.226974598347
V000205,S19,out,21857.60939972493
V000206,S19,in,21857.60939972493
V000212,S17,out,21857.8628592071
V000213,S17,in,21857.8628592071
V000226,S13,out,21926.093088679838
V000227,S13,in,21926.093088679838
V000216,S16,out,21926.212157997576
V000217,S16,in,21926.212157997576
V000210,S18,in,21926.715957840854
V000209,S18,out,21926.715957840854
V000202,S20,out,21926.941603291794
V000203,S20,in,21926.941603291794
V000232,S11,out,21929.949857930325
V000233,S11,in,21929.949857930325
V000229,S12,out,21930.226974598347
V000230,S12,in,21930.226974598347
V000206,S19,out,21931.60939972493
V000207,S19,in,21931.60939972493
V000214,S17,in,21931.8628592071
V000213,S17,out,21931.8628592071
V000228,S13,in,22006.093088679838
V000227,S13,out,22006.093088679838
V000218,S16,in,22006.212157997576
V000217,S16,out,22006.212157997576
V000211,S18,in,22006.715957840854
V000210,S18,out,22006.715957840854
V000203,S20,out,22006.941603291794
V000204,S20,in,22006.941603291794
V000234,S11,in,22009.949857930325
V000233,S11,out,22009.949857930325
V000231,S12,in,22010.226974598347
V000230,S12,out,22010.226974598347
V000207,S19,out,22011.60939972493
V000208,S19,in,22011.60939972493
V000214,S17,out,22011.8628592071
V000215,S17,in,22011.8628592071
V000228,S13,out,22099.093088679838
V000229,S13,in,22099.093088679838
V000218,S16,out,22099.212157997576
V000219,S16,in,22099.212157997576
V000211,S18,out,22099.715957840854
V000212,S18,in,22099.715957840854
V000205,S20,in,22099.941603291794
V000204,S20,out,22099.941603291794
V000234,S11,out,22102.949857930325
V000232,S12,in,22103.226974598347
V000231,S12,out,22103.226974598347
V000209,S19,in,22104.60939972493
V000208,S19,out,22104.60939972493
V000216,S17,in,22104.8628592071
V000215,S17,out,22104.8628592071
V000230,S13,in,22188.093088679838
V000229,S13,out,22188.093088679838
V000219,S16,out,22188.212157997576
V000220,S16,in,22188.212157997576
V000213,S18,in,22188.715957840854
V000212,S18,out,22188.715957840854
V000206,S20,in,22188.941603291794
V000205,S20,out,22188.941603291794
V000233,S12,in,22192.226974598347
V000232,S12,out,22192.226974598347
V000209,S19,out,22193.60939972493
V000210,S19,in,22193.60939972493
V000216,S17,out,22193.8628592071
V000217,S17,in,22193.8628592071
V000231,S13,in,22261.093088679838
V000230,S13,out,22261.093088679838
V000220,S16,out,22261.212157997576
V000221,S16,in,22261.212157997576
V000213,S18,out,22261.715957840854
V000214,S18,in,22261.715957840854
V000207,S20,in,22261.941603291794
V000206,S20,out,22261.941603291794
V000233,S12,out,22265.226974598347
V000234,S12,in,22265.226974598347
V000210,S19,out,22266.60939972493
V000211,S19,in,22266.60939972493
V000217,S17,out,22266.8628592071
V000218,S17,in,22266.8628592071
V000251,S05,out,22312.987751330107
V000252,S05,in,22312.987751330107
V000259,S03,out,22313.11313225531
V000260,S03,in,22313.11313225531
V000245,S07,in,22313.823369680234
V000244,S07,out,22313.823369680234
V000263,S02,in,22314.134132987176
V000262,S02,out,22314.134132987176
V000247,S06,out,22314.31386333422
V000248,S06,in,22314.31386333422
V000243,S08,in,22314.663842003305
V000242,S08,out,22314.663842003305
V000255,S04,out,22314.875207670804
V000256,S04,in,22314.875207670804
V000240,S09,in,22315.28341792754
V000239,S09,out,22315.28341792754
V000265,S01,in,22315.59701762589
V000264,S01,out,22315.59701762589
V000235,S11,in,22318.949857930325
V000232,S13,in,22352.093088679838
V000231,S13,out,22352.093088679838
V000221,S16,out,22352.212157997576
V000222,S16,in,22352.212157997576
V000215,S18,in,22352.715957840854
V000214,S18,out,22352.715957840854
V000207,S20,out,22352.941603291794
V000208,S20,in,22352.941603291794
V000234,S12,out,22356.226974598347
V000211,S19,out,22357.60939972493
V000212,S19,in,22357.60939972493
V000218,S17,out,22357.8628592071
V000219,S17,in,22357.8628592071
V000241,S09,in,22373.28341792754
V000240,S09,out,22373.28341792754
V000235,S11,out,22375.949857930325
V000252,S05,out,22375.987751330107
V000253,S05,in,22375.987751330107
V000260,S03,out,22376.11313225531
V000261,S03,in,22376.11313225531
V000246,S07,in,22376.823369680234
V000245,S07,out,22376.823369680234
V000236,S11,in,22376.949857930325
V000263,S02,out,22377.134132987176
V000264,S02,in,22377.134132987176
V000249,S06,in,22377.31386333422
V000248,S06,out,22377.31386333422
V000244,S08,in,22377.663842003305
V000243,S08,out,22377.663842003305
V000257,S04,in,22377.875207670804
V000256,S04,out,22377.875207670804
V000265,S01,out,22378.59701762589
V000266,S01,in,22378.59701762589
V000235,S12,in,22382.226974598347
V000236,S11,out,22427.949857930325
V000237,S11,in,22439.949857930325
V000232,S13,out,22444.093088679838
V000222,S16,out,22444.212157997576
V000223,S16,in,22444.212157997576
V000216,S18,in,22444.715957840854
V000215,S18,out,22444.715957840854
V000208,S20,out,22444.941603291794
V000209,S20,in,22444.941603291794
V000213,S19,in,22449.60939972493
V000212,S19,out,22449.60939972493
V000220,S17,in,22449.8628592071
V000219,S17,out,22449.8628592071
V000235,S12,out,22455.226974598347
V000236,S12,in,22455.226974598347
V000237,S11,out,22478.949857930325
V000238,S11,in,22500.949857930325
V000209,S20,out,22523.941603291794
V000210,S20,in,22523.941603291794
V000213,S19,out,22528.60939972493
V000214,S19,in,22528.60939972493
V000238,S11,out,22558.949857930325
V000239,S11,in,22558.949857930325
V000254,S05,in,22568.987751330107
V000253,S05,out,22568.987751330107
V000262,S03,in,22569.11313225531
V000261,S03,out,22569.11313225531
V000246,S07,out,22569.823369680234
V000247,S07,in,22569.823369680234
V000265,S02,in,22570.134132987176
V000264,S02,out,22570.134132987176
V000249,S06,out,22570.31386333422
V000250,S06,in,22570.31386333422
V000245,S08,in,22570.663842003305
V000244,S08,out,22570.663842003305
V000258,S04,in,22570.875207670804
V000257,S04,out,22570.875207670804
V000241,S09,out,22571.28341792754
V000242,S09,in,22571.28341792754
V000266,S01,out,22571.59701762589
V000267,S01,in,22571.59701762589
V000211,S20,in,22600.941603291794
V000210,S20,out,22600.941603291794
V000214,S19,out,22605.60939972493
V000215,S19,in,22605.60939972493
V000254,S05,out,22625.987751330107
V000255,S05,in,22625.987751330107
V000242,S09,out,22626.28341792754
V000243,S09,in,22626.28341792754
V000248,S07,in,22626.823369680234
V000247,S07,out,22626.823369680234
V000251,S06,in,22627.31386333422
V000250,S06,out,22627.31386333422
V000245,S08,out,22627.663842003305
V000246,S08,in,22627.663842003305
V000262,S03,out,22631.11313225531
V000263,S03,in,22631.11313225531
V000266,S02,in,22632.134132987176
V000265,S02,out,22632.134132987176
V000258,S04,out,22632.875207670804
V000259,S04,in,22632.875207670804
V000268,S01,in,22633.59701762589
V000267,S01,out,22633.59701762589
V000233,S13,out,22657.093088679838
V000234,S13,in,22657.093088679838
V000224,S16,in,22657.212157997576
V000223,S16,out,22657.212157997576
V000216,S18,out,22657.715957840854
V000217,S18,in,22657.715957840854
V000240,S11,in,22660.949857930325
V000239,S11,out,22660.949857930325
V000237,S12,in,22661.226974598347
V000236,S12,out,22661.226974598347
V000221,S17,in,22662.8628592071
V000220,S17,out,22662.8628592071
V000244,S09,in,22675.28341792754
V000243,S09,out,22675.28341792754
V000256,S05,in,22685.987751330107
V000255,S05,out,22685.987751330107
V000248,S07,out,22686.823369680234
V000249,S07,in,22686.823369680234
V000251,S06,out,22687.31386333422
V000252,S06,in,22687.31386333422
V000246,S08,out,22687.663842003305
V000247,S08,in,22687.663842003305
V000211,S20,out,22693.941603291794
V000212,S20,in,22693.941603291794
V000263,S03,out,22694.11313225531
V000264,S03,in,22694.11313225531
V000267,S02,in,22695.134132987176
V000266,S02,out,22695.134132987176
V000260,S04,in,22695.875207670804
V000259,S04,out,22695.875207670804
V000268,S01,out,22696.59701762589
V000269,S01,in,22696.59701762589
V000215,S19,out,22698.60939972493
V000216,S19,in,22698.60939972493
V000225,S16,in,22712.212157997576
V000224,S16,out,22712.212157997576
V000218,S18,in,22712.715957840854
V000217,S18,out,22712.715957840854
V000222,S17,in,22717.8628592071
V000221,S17,out,22717.8628592071
V000245,S09,in,22722.28341792754
V000244,S09,out,22722.28341792754
V000235,S13,in,22723.093088679838
V000234,S13,out,22723.093088679838
V000241,S11,in,22726.949857930325
V000240,S11,out,22726.949857930325
V000238,S12,in,22727.226974598347
V000237,S12,out,22727.226974598347
V000256,S05,out,22755.987751330107
V000257,S05,in,22755.987751330107
V000264,S03,out,22756.11313225531
V000265,S03,in,22756.11313225531
V000250,S07,in,22756.823369680234
V000249,S07,out,22756.823369680234
V000267,S02,out,22757.134132987176
V000268,S02,in,22757.134132987176
V000253,S06,in,22757.31386333422
V000252,S06,out,22757.31386333422
V000248,S08,in,22757.663842003305
V000247,S08,out,22757.663842003305
V000261,S04,in,22757.875207670804
V000260,S04,out,22757.875207670804
V000270,S01,in,22758.59701762589
V000269,S01,out,22758.59701762589
V000219,S18,in,22767.715957840854
V000218,S18,out,22767.715957840854
V000222,S17,out,22772.8628592071
V000223,S17,in,22772.8628592071
V000212,S20,out,22774.941603291794
V000213,S20,in,22774.941603291794
V000216,S19,out,22779.60939972493
V000217,S19,in,22779.60939972493
V000245,S09,out,22781.28341792754
V000246,S09,in,22781.28341792754
V000248,S08,out,22810.663842003305
V000249,S08,in,22810.663842003305
V000258,S05,in,22814.987751330107
V000257,S05,out,22814.987751330107
V000250,S07,out,22815.823369680234
V000251,S07,in,22815.823369680234
V000253,S06,out,22816.31386333422
V000254,S06,in,22816.31386333422
V000266,S03,in,22817.11313225531
V000265,S03,out,22817.11313225531
V000261,S04,out,22818.875207670804
V000262,S04,in,22818.875207670804
V000268,S02,out,22821.134132987176
V000269,S02,in,22821.134132987176
V000270,S01,out,22822.59701762589
V000271,S01,in,22822.59701762589
V000219,S18,out,22823.715957840854
V000220,S18,in,22823.715957840854
V000224,S17,in,22828.8628592071
V000223,S17,out,22828.8628592071
V000247,S09,in,22831.28341792754
V000246,S09,out,22831.28341792754
V000214,S20,in,22863.941603291794
V000213,S20,out,22863.941603291794
V000218,S19,in,22868.60939972493
V000217,S19,out,22868.60939972493
V000251,S07,out,22868.823369680234
V000252,S07,in,22868.823369680234
V000250,S08,in,22869.663842003305
V000249,S08,out,22869.663842003305
V000254,S06,out,22870.31386333422
V000255,S06,in,22870.31386333422
V000220,S18,out,22877.715957840854
V000221,S18,in,22877.715957840854
V000258,S05,out,22877.987751330107
V000259,S05,in,22877.987751330107
V000267,S03,in,22878.11313225531
V000266,S03,out,22878.11313225531
V000263,S04,in,22879.875207670804
V000262,S04,out,22879.875207670804
V000224,S17,out,22882.8628592071
V000247,S09,out,22883.28341792754
V000248,S09,in,22883.28341792754
V000269,S02,out,22888.134132987176
V000270,S02,in,22888.134132987176
V000271,S01,out,22889.59701762589
V000272,S01,in,22889.59701762589
V000251,S08,in,22924.663842003305
V000250,S08,out,22924.663842003305
V000252,S07,out,22924.823369680234
V000253,S07,in,22924.823369680234
V000256,S06,in,22925.31386333422
V000255,S06,out,22925.31386333422
V000260,S05,in,22930.987751330107
V000259,S05,out,22930.987751330107
V000268,S03,in,22931.11313225531
V000267,S03,out,22931.11313225531
V000263,S04,out,22932.875207670804
V000264,S04,in,22932.875207670804
V000271,S02,in,22942.134132987176
V000270,S02,out,22942.134132987176
V000273,S01,in,22953.59701762589
V000272,S01,out,22953.59701762589
V000221,S18,out,22960.715957840854
V000222,S18,in,22960.715957840854
V000214,S20,out,22960.941603291794
V000215,S20,in,22960.941603291794
V000219,S19,in,22965.60939972493
V000218,S19,out,22965.60939972493
V000235,S13,out,22970.093088679838
V000236,S13,in,22970.093088679838
V000225,S16,out,22970.212157997576
V000226,S16,in,22970.212157997576
V000248,S09,out,22973.28341792754
V000249,S09,in,22973.28341792754
V000241,S11,out,22973.949857930325
V000242,S11,in,22973.949857930325
V000238,S12,out,22974.226974598347
V000239,S12,in,22974.226974598347
V000225,S17,in,22977.8628592071
V000254,S07,in,22989.823369680234
V000253,S07,out,22989.823369680234
V000256,S06,out,22990.31386333422
V000257,S06,in,22990.31386333422
V000252,S08,in,22990.663842003305
V000251,S08,out,22990.663842003305
V000260,S05,out,22994.987751330107
V000261,S05,in,22994.987751330107
V000268,S03,out,22999.11313225531
V000269,S03,in,22999.11313225531
V000271,S02,out,23000.134132987176
V000272,S02,in,23000.134132987176
V000265,S04,in,23000.875207670804
V000264,S04,out,23000.875207670804
V000274,S01,in,23012.59701762589
V000273,S01,out,23012.59701762589
V000226,S16,out,23028.212157997576
V000227,S16,in,23028.212157997576
V000225,S17,out,23030.8628592071
V000226,S17,in,23036.8628592071
V000236,S13,out,23042.093088679838
V000237,S13,in,23042.093088679838
V000252,S08,out,23044.663842003305
V000253,S08,in,23044.663842003305
V000249,S09,out,23045.28341792754
V000250,S09,in,23045.28341792754
V000242,S11,out,23045.949857930325
V000243,S11,in,23045.949857930325
V000240,S12,in,23046.226974598347
V000239,S12,out,23046.226974598347
V000254,S07,out,23047.823369680234
V000255,S07,in,23047.823369680234
V000257,S06,out,23048.31386333422
V000258,S06,in,23048.31386333422
V000222,S18,out,23050.715957840854
V000223,S18,in,23050.715957840854
V000216,S20,in,23050.941603291794
V000215,S20,out,23050.941603291794
V000262,S05,in,23054.987751330107
V000261,S05,out,23054.987751330107
V000269,S03,out,23055.11313225531
V000270,S03,in,23055.11313225531
V000219,S19,out,23055.60939972493
V000220,S19,in,23055.60939972493
V000265,S04,out,23056.875207670804
V000266,S04,in,23056.875207670804
V000273,S02,in,23057.134132987176
V000272,S02,out,23057.134132987176
V000275,S01,in,23064.59701762589
V000274,S01,out,23064.59701762589
V000227,S16,out,23088.212157997576
V000228,S16,in,23088.212157997576
V000238,S13,in,23103.093088679838
V000237,S13,out,23103.093088679838
V000253,S08,out,23105.663842003305
V000254,S08,in,23105.663842003305
V000250,S09,out,23106.28341792754
V000251,S09,in,23106.28341792754
V000243,S11,out,23106.949857930325
V000244,S11,in,23106.949857930325
V000241,S12,in,23107.226974598347
V000240,S12,out,23107.226974598347
V000263,S05,in,23108.987751330107
V000262,S05,out,23108.987751330107
V000255,S07,out,23109.823369680234
V000256,S07,in,23109.823369680234
V000259,S06,in,23110.31386333422
V000258,S06,out,23110.31386333422
V000270,S03,out,23114.11313225531
V000271,S03,in,23114.11313225531
V000274,S02,in,23115.134132987176
V000273,S02,out,23115.134132987176
V000267,S04,in,23115.875207670804
V000266,S04,out,23115.875207670804
V000276,S01,in,23116.59701762589
V000275,S01,out,23116.59701762589
V000224,S18,in,23125.715957840854
V000223,S18,out,23125.715957840854
V000217,S20,in,23125.941603291794
V000216,S20,out,23125.941603291794
V000221,S19,in,23130.60939972493
V000220,S19,out,23130.60939972493
V000229,S16,in,23136.212157997576
V000228,S16,out,23136.212157997576
V000238,S13,out,23167.093088679838
V000239,S13,in,23167.093088679838
V000254,S08,out,23169.663842003305
V000255,S08,in,23169.663842003305
V000251,S09,out,23170.28341792754
V000252,S09,in,23170.28341792754
V000244,S11,out,23170.949857930325
V000245,S11,in,23170.949857930325
V000242,S12,in,23171.226974598347
V000241,S12,out,23171.226974598347
V000264,S05,in,23190.987751330107
V000263,S05,out,23190.987751330107
V000272,S03,in,23191.11313225531
V000271,S03,out,23191.11313225531
V000256,S07,out,23191.823369680234
V000257,S07,in,23191.823369680234
V000274,S02,out,23192.134132987176
V000275,S02,in,23192.134132987176
V000259,S06,out,23192.31386333422
V000260,S06,in,23192.31386333422
V000268,S04,in,23192.875207670804
V000267,S04,out,23192.875207670804
V000277,S01,in,23193.59701762589
V000276,S01,out,23193.59701762589
V000225,S18,in,23217.715957840854
V000224,S18,out,23217.715957840854
V000217,S20,out,23217.941603291794
V000218,S20,in,23217.941603291794
V000222,S19,in,23222.60939972493
V000221,S19,out,23222.60939972493
V000229,S16,out,23224.212157997576
V000230,S16,in,23224.212157997576
V000240,S13,in,23225.093088679838
V000239,S13,out,23225.093088679838
V000226,S17,out,23229.8628592071
V000227,S17,in,23229.8628592071
V000255,S08,out,23233.663842003305
V000256,S08,in,23233.663842003305
V000252,S09,out,23234.28341792754
V000253,S09,in,23234.28341792754
V000245,S11,out,23234.949857930325
V000246,S11,in,23234.949857930325
V000242,S12,out,23235.226974598347
V000243,S12,in,23235.226974598347
V000264,S05,out,23261.987751330107
V000265,S05,in,23261.987751330107
V000273,S03,in,23262.11313225531
V000272,S03,out,23262.11313225531
V000258,S07,in,23262.823369680234
V000257,S07,out,23262.823369680234
V000276,S02,in,23263.134132987176
V000275,S02,out,23263.134132987176
V000260,S06,out,23263.31386333422
V000261,S06,in,23263.31386333422
V000269,S04,in,23263.875207670804
V000268,S04,out,23263.875207670804
V000278,S01,in,23264.59701762589
V000277,S01,out,23264.59701762589
V000228,S17,in,23266.8628592071
V000227,S17,out,23266.8628592071
V000230,S16,out,23276.212157997576
V000231,S16,in,23276.212157997576
V000240,S13,out,23287.093088679838
V000241,S13,in,23287.093088679838
V000247,S11,in,23293.949857930325
V000246,S11,out,23293.949857930325
V000244,S12,in,23294.226974598347
V000243,S12,out,23294.226974598347
V000253,S09,out,23296.28341792754
V000254,S09,in,23296.28341792754
V000256,S08,out,23298.663842003305
V000257,S08,in,23298.663842003305
V000259,S07,in,23319.823369680234
V000258,S07,out,23319.823369680234
V000262,S06,in,23320.31386333422
V000261,S06,out,23320.31386333422
V000265,S05,out,23323.987751330107
V000266,S05,in,23323.987751330107
V000226,S18,in,23325.715957840854
V000225,S18,out,23325.715957840854
V000218,S20,out,23325.941603291794
V000219,S20,in,23325.941603291794
V000229,S17,in,23328.8628592071
V000228,S17,out,23328.8628592071
V000222,S19,out,23330.60939972493
V000223,S19,in,23330.60939972493
V000269,S04,out,23331.875207670804
V000270,S04,in,23331.875207670804
V000232,S16,in,23338.212157997576
V000231,S16,out,23338.212157997576
V000274,S03,in,23342.11313225531
V000273,S03,out,23342.11313225531
V000276,S02,out,23343.134132987176
V000277,S02,in,23343.134132987176
V000279,S01,in,23344.59701762589
V000278,S01,out,23344.59701762589
V000241,S13,out,23358.093088679838
V000242,S13,in,23358.093088679838
V000257,S08,out,23361.663842003305
V000258,S08,in,23361.663842003305
V000248,S11,in,23361.949857930325
V000247,S11,out,23361.949857930325
V000245,S12,in,23362.226974598347
V000244,S12,out,23362.226974598347
V000254,S09,out,23362.28341792754
V000255,S09,in,23362.28341792754
V000260,S07,in,23372.823369680234
V000259,S07,out,23372.823369680234
V000229,S17,out,23379.8628592071
V000230,S17,in,23379.8628592071
V000263,S06,in,23381.31386333422
V000262,S06,out,23381.31386333422
V000267,S05,in,23387.987751330107
V000266,S05,out,23387.987751330107
V000233,S16,in,23388.212157997576
V000232,S16,out,23388.212157997576
V000270,S04,out,23394.875207670804
V000271,S04,in,23394.875207670804
V000274,S03,out,23396.11313225531
V000275,S03,in,23396.11313225531
V000278,S02,in,23397.134132987176
V000277,S02,out,23397.134132987176
V000280,S01,in,23398.59701762589
V000279,S01,out,23398.59701762589
V000226,S18,out,24013.715957840854
V000227,S18,in,24013.715957840854
V000219,S20,out,24013.941603291794
V000220,S20,in,24013.941603291794
V000223,S19,out,24018.60939972493
V000224,S19,in,24018.60939972493
V000243,S13,in,24020.093088679838
V000242,S13,out,24020.093088679838
V000230,S17,out,24026.8628592071
V000231,S17,in,24026.8628592071
V000245,S12,out,24027.226974598347
V000246,S12,in,24027.226974598347
V000233,S16,out,24050.212157997576
V000234,S16,in,24050.212157997576
V000243,S13,out,24083.093088679838
V000244,S13,in,24083.093088679838
V000246,S12,out,24101.226974598347
V000247,S12,in,24101.226974598347
V000234,S16,out,24112.212157997576
V000235,S16,in,24112.212157997576
V000227,S18,out,24112.715957840854
V000228,S18,in,24112.715957840854
V000221,S20,in,24112.941603291794
V000220,S20,out,24112.941603291794
V000225,S19,in,24117.60939972493
V000224,S19,out,24117.60939972493
V000232,S17,in,24117.8628592071
V000231,S17,out,24117.8628592071
V000244,S13,out,24156.093088679838
V000245,S13,in,24156.093088679838
V000247,S12,out,24160.226974598347
V000236,S16,in,24191.212157997576
V000235,S16,out,24191.212157997576
V000228,S18,out,24191.715957840854
V000229,S18,in,24191.715957840854
V000222,S20,in,24191.941603291794
V000221,S20,out,24191.941603291794
V000226,S19,in,24196.60939972493
V000225,S19,out,24196.60939972493
V000232,S17,out,24196.8628592071
V000233,S17,in,24196.8628592071
V000245,S13,out,24234.093088679838
V000246,S13,in,24234.093088679838
V000237,S16,in,24287.212157997576
V000236,S16,out,24287.212157997576
V000229,S18,out,24287.715957840854
V000230,S18,in,24287.715957840854
V000223,S20,in,24287.941603291794
V000222,S20,out,24287.941603291794
V000226,S19,out,24292.60939972493
V000227,S19,in,24292.60939972493
V000233,S17,out,24292.8628592071
V000234,S17,in,24292.8628592071
V000246,S13,out,24308.093088679838
V000247,S13,in,24308.093088679838
V000268,S05,in,24326.987751330107
V000267,S05,out,24326.987751330107
V000276,S03,in,24327.11313225531
V000275,S03,out,24327.11313225531
V000260,S07,out,24327.823369680234
V000261,S07,in,24327.823369680234
V000279,S02,in,24328.134132987176
V000278,S02,out,24328.134132987176
V000263,S06,out,24328.31386333422
V000264,S06,in,24328.31386333422
V000258,S08,out,24328.663842003305
V000259,S08,in,24328.663842003305
V000271,S04,out,24328.875207670804
V000272,S04,in,24328.875207670804
V000255,S09,out,24329.28341792754
V000256,S09,in,24329.28341792754
V000280,S01,out,24329.59701762589
V000281,S01,in,24329.59701762589
V000249,S11,in,24329.949857930325
V000248,S11,out,24329.949857930325
V000248,S12,in,24337.226974598347
V000238,S16,in,24362.212157997576
V000237,S16,out,24362.212157997576
V000230,S18,out,24362.715957840854
V000231,S18,in,24362.715957840854
V000224,S20,in,24362.941603291794
V000223,S20,out,24362.941603291794
V000227,S19,out,24367.60939972493
V000228,S19,in,24367.60939972493
V000235,S17,in,24367.8628592071
V000234,S17,out,24367.8628592071
V000247,S13,out,24373.093088679838
V000250,S11,in,24386.949857930325
V000249,S11,out,24386.949857930325
V000261,S07,out,24388.823369680234
V000262,S07,in,24388.823369680234
V000264,S06,out,24389.31386333422
V000265,S06,in,24389.31386333422
V000259,S08,out,24389.663842003305
V000260,S08,in,24389.663842003305
V000257,S09,in,24390.28341792754
V000256,S09,out,24390.28341792754
V000248,S13,in,24399.093088679838
V000248,S12,out,24399.226974598347
V000249,S12,in,24399.226974598347
V000268,S05,out,24420.987751330107
V000269,S05,in,24420.987751330107
V000277,S03,in,24421.11313225531
V000276,S03,out,24421.11313225531
V000279,S02,out,24422.134132987176
V000280,S02,in,24422.134132987176
V000273,S04,in,24422.875207670804
V000272,S04,out,24422.875207670804
V000282,S01,in,24423.59701762589
V000281,S01,out,24423.59701762589
V000250,S11,out,24434.949857930325
V000251,S11,in,24434.949857930325
V000263,S07,in,24448.823369680234
V000262,S07,out,24448.823369680234
V000265,S06,out,24449.31386333422
V000266,S06,in,24449.31386333422
V000260,S08,out,24449.663842003305
V000261,S08,in,24449.663842003305
V000257,S09,out,24450.28341792754
V000258,S09,in,24450.28341792754
V000239,S16,in,24451.212157997576
V000238,S16,out,24451.212157997576
V000232,S18,in,24451.715957840854
V000231,S18,out,24451.715957840854
V000224,S20,out,24451.941603291794
V000225,S20,in,24451.941603291794
V000228,S19,out,24456.60939972493
V000229,S19,in,24456.60939972493
V000235,S17,out,24456.8628592071
V000236,S17,in,24456.8628592071
V000248,S13,out,24457.093088679838
V000249,S13,in,24460.093088679838
V000249,S12,out,24460.226974598347
V000250,S12,in,24460.226974598347
V000269,S05,out,24465.987751330107
V000278,S03,in,24486.11313225531
V000277,S03,out,24486.11313225531
V000281,S02,in,24487.134132987176
V000280,S02,out,24487.134132987176
V000274,S04,in,24487.875207670804
V000273,S04,out,24487.875207670804
V000282,S01,out,24488.59701762589
V000283,S01,in,24488.59701762589
V000251,S11,out,24489.949857930325
V000252,S11,in,24489.949857930325
V000258,S09,out,24505.28341792754
V000259,S09,in,24505.28341792754
V000264,S07,in,24505.823369680234
V000263,S07,out,24505.823369680234
V000267,S06,in,24506.31386333422
V000266,S06,out,24506.31386333422
V000262,S08,in,24506.663842003305
V000261,S08,out,24506.663842003305
V000271,S05,in,24515.987751330107
V000270,S05,out,24515.987751330107
V000270,S05,in,24518.89106652505
V000251,S12,in,24522.226974598347
V000250,S12,out,24522.226974598347
V000249,S13,out,24535.093088679838
V000250,S13,in,24535.093088679838
V000239,S16,out,24535.212157997576
V000240,S16,in,24535.212157997576
V000232,S18,out,24535.715957840854
V000233,S18,in,24535.715957840854
V000226,S20,in,24535.941603291794
V000225,S20,out,24535.941603291794
V000230,S19,in,24540.60939972493
V000229,S19,out,24540.60939972493
V000237,S17,in,24540.8628592071
V000236,S17,out,24540.8628592071
V000253,S11,in,24541.949857930325
V000252,S11,out,24541.949857930325
V000278,S03,out,24543.11313225531
V000279,S03,in,24543.11313225531
V000274,S04,out,24543.875207670804
V000275,S04,in,24543.875207670804
V000281,S02,out,24544.134132987176
V000282,S02,in,24544.134132987176
V000283,S01,out,24545.59701762589
V000284,S01,in,24545.59701762589
V000264,S07,out,24565.823369680234
V000265,S07,in,24565.823369680234
V000267,S06,out,24566.31386333422
V000268,S06,in,24566.31386333422
V000262,S08,out,24566.663842003305
V000263,S08,in,24566.663842003305
V000260,S09,in,24567.28341792754
V000259,S09,out,24567.28341792754
V000251,S12,out,24580.226974598347
V000252,S12,in,24580.226974598347
V000271,S05,out,24581.987751330107
V000272,S05,in,24581.987751330107
V000275,S04,out,24601.875207670804
V000276,S04,in,24601.875207670804
V000279,S03,out,24604.11313225531
V000280,S03,in,24604.11313225531
V000282,S02,out,24605.134132987176
V000283,S02,in,24605.134132987176
V000284,S01,out,24606.59701762589
V000285,S01,in,24606.59701762589
V000272,S05,out,24632.987751330107
V000273,S05,in,24632.987751330107
V000250,S13,out,24633.093088679838
V000251,S13,in,24633.093088679838
V000240,S16,out,24633.212157997576
V000241,S16,in,24633.212157997576
V000234,S18,in,24633.715957840854
V000233,S18,out,24633.715957840854
V000265,S07,out,24633.823369680234
V000266,S07,in,24633.823369680234
V000226,S20,out,24633.941603291794
V000227,S20,in,24633.941603291794
V000268,S06,out,24634.31386333422
V000269,S06,in,24634.31386333422
V000264,S08,in,24634.663842003305
V000263,S08,out,24634.663842003305
V000260,S09,out,24635.28341792754
V000261,S09,in,24635.28341792754
V000254,S11,in,24635.949857930325
V000253,S11,out,24635.949857930325
V000231,S19,in,24638.60939972493
V000230,S19,out,24638.60939972493
V000238,S17,in,24638.8628592071
V000237,S17,out,24638.8628592071
V000252,S12,out,24641.226974598347
V000253,S12,in,24642.226974598347
V000281,S03,in,24661.11313225531
V000280,S03,out,24661.11313225531
V000277,S04,in,24662.875207670804
V000276,S04,out,24662.875207670804
V000284,S02,in,24666.134132987176
V000283,S02,out,24666.134132987176
V000286,S01,in,24667.59701762589
V000285,S01,out,24667.59701762589
V000255,S11,in,24688.949857930325
V000254,S11,out,24688.949857930325
V000273,S05,out,24688.987751330107
V000274,S05,in,24688.987751330107
V000267,S07,in,24689.823369680234
V000266,S07,out,24689.823369680234
V000262,S09,in,24690.28341792754
V000261,S09,out,24690.28341792754
V000269,S06,out,24690.31386333422
V000270,S06,in,24690.31386333422
V000264,S08,out,24690.663842003305
V000265,S08,in,24690.663842003305
V000252,S13,in,24713.093088679838
V000251,S13,out,24713.093088679838
V000241,S16,out,24713.212157997576
V000242,S16,in,24713.212157997576
V000235,S18,in,24713.715957840854
V000234,S18,out,24713.715957840854
V000227,S20,out,24713.941603291794
V000228,S20,in,24713.941603291794
V000282,S03,in,24717.11313225531
V000281,S03,out,24717.11313225531
V000231,S19,out,24718.60939972493
V000232,S19,in,24718.60939972493
V000238,S17,out,24718.8628592071
V000239,S17,in,24718.8628592071
V000278,S04,in,24718.875207670804
V000277,S04,out,24718.875207670804
V000253,S12,out,24719.226974598347
V000254,S12,in,24719.226974598347
V000284,S02,out,24722.134132987176
V000285,S02,in,24722.134132987176
V000286,S01,out,24723.59701762589
V000287,S01,in,24723.59701762589
V000256,S11,in,24741.949857930325
V000255,S11,out,24741.949857930325
V000274,S05,out,24755.987751330107
V000275,S05,in,24755.987751330107
V000268,S07,in,24756.823369680234
V000267,S07,out,24756.823369680234
V000271,S06,in,24757.31386333422
V000270,S06,out,24757.31386333422
V000265,S08,out,24757.663842003305
V000266,S08,in,24757.663842003305
V000262,S09,out,24758.28341792754
V000263,S09,in,24758.28341792754
V000254,S12,out,24767.226974598347
V000255,S12,in,24767.226974598347
V000283,S03,in,24773.11313225531
V000282,S03,out,24773.11313225531
V000286,S02,in,24774.134132987176
V000285,S02,out,24774.134132987176
V000279,S04,in,24774.875207670804
V000278,S04,out,24774.875207670804
V000287,S01,out,24782.59701762589
V000288,S01,in,24782.59701762589
V000257,S11,in,24797.949857930325
V000256,S11,out,24797.949857930325
V000252,S13,out,24807.093088679838
V000253,S13,in,24807.093088679838
V000242,S16,out,24807.212157997576
V000243,S16,in,24807.212157997576
V000235,S18,out,24807.715957840854
V000236,S18,in,24807.715957840854
V000229,S20,in,24807.941603291794
V000228,S20,out,24807.941603291794
V000232,S19,out,24812.60939972493
V000233,S19,in,24812.60939972493
V000240,S17,in,24812.8628592071
V000239,S17,out,24812.8628592071
V000269,S07,in,24819.823369680234
V000268,S07,out,24819.823369680234
V000275,S05,out,24819.987751330107
V000276,S05,in,24819.987751330107
V000272,S06,in,24820.31386333422
V000271,S06,out,24820.31386333422
V000267,S08,in,24820.663842003305
V000266,S08,out,24820.663842003305
V000264,S09,in,24821.28341792754
V000263,S09,out,24821.28341792754
V000256,S12,in,24827.226974598347
V000255,S12,out,24827.226974598347
V000283,S03,out,24828.11313225531
V000284,S03,in,24828.11313225531
V000287,S02,in,24829.134132987176
V000286,S02,out,24829.134132987176
V000279,S04,out,24829.875207670804
V000280,S04,in,24829.875207670804
V000289,S01,in,24842.59701762589
V000288,S01,out,24842.59701762589
V000257,S11,out,24852.949857930325
V000258,S11,in,24852.949857930325
V000265,S09,in,24873.28341792754
V000264,S09,out,24873.28341792754
V000267,S08,out,24880.663842003305
V000268,S08,in,24880.663842003305
V000277,S05,in,24882.987751330107
V000276,S05,out,24882.987751330107
V000269,S07,out,24883.823369680234
V000270,S07,in,24883.823369680234
V000272,S06,out,24884.31386333422
V000273,S06,in,24884.31386333422
V000284,S03,out,24894.11313225531
V000285,S03,in,24894.11313225531
V000288,S02,in,24895.134132987176
V000287,S02,out,24895.134132987176
V000281,S04,in,24895.875207670804
V000280,S04,out,24895.875207670804
V000254,S13,in,24902.093088679838
V000253,S13,out,24902.093088679838
V000244,S16,in,24902.212157997576
V000243,S16,out,24902.212157997576
V000237,S18,in,24902.715957840854
V000236,S18,out,24902.715957840854
V000229,S20,out,24902.941603291794
V000230,S20,in,24902.941603291794
V000259,S11,in,24902.949857930325
V000258,S11,out,24902.949857930325
V000256,S12,out,24906.226974598347
V000257,S12,in,24906.226974598347
V000234,S19,in,24907.60939972493
V000233,S19,out,24907.60939972493
V000240,S17,out,24907.8628592071
V000241,S17,in,24907.8628592071
V000289,S01,out,24909.59701762589
V000290,S01,in,24909.59701762589
V000266,S09,in,24930.28341792754
V000265,S09,out,24930.28341792754
V000268,S08,out,24934.663842003305
V000269,S08,in,24934.663842003305
V000278,S05,in,24936.987751330107
V000277,S05,out,24936.987751330107
V000270,S07,out,24937.823369680234
V000271,S07,in,24937.823369680234
V000273,S06,out,24938.31386333422
V000274,S06,in,24938.31386333422
V000260,S11,in,24944.949857930325
V000259,S11,out,24944.949857930325
V000285,S03,out,24951.11313225531
V000286,S03,in,24951.11313225531
V000289,S02,in,24952.134132987176
V000288,S02,out,24952.134132987176
V000281,S04,out,24952.875207670804
V000282,S04,in,24952.875207670804
V000291,S01,in,24963.59701762589
V000290,S01,out,24963.59701762589
V000254,S13,out,24981.093088679838
V000255,S13,in,24981.093088679838
V000244,S16,out,24981.212157997576
V000245,S16,in,24981.212157997576
V000237,S18,out,24981.715957840854
V000238,S18,in,24981.715957840854
V000231,S20,in,24981.941603291794
V000230,S20,out,24981.941603291794
V000258,S12,in,24985.226974598347
V000257,S12,out,24985.226974598347
V000235,S19,in,24986.60939972493
V000234,S19,out,24986.60939972493
V000241,S17,out,24986.8628592071
V000242,S17,in,24986.8628592071
V000261,S11,in,24986.949857930325
V000260,S11,out,24986.949857930325
V000279,S05,in,24997.987751330107
V000278,S05,out,24997.987751330107
V000270,S08,in,24998.663842003305
V000269,S08,out,24998.663842003305
V000272,S07,in,24998.823369680234
V000271,S07,out,24998.823369680234
V000266,S09,out,24999.28341792754
V000267,S09,in,24999.28341792754
V000275,S06,in,24999.31386333422
V000274,S06,out,24999.31386333422
V000283,S04,in,25004.875207670804
V000282,S04,out,25004.875207670804
V000287,S03,in,25007.11313225531
V000286,S03,out,25007.11313225531
V000290,S02,in,25008.134132987176
V000289,S02,out,25008.134132987176
V000292,S01,in,25010.59701762589
V000291,S01,out,25010.59701762589
V000268,S09,in,25063.28341792754
V000267,S09,out,25063.28341792754
V000255,S13,out,25070.093088679838
V000256,S13,in,25070.093088679838
V000246,S16,in,25070.212157997576
V000245,S16,out,25070.212157997576
V000238,S18,out,25070.715957840854
V000239,S18,in,25070.715957840854
V000232,S20,in,25070.941603291794
V000231,S20,out,25070.941603291794
V000280,S05,in,25070.987751330107
V000279,S05,out,25070.987751330107
V000288,S03,in,25071.11313225531
V000287,S03,out,25071.11313225531
V000273,S07,in,25071.823369680234
V000272,S07,out,25071.823369680234
V000291,S02,in,25072.134132987176
V000290,S02,out,25072.134132987176
V000276,S06,in,25072.31386333422
V000275,S06,out,25072.31386333422
V000271,S08,in,25072.663842003305
V000270,S08,out,25072.663842003305
V000284,S04,in,25072.875207670804
V000283,S04,out,25072.875207670804
V000293,S01,in,25073.59701762589
V000292,S01,out,25073.59701762589
V000261,S11,out,25073.949857930325
V000262,S11,in,25073.949857930325
V000258,S12,out,25074.226974598347
V000259,S12,in,25074.226974598347
V000236,S19,in,25075.60939972493
V000235,S19,out,25075.60939972493
V000243,S17,in,25075.8628592071
V000242,S17,out,25075.8628592071
V000268,S09,out,25110.28341792754
V000269,S09,in,25110.28341792754
V000280,S05,out,25134.987751330107
V000281,S05,in,25134.987751330107
V000274,S07,in,25135.823369680234
V000273,S07,out,25135.823369680234
V000288,S03,out,25136.11313225531
V000289,S03,in,25136.11313225531
V000277,S06,in,25136.31386333422
V000276,S06,out,25136.31386333422
V000271,S08,out,25136.663842003305
V000272,S08,in,25136.663842003305
V000292,S02,in,25137.134132987176
V000291,S02,out,25137.134132987176
V000285,S04,in,25137.875207670804
V000284,S04,out,25137.875207670804
V000293,S01,out,25138.59701762589
V000294,S01,in,25138.59701762589
V000256,S13,out,25151.093088679838
V000257,S13,in,25151.093088679838
V000247,S16,in,25151.212157997576
V000246,S16,out,25151.212157997576
V000239,S18,out,25151.715957840854
V000240,S18,in,25151.715957840854
V000232,S20,out,25151.941603291794
V000233,S20,in,25151.941603291794
V000262,S11,out,25154.949857930325
V000263,S11,in,25154.949857930325
V000259,S12,out,25155.226974598347
V000260,S12,in,25155.226974598347
V000236,S19,out,25156.60939972493
V000237,S19,in,25156.60939972493
V000244,S17,in,25156.8628592071
V000243,S17,out,25156.8628592071
V000269,S09,out,25168.28341792754
V000270,S09,in,25168.28341792754
V000275,S07,in,25192.823369680234
V000274,S07,out,25192.823369680234
V000277,S06,out,25193.31386333422
V000278,S06,in,25193.31386333422
V000272,S08,out,25193.663842003305
V000273,S08,in,25193.663842003305
V000281,S05,out,25196.987751330107
V000282,S05,in,25196.987751330107
V000289,S03,out,25197.11313225531
V000290,S03,in,25197.11313225531
V000292,S02,out,25198.134132987176
V000293,S02,in,25198.134132987176
V000285,S04,out,25198.875207670804
V000286,S04,in,25198.875207670804
V000294,S01,out,25199.59701762589
V000295,S01,in,25199.59701762589
V000257,S13,out,25237.093088679838
V000258,S13,in,25237.093088679838
V000248,S16,in,25237.212157997576
V000247,S16,out,25237.212157997576
V000240,S18,out,25237.715957840854
V000241,S18,in,25237.715957840854
V000233,S20,out,25237.941603291794
V000234,S20,in,25237.941603291794
V000270,S09,out,25240.28341792754
V000271,S09,in,25240.28341792754
V000264,S11,in,25240.949857930325
V000263,S11,out,25240.949857930325
V000261,S12,in,25241.226974598347
V000260,S12,out,25241.226974598347
V000238,S19,in,25242.60939972493
V000237,S19,out,25242.60939972493
V000244,S17,out,25242.8628592071
V000245,S17,in,25242.8628592071
V000275,S07,out,25247.823369680234
V000276,S07,in,25247.823369680234
V000278,S06,out,25248.31386333422
V000279,S06,in,25248.31386333422
V000273,S08,out,25248.663842003305
V000274,S08,in,25248.663842003305
V000283,S05,in,25254.987751330107
V000282,S05,out,25254.987751330107
V000287,S04,in,25263.875207670804
V000286,S04,out,25263.875207670804
V000258,S13,out,25322.093088679838
V000259,S13,in,25322.093088679838
V000248,S16,out,25322.212157997576
V000249,S16,in,25322.212157997576
V000242,S18,in,25322.715957840854
V000241,S18,out,25322.715957840854
V000235,S20,in,25322.941603291794
V000234,S20,out,25322.941603291794
V000275,S08,in,25324.663842003305
V000274,S08,out,25324.663842003305
V000271,S09,out,25325.28341792754
V000272,S09,in,25325.28341792754
V000265,S11,in,25325.949857930325
V000264,S11,out,25325.949857930325
V000262,S12,in,25326.226974598347
V000261,S12,out,25326.226974598347
V000239,S19,in,25327.60939972493
V000238,S19,out,25327.60939972493
V000245,S17,out,25327.8628592071
V000246,S17,in,25327.8628592071
V000283,S05,out,25401.987751330107
V000284,S05,in,25401.987751330107
V000277,S07,in,25402.823369680234
V000276,S07,out,25402.823369680234
V000280,S06,in,25403.31386333422
V000279,S06,out,25403.31386333422
V000288,S04,in,25403.875207670804
V000287,S04,out,25403.875207670804
V000259,S13,out,25418.093088679838
V000260,S13,in,25418.093088679838
V000250,S16,in,25418.212157997576
V000249,S16,out,25418.212157997576
V000242,S18,out,25418.715957840854
V000243,S18,in,25418.715957840854
V000235,S20,out,25418.941603291794
V000236,S20,in,25418.941603291794
V000276,S08,in,25420.663842003305
V000275,S08,out,25420.663842003305
V000273,S09,in,25421.28341792754
V000272,S09,out,25421.28341792754
V000266,S11,in,25421.949857930325
V000265,S11,out,25421.949857930325
V000263,S12,in,25422.226974598347
V000262,S12,out,25422.226974598347
V000240,S19,in,25423.60939972493
V000239,S19,out,25423.60939972493
V000246,S17,out,25423.8628592071
V000247,S17,in,25423.8628592071
V000290,S03,out,25432.11313225531
V000291,S03,in,25432.11313225531
V000294,S02,in,25433.134132987176
V000293,S02,out,25433.134132987176
V000295,S01,out,25434.59701762589
V000296,S01,in,25434.59701762589
V000285,S05,in,25470.987751330107
V000284,S05,out,25470.987751330107
V000277,S07,out,25471.823369680234
V000278,S07,in,25471.823369680234
V000280,S06,out,25472.31386333422
V000281,S06,in,25472.31386333422
V000289,S04,in,25472.875207670804
V000288,S04,out,25472.875207670804
V000292,S03,in,25484.11313225531
V000291,S03,out,25484.11313225531
V000294,S02,out,25485.134132987176
V000295,S02,in,25485.134132987176
V000297,S01,in,25488.59701762589
V000296,S01,out,25488.59701762589
V000260,S13,out,25518.093088679838
V000261,S13,in,25518.093088679838
V000251,S16,in,25518.212157997576
V000250,S16,out,25518.212157997576
V000243,S18,out,25518.715957840854
V000244,S18,in,25518.715957840854
V000237,S20,in,25518.941603291794
V000236,S20,out,25518.941603291794
V000276,S08,out,25520.663842003305
V000277,S08,in,25520.663842003305
V000273,S09,out,25521.28341792754
V000274,S09,in,25521.28341792754
V000266,S11,out,25521.949857930325
V000267,S11,in,25521.949857930325
V000263,S12,out,25522.226974598347
V000264,S12,in,25522.226974598347
V000286,S05,in,25522.987751330107
V000285,S05,out,25522.987751330107
V000240,S19,out,25523.60939972493
V000241,S19,in,25523.60939972493
V000279,S07,in,25523.823369680234
V000278,S07,out,25523.823369680234
V000248,S17,in,25523.8628592071
V000247,S17,out,25523.8628592071
V000282,S06,in,25524.31386333422
V000281,S06,out,25524.31386333422
V000289,S04,out,25533.875207670804
V000290,S04,in,25533.875207670804
V000293,S03,in,25540.11313225531
V000292,S03,out,25540.11313225531
V000296,S02,in,25542.134132987176
V000295,S02,out,25542.134132987176
V000298,S01,in,25551.59701762589
V000297,S01,out,25551.59701762589
V000294,S03,in,25591.11313225531
V000293,S03,out,25591.11313225531
V000297,S02,in,25611.134132987176
V000296,S02,out,25611.134132987176
V000298,S01,out,25612.59701762589
V000299,S01,in,25612.59701762589
V000252,S16,in,25615.212157997576
V000251,S16,out,25615.212157997576
V000244,S18,out,25615.715957840854
V000245,S18,in,25615.715957840854
V000237,S20,out,25615.941603291794
V000238,S20,in,25615.941603291794
V000242,S19,in,25620.60939972493
V000241,S19,out,25620.60939972493
V000249,S17,in,25620.8628592071
V000248,S17,out,25620.8628592071
V000253,S16,in,25716.212157997576
V000252,S16,out,25716.212157997576
V000245,S18,out,25716.715957840854
V000246,S18,in,25716.715957840854
V000239,S20,in,25716.941603291794
V000238,S20,out,25716.941603291794
V000242,S19,out,25721.60939972493
V000243,S19,in,25721.60939972493
V000249,S17,out,25721.8628592071
V000250,S17,in,25721.8628592071
V000253,S16,out,25787.212157997576
V000254,S16,in,25787.212157997576
V000247,S18,in,25787.715957840854
V000246,S18,out,25787.715957840854
V000240,S20,in,25787.941603291794
V000239,S20,out,25787.941603291794
V000243,S19,out,25792.60939972493
V000244,S19,in,25792.60939972493
V000251,S17,in,25792.8628592071
V000250,S17,out,25792.8628592071
V000255,S16,in,25868.212157997576
V000254,S16,out,25868.212157997576
V000247,S18,out,25868.715957840854
V000248,S18,in,25868.715957840854
V000241,S20,in,25868.941603291794
V000240,S20,out,25868.941603291794
V000244,S19,out,25873.60939972493
V000245,S19,in,25873.60939972493
V000251,S17,out,25873.8628592071
V000252,S17,in,25873.8628592071
V000261,S13,out,25905.093088679838
V000262,S13,in,25905.093088679838
V000286,S05,out,25905.987751330107
V000287,S05,in,25905.987751330107
V000294,S03,out,25906.11313225531
V000295,S03,in,25906.11313225531
V000279,S07,out,25906.823369680234
V000280,S07,in,25906.823369680234
V000298,S02,in,25907.134132987176
V000297,S02,out,25907.134132987176
V000283,S06,in,25907.31386333422
V000282,S06,out,25907.31386333422
V000277,S08,out,25907.663842003305
V000278,S08,in,25907.663842003305
V000290,S04,out,25907.875207670804
V000291,S04,in,25907.875207670804
V000275,S09,in,25908.28341792754
V000274,S09,out,25908.28341792754
V000299,S01,out,25908.59701762589
V000300,S01,in,25908.59701762589
V000268,S11,in,25908.949857930325
V000267,S11,out,25908.949857930325
V000265,S12,in,25909.226974598347
V000264,S12,out,25909.226974598347
V000255,S16,out,25945.212157997576
V000256,S16,in,25945.212157997576
V000249,S18,in,25945.715957840854
V000248,S18,out,25945.715957840854
V000241,S20,out,25945.941603291794
V000242,S20,in,25945.941603291794
V000246,S19,in,25950.60939972493
V000245,S19,out,25950.60939972493
V000252,S17,out,25950.8628592071
V000253,S17,in,25950.8628592071
V000263,S13,in,25977.093088679838
V000262,S13,out,25977.093088679838
V000278,S08,out,25979.663842003305
V000279,S08,in,25979.663842003305
V000275,S09,out,25980.28341792754
V000276,S09,in,25980.28341792754
V000269,S11,in,25980.949857930325
V000268,S11,out,25980.949857930325
V000265,S12,out,25981.226974598347
V000266,S12,in,25981.226974598347
V000288,S05,in,26002.987751330107
V000287,S05,out,26002.987751330107
V000296,S03,in,26003.11313225531
V000295,S03,out,26003.11313225531
V000281,S07,in,26003.823369680234
V000280,S07,out,26003.823369680234
V000298,S02,out,26004.134132987176
V000299,S02,in,26004.134132987176
V000283,S06,out,26004.31386333422
V000284,S06,in,26004.31386333422
V000292,S04,in,26004.875207670804
V000291,S04,out,26004.875207670804
V000301,S01,in,26005.59701762589
V000300,S01,out,26005.59701762589
V000256,S16,out,26023.212157997576
V000257,S16,in,26023.212157997576
V000250,S18,in,26023.715957840854
V000249,S18,out,26023.715957840854
V000243,S20,in,26023.941603291794
V000242,S20,out,26023.941603291794
V000247,S19,in,26028.60939972493
V000246,S19,out,26028.60939972493
V000253,S17,out,26028.8628592071
V000254,S17,in,26028.8628592071
V000263,S13,out,26043.093088679838
V000264,S13,in,26043.093088679838
V000280,S08,in,26045.663842003305
V000279,S08,out,26045.663842003305
V000277,S09,in,26046.28341792754
V000276,S09,out,26046.28341792754
V000269,S11,out,26046.949857930325
V000270,S11,in,26046.949857930325
V000267,S12,in,26047.226974598347
V000266,S12,out,26047.226974598347
V000282,S07,in,26053.823369680234
V000281,S07,out,26053.823369680234
V000288,S05,out,26062.987751330107
V000289,S05,in,26062.987751330107
V000284,S06,out,26064.31386333422
V000285,S06,in,26064.31386333422
V000296,S03,out,26068.11313225531
V000297,S03,in,26068.11313225531
V000300,S02,in,26069.134132987176
V000299,S02,out,26069.134132987176
V000292,S04,out,26069.875207670804
V000293,S04,in,26069.875207670804
V000302,S01,in,26070.59701762589
V000301,S01,out,26070.59701762589
V000264,S13,out,26102.093088679838
V000265,S13,in,26102.093088679838
V000280,S08,out,26104.663842003305
V000281,S08,in,26104.663842003305
V000277,S09,out,26105.28341792754
V000278,S09,in,26105.28341792754
V000270,S11,out,26105.949857930325
V000271,S11,in,26105.949857930325
V000268,S12,in,26106.226974598347
V000267,S12,out,26106.226974598347
V000282,S07,out,26113.823369680234
V000283,S07,in,26113.823369680234
V000286,S06,in,26115.31386333422
V000285,S06,out,26115.31386333422
V000258,S16,in,26116.212157997576
V000257,S16,out,26116.212157997576
V000250,S18,out,26116.715957840854
V000251,S18,in,26116.715957840854
V000244,S20,in,26116.941603291794
V000243,S20,out,26116.941603291794
V000247,S19,out,26121.60939972493
V000248,S19,in,26121.60939972493
V000254,S17,out,26121.8628592071
V000255,S17,in,26121.8628592071
V000290,S05,in,26121.987751330107
V000289,S05,out,26121.987751330107
V000297,S03,out,26127.11313225531
V000298,S03,in,26127.11313225531
V000300,S02,out,26128.134132987176
V000301,S02,in,26128.134132987176
V000294,S04,in,26128.875207670804
V000293,S04,out,26128.875207670804
V000303,S01,in,26129.59701762589
V000302,S01,out,26129.59701762589
V000266,S13,in,26164.093088679838
V000265,S13,out,26164.093088679838
V000281,S08,out,26166.663842003305
V000282,S08,in,26166.663842003305
V000278,S09,out,26167.28341792754
V000279,S09,in,26167.28341792754
V000284,S07,in,26167.823369680234
V000283,S07,out,26167.823369680234
V000272,S11,in,26167.949857930325
V000271,S11,out,26167.949857930325
V000268,S12,out,26168.226974598347
V000269,S12,in,26168.226974598347
V000287,S06,in,26169.31386333422
V000286,S06,out,26169.31386333422
V000258,S16,out,26196.212157997576
V000259,S16,in,26196.212157997576
V000252,S18,in,26196.715957840854
V000251,S18,out,26196.715957840854
V000244,S20,out,26196.941603291794
V000245,S20,in,26196.941603291794
V000249,S19,in,26201.60939972493
V000248,S19,out,26201.60939972493
V000255,S17,out,26201.8628592071
V000256,S17,in,26201.8628592071
V000266,S13,out,26222.093088679838
V000267,S13,in,26222.093088679838
V000280,S09,in,26226.28341792754
V000279,S09,out,26226.28341792754
V000273,S11,in,26226.949857930325
V000272,S11,out,26226.949857930325
V000269,S12,out,26227.226974598347
V000270,S12,in,26227.226974598347
V000284,S07,out,26230.823369680234
V000285,S07,in,26230.823369680234
V000288,S06,in,26231.31386333422
V000287,S06,out,26231.31386333422
V000282,S08,out,26231.663842003305
V000283,S08,in,26231.663842003305
V000291,S05,in,26231.987751330107
V000290,S05,out,26231.987751330107
V000299,S03,in,26232.11313225531
V000298,S03,out,26232.11313225531
V000301,S02,out,26233.134132987176
V000302,S02,in,26233.134132987176
V000294,S04,out,26233.875207670804
V000295,S04,in,26233.875207670804
V000303,S01,out,26234.59701762589
V000304,S01,in,26234.59701762589
V000260,S16,in,26278.212157997576
V000259,S16,out,26278.212157997576
V000252,S18,out,26278.715957840854
V000253,S18,in,26278.715957840854
V000245,S20,out,26278.941603291794
V000246,S20,in,26278.941603291794
V000292,S05,in,26280.987751330107
V000291,S05,out,26280.987751330107
V000249,S19,out,26283.60939972493
V000250,S19,in,26283.60939972493
V000256,S17,out,26283.8628592071
V000257,S17,in,26283.8628592071
V000267,S13,out,26285.093088679838
V000268,S13,in,26285.093088679838
V000285,S07,out,26286.823369680234
V000286,S07,in,26286.823369680234
V000288,S06,out,26287.31386333422
V000289,S06,in,26287.31386333422
V000284,S08,in,26287.663842003305
V000283,S08,out,26287.663842003305
V000280,S09,out,26288.28341792754
V000281,S09,in,26288.28341792754
V000273,S11,out,26288.949857930325
V000274,S11,in,26288.949857930325
V000270,S12,out,26289.226974598347
V000271,S12,in,26289.226974598347
V000299,S03,out,26290.11313225531
V000300,S03,in,26290.11313225531
V000303,S02,in,26291.134132987176
V000302,S02,out,26291.134132987176
V000296,S04,in,26291.875207670804
V000295,S04,out,26291.875207670804
V000305,S01,in,26292.59701762589
V000304,S01,out,26292.59701762589
V000293,S05,in,26334.987751330107
V000292,S05,out,26334.987751330107
V000301,S03,in,26346.11313225531
V000300,S03,out,26346.11313225531
V000304,S02,in,26347.134132987176
V000303,S02,out,26347.134132987176
V000260,S16,out,26347.212157997576
V000261,S16,in,26347.212157997576
V000253,S18,out,26347.715957840854
V000254,S18,in,26347.715957840854
V000297,S04,in,26347.875207670804
V000296,S04,out,26347.875207670804
V000247,S20,in,26347.941603291794
V000246,S20,out,26347.941603291794
V000306,S01,in,26348.59701762589
V000305,S01,out,26348.59701762589
V000250,S19,out,26352.60939972493
V000251,S19,in,26352.60939972493
V000258,S17,in,26352.8628592071
V000257,S17,out,26352.8628592071
V000269,S13,in,26360.093088679838
V000268,S13,out,26360.093088679838
V000287,S07,in,26361.823369680234
V000286,S07,out,26361.823369680234
V000290,S06,in,26362.31386333422
V000289,S06,out,26362.31386333422
V000284,S08,out,26362.663842003305
V000285,S08,in,26362.663842003305
V000281,S09,out,26363.28341792754
V000282,S09,in,26363.28341792754
V000274,S11,out,26363.949857930325
V000275,S11,in,26363.949857930325
V000271,S12,out,26364.226974598347
V000272,S12,in,26364.226974598347
V000293,S05,out,26389.987751330107
V000294,S05,in,26389.987751330107
V000298,S04,in,26398.875207670804
V000301,S03,out,26403.11313225531
V000302,S03,in,26403.11313225531
V000305,S02,in,26404.134132987176
V000304,S02,out,26404.134132987176
V000307,S01,in,26405.59701762589
V000306,S01,out,26405.59701762589
V000262,S16,in,26418.212157997576
V000261,S16,out,26418.212157997576
V000254,S18,out,26418.715957840854
V000255,S18,in,26418.715957840854
V000248,S20,in,26418.941603291794
V000247,S20,out,26418.941603291794
V000252,S19,in,26423.60939972493
V000251,S19,out,26423.60939972493
V000259,S17,in,26423.8628592071
V000258,S17,out,26423.8628592071
V000270,S13,in,26425.093088679838
V000269,S13,out,26425.093088679838
V000297,S04,out,26430.241229315052
V000270,S13,out,26491.093088679838
V000271,S13,in,26491.093088679838
V000263,S16,in,26495.212157997576
V000262,S16,out,26495.212157997576
V000255,S18,out,26495.715957840854
V000256,S18,in,26495.715957840854
V000248,S20,out,26495.941603291794
V000249,S20,in,26495.941603291794
V000253,S19,in,26500.60939972493
V000252,S19,out,26500.60939972493
V000259,S17,out,26500.8628592071
V000260,S17,in,26500.8628592071
V000294,S05,out,26504.987751330107
V000295,S05,in,26504.987751330107
V000302,S03,out,26505.11313225531
V000303,S03,in,26505.11313225531
V000287,S07,out,26505.823369680234
V000288,S07,in,26505.823369680234
V000306,S02,in,26506.134132987176
V000305,S02,out,26506.134132987176
V000290,S06,out,26506.31386333422
V000291,S06,in,26506.31386333422
V000286,S08,in,26506.663842003305
V000285,S08,out,26506.663842003305
V000298,S04,out,26506.875207670804
V000299,S04,in,26506.875207670804
V000282,S09,out,26507.28341792754
V000283,S09,in,26507.28341792754
V000308,S01,in,26507.59701762589
V000307,S01,out,26507.59701762589
V000276,S11,in,26507.949857930325
V000275,S11,out,26507.949857930325
V000272,S12,out,26508.226974598347
V000273,S12,in,26508.226974598347
V000272,S13,in,26559.093088679838
V000271,S13,out,26559.093088679838
V000277,S11,in,26573.949857930325
V000276,S11,out,26573.949857930325
V000274,S12,in,26574.226974598347
V000273,S12,out,26574.226974598347
V000295,S05,out,26576.987751330107
V000296,S05,in,26576.987751330107
V000304,S03,in,26577.11313225531
V000303,S03,out,26577.11313225531
V000288,S07,out,26577.823369680234
V000289,S07,in,26577.823369680234
V000307,S02,in,26578.134132987176
V000306,S02,out,26578.134132987176
V000292,S06,in,26578.31386333422
V000291,S06,out,26578.31386333422
V000287,S08,in,26578.663842003305
V000286,S08,out,26578.663842003305
V000299,S04,out,26578.875207670804
V000300,S04,in,26578.875207670804
V000283,S09,out,26579.28341792754
V000284,S09,in,26579.28341792754
V000309,S01,in,26579.59701762589
V000308,S01,out,26579.59701762589
V000264,S16,in,26584.212157997576
V000263,S16,out,26584.212157997576
V000256,S18,out,26584.715957840854
V000250,S20,in,26584.941603291794
V000249,S20,out,26584.941603291794
V000254,S19,in,26589.60939972493
V000253,S19,out,26589.60939972493
V000261,S17,in,26589.8628592071
V000260,S17,out,26589.8628592071
V000275,S12,in,26626.226974598347
V000274,S12,out,26626.226974598347
V000272,S13,out,26629.093088679838
V000273,S13,in,26629.093088679838
V000278,S11,in,26637.949857930325
V000277,S11,out,26637.949857930325
V000296,S05,out,26638.987751330107
V000297,S05,in,26638.987751330107
V000305,S03,in,26639.11313225531
V000304,S03,out,26639.11313225531
V000290,S07,in,26639.823369680234
V000307,S02,out,26640.134132987176
V000308,S02,in,26640.134132987176
V000284,S09,out,26640.28341792754
V000285,S09,in,26640.28341792754
V000293,S06,in,26640.31386333422
V000292,S06,out,26640.31386333422
V000287,S08,out,26640.663842003305
V000288,S08,in,26640.663842003305
V000300,S04,out,26640.875207670804
V000301,S04,in,26640.875207670804
V000310,S01,in,26641.59701762589
V000309,S01,out,26641.59701762589
V000265,S16,in,26671.212157997576
V000264,S16,out,26671.212157997576
V000258,S18,in,26671.715957840854
V000257,S18,out,26671.715957840854
V000250,S20,out,26671.941603291794
V000251,S20,in,26671.941603291794
V000254,S19,out,26676.60939972493
V000255,S19,in,26676.60939972493
V000261,S17,out,26676.8628592071
V000262,S17,in,26676.8628592071
V000276,S12,in,26687.226974598347
V000275,S12,out,26687.226974598347
V000279,S11,in,26690.949857930325
V000278,S11,out,26690.949857930325
V000298,S05,in,26698.987751330107
V000297,S05,out,26698.987751330107
V000305,S03,out,26699.11313225531
V000306,S03,in,26699.11313225531
V000290,S07,out,26699.823369680234
V000291,S07,in,26699.823369680234
V000309,S02,in,26700.134132987176
V000308,S02,out,26700.134132987176
V000293,S06,out,26700.31386333422
V000294,S06,in,26700.31386333422
V000289,S08,in,26700.663842003305
V000288,S08,out,26700.663842003305
V000302,S04,in,26700.875207670804
V000301,S04,out,26700.875207670804
V000274,S13,in,26701.093088679838
V000273,S13,out,26701.093088679838
V000286,S09,in,26701.28341792754
V000285,S09,out,26701.28341792754
V000311,S01,in,26701.59701762589
V000310,S01,out,26701.59701762589
V000279,S11,out,26743.949857930325
V000280,S11,in,26743.949857930325
V000277,S12,in,26744.226974598347
V000276,S12,out,26744.226974598347
V000265,S16,out,26749.212157997576
V000266,S16,in,26749.212157997576
V000258,S18,out,26749.715957840854
V000259,S18,in,26749.715957840854
V000251,S20,out,26749.941603291794
V000252,S20,in,26749.941603291794
V000256,S19,in,26754.60939972493
V000255,S19,out,26754.60939972493
V000263,S17,in,26754.8628592071
V000262,S17,out,26754.8628592071
V000287,S09,in,26756.28341792754
V000286,S09,out,26756.28341792754
V000292,S07,in,26762.823369680234
V000291,S07,out,26762.823369680234
V000299,S05,in,26762.987751330107
V000298,S05,out,26762.987751330107
V000306,S03,out,26763.11313225531
V000307,S03,in,26763.11313225531
V000290,S08,in,26763.663842003305
V000289,S08,out,26763.663842003305
V000310,S02,in,26764.134132987176
V000309,S02,out,26764.134132987176
V000294,S06,out,26764.31386333422
V000295,S06,in,26764.31386333422
V000302,S04,out,26764.875207670804
V000303,S04,in,26764.875207670804
V000274,S13,out,26765.093088679838
V000275,S13,in,26765.093088679838
V000311,S01,out,26765.59701762589
V000312,S01,in,26765.59701762589
V000280,S11,out,26803.949857930325
V000281,S11,in,26803.949857930325
V000278,S12,in,26804.226974598347
V000277,S12,out,26804.226974598347
V000287,S09,out,26814.28341792754
V000288,S09,in,26814.28341792754
V000292,S07,out,26814.823369680234
V000293,S07,in,26814.823369680234
V000291,S08,in,26815.663842003305
V000290,S08,out,26815.663842003305
V000296,S06,in,26819.31386333422
V000295,S06,out,26819.31386333422
V000300,S05,in,26823.987751330107
V000299,S05,out,26823.987751330107
V000308,S03,in,26824.11313225531
V000307,S03,out,26824.11313225531
V000276,S13,in,26825.093088679838
V000275,S13,out,26825.093088679838
V000311,S02,in,26825.134132987176
V000310,S02,out,26825.134132987176
V000304,S04,in,26825.875207670804
V000303,S04,out,26825.875207670804
V000313,S01,in,26826.59701762589
V000312,S01,out,26826.59701762589
V000267,S16,in,26855.212157997576
V000266,S16,out,26855.212157997576
V000259,S18,out,26855.715957840854
V000260,S18,in,26855.715957840854
V000253,S20,in,26855.941603291794
V000252,S20,out,26855.941603291794
V000256,S19,out,26860.60939972493
V000257,S19,in,26860.60939972493
V000263,S17,out,26860.8628592071
V000264,S17,in,26860.8628592071
V000289,S09,in,26873.28341792754
V000288,S09,out,26873.28341792754
V000281,S11,out,26873.949857930325
V000282,S11,in,26873.949857930325
V000279,S12,in,26874.226974598347
V000278,S12,out,26874.226974598347
V000294,S07,in,26875.823369680234
V000293,S07,out,26875.823369680234
V000297,S06,in,26876.31386333422
V000296,S06,out,26876.31386333422
V000291,S08,out,26876.663842003305
V000292,S08,in,26876.663842003305
V000301,S05,in,26879.987751330107
V000300,S05,out,26879.987751330107
V000309,S03,in,26883.11313225531
V000308,S03,out,26883.11313225531
V000311,S02,out,26884.134132987176
V000312,S02,in,26884.134132987176
V000305,S04,in,26884.875207670804
V000304,S04,out,26884.875207670804
V000313,S01,out,26885.59701762589
V000314,S01,in,26885.59701762589
V000277,S13,in,26892.093088679838
V000276,S13,out,26892.093088679838
V000268,S16,in,26929.212157997576
V000267,S16,out,26929.212157997576
V000261,S18,in,26929.715957840854
V000260,S18,out,26929.715957840854
V000253,S20,out,26929.941603291794
V000254,S20,in,26929.941603291794
V000289,S09,out,26932.28341792754
V000290,S09,in,26932.28341792754
V000282,S11,out,26932.949857930325
V000283,S11,in,26932.949857930325
V000279,S12,out,26933.226974598347
V000280,S12,in,26933.226974598347
V000258,S19,in,26934.60939972493
V000257,S19,out,26934.60939972493
V000264,S17,out,26934.8628592071
V000265,S17,in,26934.8628592071
V000295,S07,in,26938.823369680234
V000294,S07,out,26938.823369680234
V000302,S05,in,26938.987751330107
V000301,S05,out,26938.987751330107
V000293,S08,in,26939.663842003305
V000292,S08,out,26939.663842003305
V000297,S06,out,26940.31386333422
V000298,S06,in,26940.31386333422
V000309,S03,out,26948.11313225531
V000310,S03,in,26948.11313225531
V000305,S04,out,26949.875207670804
V000306,S04,in,26949.875207670804
V000313,S02,in,26950.134132987176
V000312,S02,out,26950.134132987176
V000315,S01,in,26951.59701762589
V000314,S01,out,26951.59701762589
V000277,S13,out,26954.093088679838
V000278,S13,in,26954.093088679838
V000291,S09,in,26991.28341792754
V000284,S11,in,26991.949857930325
V000283,S11,out,26991.949857930325
V000280,S12,out,26992.226974598347
V000281,S12,in,26992.226974598347
V000293,S08,out,26993.663842003305
V000294,S08,in,26993.663842003305
V000295,S07,out,26998.823369680234
V000296,S07,in,26998.823369680234
V000298,S06,out,26999.31386333422
V000299,S06,in,26999.31386333422
V000268,S16,out,27004.212157997576
V000269,S16,in,27004.212157997576
V000262,S18,in,27004.715957840854
V000261,S18,out,27004.715957840854
V000255,S20,in,27004.941603291794
V000254,S20,out,27004.941603291794
V000302,S05,out,27006.987751330107
V000303,S05,in,27006.987751330107
V000311,S03,in,27007.11313225531
V000310,S03,out,27007.11313225531
V000313,S02,out,27008.134132987176
V000314,S02,in,27008.134132987176
V000307,S04,in,27008.875207670804
V000306,S04,out,27008.875207670804
V000316,S01,in,27009.59701762589
V000315,S01,out,27009.59701762589
V000259,S19,in,27009.60939972493
V000258,S19,out,27009.60939972493
V000265,S17,out,27009.8628592071
V000266,S17,in,27009.8628592071
V000278,S13,out,27024.093088679838
V000279,S13,in,27024.093088679838
V000291,S09,out,27052.28341792754
V000292,S09,in,27052.28341792754
V000284,S11,out,27052.949857930325
V000285,S11,in,27052.949857930325
V000282,S12,in,27053.226974598347
V000281,S12,out,27053.226974598347
V000296,S07,out,27055.823369680234
V000297,S07,in,27055.823369680234
V000299,S06,out,27056.31386333422
V000300,S06,in,27056.31386333422
V000294,S08,out,27056.663842003305
V000295,S08,in,27056.663842003305
V000304,S05,in,27058.987751330107
V000303,S05,out,27058.987751330107
V000311,S03,out,27062.11313225531
V000312,S03,in,27062.11313225531
V000307,S04,out,27063.875207670804
V000308,S04,in,27063.875207670804
V000315,S02,in,27067.134132987176
V000314,S02,out,27067.134132987176
V000317,S01,in,27068.59701762589
V000316,S01,out,27068.59701762589
V000279,S13,out,27126.093088679838
V000280,S13,in,27126.093088679838
V000270,S16,in,27126.212157997576
V000269,S16,out,27126.212157997576
V000262,S18,out,27126.715957840854
V000263,S18,in,27126.715957840854
V000255,S20,out,27126.941603291794
V000256,S20,in,27126.941603291794
V000304,S05,out,27126.987751330107
V000305,S05,in,27126.987751330107
V000312,S03,out,27127.11313225531
V000313,S03,in,27127.11313225531
V000298,S07,in,27127.823369680234
V000297,S07,out,27127.823369680234
V000300,S06,out,27128.31386333422
V000301,S06,in,27128.31386333422
V000296,S08,in,27128.663842003305
V000295,S08,out,27128.663842003305
V000308,S04,out,27128.875207670804
V000309,S04,in,27128.875207670804
V000293,S09,in,27129.28341792754
V000292,S09,out,27129.28341792754
V000286,S11,in,27129.949857930325
V000285,S11,out,27129.949857930325
V000315,S02,out,27130.134132987176
V000316,S02,in,27130.134132987176
V000283,S12,in,27130.226974598347
V000282,S12,out,27130.226974598347
V000317,S01,out,27131.59701762589
V000318,S01,in,27131.59701762589
V000260,S19,in,27131.60939972493
V000259,S19,out,27131.60939972493
V000267,S17,in,27131.8628592071
V000266,S17,out,27131.8628592071
V000280,S13,out,27235.093088679838
V000281,S13,in,27235.093088679838
V000270,S16,out,27235.212157997576
V000271,S16,in,27235.212157997576
V000263,S18,out,27235.715957840854
V000264,S18,in,27235.715957840854
V000256,S20,out,27235.941603291794
V000257,S20,in,27235.941603291794
V000306,S05,in,27235.987751330107
V000305,S05,out,27235.987751330107
V000314,S03,in,27236.11313225531
V000313,S03,out,27236.11313225531
V000299,S07,in,27236.823369680234
V000298,S07,out,27236.823369680234
V000316,S02,out,27237.134132987176
V000317,S02,in,27237.134132987176
V000301,S06,out,27237.31386333422
V000302,S06,in,27237.31386333422
V000296,S08,out,27237.663842003305
V000297,S08,in,27237.663842003305
V000310,S04,in,27237.875207670804
V000309,S04,out,27237.875207670804
V000294,S09,in,27238.28341792754
V000293,S09,out,27238.28341792754
V000319,S01,in,27238.59701762589
V000318,S01,out,27238.59701762589
V000287,S11,in,27238.949857930325
V000286,S11,out,27238.949857930325
V000283,S12,out,27239.226974598347
V000284,S12,in,27239.226974598347
V000261,S19,in,27240.60939972493
V000260,S19,out,27240.60939972493
V000268,S17,in,27240.8628592071
V000267,S17,out,27240.8628592071
V000281,S13,out,27346.093088679838
V000282,S13,in,27346.093088679838
V000272,S16,in,27346.212157997576
V000271,S16,out,27346.212157997576
V000264,S18,out,27346.715957840854
V000265,S18,in,27346.715957840854
V000258,S20,in,27346.941603291794
V000257,S20,out,27346.941603291794
V000307,S05,in,27346.987751330107
V000306,S05,out,27346.987751330107
V000315,S03,in,27347.11313225531
V000314,S03,out,27347.11313225531
V000300,S07,in,27347.823369680234
V000299,S07,out,27347.823369680234
V000318,S02,in,27348.134132987176
V000317,S02,out,27348.134132987176
V000302,S06,out,27348.31386333422
V000303,S06,in,27348.31386333422
V000297,S08,out,27348.663842003305
V000298,S08,in,27348.663842003305
V000311,S04,in,27348.875207670804
V000310,S04,out,27348.875207670804
V000295,S09,in,27349.28341792754
V000294,S09,out,27349.28341792754
V000320,S01,in,27349.59701762589
V000319,S01,out,27349.59701762589
V000287,S11,out,27349.949857930325
V000288,S11,in,27349.949857930325
V000284,S12,out,27350.226974598347
V000285,S12,in,27350.226974598347
V000261,S19,out,27351.60939972493
V000262,S19,in,27351.60939972493
V000269,S17,in,27351.8628592071
V000268,S17,out,27351.8628592071
V000283,S13,in,27424.093088679838
V000282,S13,out,27424.093088679838
V000272,S16,out,27424.212157997576
V000273,S16,in,27424.212157997576
V000266,S18,in,27424.715957840854
V000265,S18,out,27424.715957840854
V000258,S20,out,27424.941603291794
V000259,S20,in,27424.941603291794
V000308,S05,in,27424.987751330107
V000307,S05,out,27424.987751330107
V000316,S03,in,27425.11313225531
V000315,S03,out,27425.11313225531
V000300,S07,out,27425.823369680234
V000301,S07,in,27425.823369680234
V000318,S02,out,27426.134132987176
V000319,S02,in,27426.134132987176
V000303,S06,out,27426.31386333422
V000304,S06,in,27426.31386333422
V000298,S08,out,27426.663842003305
V000299,S08,in,27426.663842003305
V000311,S04,out,27426.875207670804
V000312,S04,in,27426.875207670804
V000295,S09,out,27427.28341792754
V000296,S09,in,27427.28341792754
V000320,S01,out,27427.59701762589
V000321,S01,in,27427.59701762589
V000289,S11,in,27427.949857930325
V000288,S11,out,27427.949857930325
V000285,S12,out,27428.226974598347
V000286,S12,in,27428.226974598347
V000262,S19,out,27429.60939972493
V000263,S19,in,27429.60939972493
V000269,S17,out,27429.8628592071
V000270,S17,in,27429.8628592071
V000274,S16,in,27538.212157997576
V000273,S16,out,27538.212157997576
V000267,S18,in,27538.715957840854
V000266,S18,out,27538.715957840854
V000260,S20,in,27538.941603291794
V000259,S20,out,27538.941603291794
V000263,S19,out,27543.60939972493
V000264,S19,in,27543.60939972493
V000271,S17,in,27543.8628592071
V000270,S17,out,27543.8628592071
V000274,S16,out,27621.212157997576
V000275,S16,in,27621.212157997576
V000267,S18,out,27621.715957840854
V000268,S18,in,27621.715957840854
V000261,S20,in,27621.941603291794
V000260,S20,out,27621.941603291794
V000265,S19,in,27626.60939972493
V000264,S19,out,27626.60939972493
V000272,S17,in,27626.8628592071
V000271,S17,out,27626.8628592071
V000275,S16,out,27713.212157997576
V000276,S16,in,27713.212157997576
V000269,S18,in,27713.715957840854
V000268,S18,out,27713.715957840854
V000261,S20,out,27713.941603291794
V000262,S20,in,27713.941603291794
V000266,S19,in,27718.60939972493
V000265,S19,out,27718.60939972493
V000272,S17,out,27718.8628592071
V000273,S17,in,27718.8628592071
V000284,S13,in,27734.093088679838
V000283,S13,out,27734.093088679838
V000309,S05,in,27734.987751330107
V000308,S05,out,27734.987751330107
V000317,S03,in,27735.11313225531
V000316,S03,out,27735.11313225531
V000301,S07,out,27735.823369680234
V000302,S07,in,27735.823369680234
V000320,S02,in,27736.134132987176
V000319,S02,out,27736.134132987176
V000304,S06,out,27736.31386333422
V000305,S06,in,27736.31386333422
V000300,S08,in,27736.663842003305
V000299,S08,out,27736.663842003305
V000312,S04,out,27736.875207670804
V000313,S04,in,27736.875207670804
V000296,S09,out,27737.28341792754
V000297,S09,in,27737.28341792754
V000322,S01,in,27737.59701762589
V000321,S01,out,27737.59701762589
V000290,S11,in,27737.949857930325
V000289,S11,out,27737.949857930325
V000287,S12,in,27738.226974598347
V000286,S12,out,27738.226974598347
V000285,S13,in,27796.093088679838
V000284,S13,out,27796.093088679838
V000309,S05,out,27796.987751330107
V000310,S05,in,27796.987751330107
V000318,S03,in,27797.11313225531
V000317,S03,out,27797.11313225531
V000303,S07,in,27797.823369680234
V000302,S07,out,27797.823369680234
V000305,S06,out,27798.31386333422
V000306,S06,in,27798.31386333422
V000300,S08,out,27798.663842003305
V000301,S08,in,27798.663842003305
V000314,S04,in,27798.875207670804
V000313,S04,out,27798.875207670804
V000298,S09,in,27799.28341792754
V000297,S09,out,27799.28341792754
V000291,S11,in,27799.949857930325
V000290,S11,out,27799.949857930325
V000287,S12,out,27800.226974598347
V000288,S12,in,27800.226974598347
V000320,S02,out,27801.134132987176
V000321,S02,in,27801.134132987176
V000323,S01,in,27802.59701762589
V000322,S01,out,27802.59701762589
V000276,S16,out,27808.212157997576
V000277,S16,in,27808.212157997576
V000269,S18,out,27808.715957840854
V000270,S18,in,27808.715957840854
V000263,S20,in,27808.941603291794
V000262,S20,out,27808.941603291794
V000266,S19,out,27813.60939972493
V000267,S19,in,27813.60939972493
V000274,S17,in,27813.8628592071
V000273,S17,out,27813.8628592071
V000286,S13,in,27861.093088679838
V000285,S13,out,27861.093088679838
V000292,S11,in,27864.949857930325
V000291,S11,out,27864.949857930325
V000311,S05,in,27864.987751330107
V000310,S05,out,27864.987751330107
V000318,S03,out,27865.11313225531
V000319,S03,in,27865.11313225531
V000289,S12,in,27865.226974598347
V000288,S12,out,27865.226974598347
V000303,S07,out,27865.823369680234
V000304,S07,in,27865.823369680234
V000322,S02,in,27866.134132987176
V000321,S02,out,27866.134132987176
V000307,S06,in,27866.31386333422
V000306,S06,out,27866.31386333422
V000302,S08,in,27866.663842003305
V000301,S08,out,27866.663842003305
V000314,S04,out,27866.875207670804
V000315,S04,in,27866.875207670804
V000298,S09,out,27867.28341792754
V000299,S09,in,27867.28341792754
V000323,S01,out,27867.59701762589
V000324,S01,in,27867.59701762589
V000278,S16,in,27873.212157997576
V000277,S16,out,27873.212157997576
V000271,S18,in,27873.715957840854
V000270,S18,out,27873.715957840854
V000263,S20,out,27873.941603291794
V000264,S20,in,27873.941603291794
V000268,S19,in,27878.60939972493
V000267,S19,out,27878.60939972493
V000275,S17,in,27878.8628592071
V000274,S17,out,27878.8628592071
V000287,S13,in,27919.093088679838
V000286,S13,out,27919.093088679838
V000311,S05,out,27925.987751330107
V000312,S05,in,27925.987751330107
V000304,S07,out,27926.823369680234
V000305,S07,in,27926.823369680234
V000307,S06,out,27927.31386333422
V000308,S06,in,27927.31386333422
V000302,S08,out,27927.663842003305
V000303,S08,in,27927.663842003305
V000319,S03,out,27928.11313225531
V000320,S03,in,27928.11313225531
V000300,S09,in,27928.28341792754
V000299,S09,out,27928.28341792754
V000293,S11,in,27928.949857930325
V000292,S11,out,27928.949857930325
V000322,S02,out,27929.134132987176
V000323,S02,in,27929.134132987176
V000289,S12,out,27929.226974598347
V000290,S12,in,27929.226974598347
V000316,S04,in,27929.875207670804
V000315,S04,out,27929.875207670804
V000325,S01,in,27930.59701762589
V000324,S01,out,27930.59701762589
V000279,S16,in,27971.212157997576
V000278,S16,out,27971.212157997576
V000272,S18,in,27971.715957840854
V000271,S18,out,27971.715957840854
V000264,S20,out,27971.941603291794
V000265,S20,in,27971.941603291794
V000268,S19,out,27976.60939972493
V000269,S19,in,27976.60939972493
V000275,S17,out,27976.8628592071
V000276,S17,in,27976.8628592071
V000287,S13,out,27990.093088679838
V000288,S13,in,27990.093088679838
V000304,S08,in,27992.663842003305
V000303,S08,out,27992.663842003305
V000312,S05,out,27992.987751330107
V000313,S05,in,27992.987751330107
V000321,S03,in,27993.11313225531
V000320,S03,out,27993.11313225531
V000301,S09,in,27993.28341792754
V000300,S09,out,27993.28341792754
V000305,S07,out,27993.823369680234
V000306,S07,in,27993.823369680234
V000294,S11,in,27993.949857930325
V000293,S11,out,27993.949857930325
V000324,S02,in,27994.134132987176
V000323,S02,out,27994.134132987176
V000290,S12,out,27994.226974598347
V000291,S12,in,27994.226974598347
V000308,S06,out,27994.31386333422
V000309,S06,in,27994.31386333422
V000317,S04,in,27994.875207670804
V000316,S04,out,27994.875207670804
V000325,S01,out,28039.59701762589
V000326,S01,in,28039.59701762589
V000289,S13,in,28048.093088679838
V000288,S13,out,28048.093088679838
V000306,S07,out,28051.823369680234
V000307,S07,in,28051.823369680234
V000294,S11,out,28051.949857930325
V000295,S11,in,28051.949857930325
V000313,S05,out,28051.987751330107
V000314,S05,in,28051.987751330107
V000322,S03,in,28052.11313225531
V000321,S03,out,28052.11313225531
V000291,S12,out,28052.226974598347
V000292,S12,in,28052.226974598347
V000310,S06,in,28052.31386333422
V000309,S06,out,28052.31386333422
V000305,S08,in,28052.663842003305
V000304,S08,out,28052.663842003305
V000266,S20,in,28052.941603291794
V000265,S20,out,28052.941603291794
V000325,S02,in,28053.134132987176
V000324,S02,out,28053.134132987176
V000302,S09,in,28053.28341792754
V000301,S09,out,28053.28341792754
V000318,S04,in,28053.875207670804
V000317,S04,out,28053.875207670804
V000269,S19,out,28057.60939972493
V000270,S19,in,28057.60939972493
V000279,S16,out,28059.212157997576
V000280,S16,in,28059.212157997576
V000272,S18,out,28059.715957840854
V000273,S18,in,28059.715957840854
V000277,S17,in,28064.8628592071
V000276,S17,out,28064.8628592071
V000327,S01,in,28088.59701762589
V000326,S01,out,28088.59701762589
V000290,S13,in,28102.093088679838
V000289,S13,out,28102.093088679838
V000292,S12,out,28106.226974598347
V000293,S12,in,28106.226974598347
V000295,S11,out,28107.949857930325
V000296,S11,in,28107.949857930325
V000315,S05,in,28110.987751330107
V000308,S07,in,28111.823369680234
V000307,S07,out,28111.823369680234
V000311,S06,in,28112.31386333422
V000310,S06,out,28112.31386333422
V000306,S08,in,28112.663842003305
V000305,S08,out,28112.663842003305
V000323,S03,in,28113.11313225531
V000322,S03,out,28113.11313225531
V000303,S09,in,28113.28341792754
V000302,S09,out,28113.28341792754
V000325,S02,out,28114.134132987176
V000326,S02,in,28114.134132987176
V000319,S04,in,28114.875207670804
V000318,S04,out,28114.875207670804
V000281,S16,in,28136.212157997576
V000280,S16,out,28136.212157997576
V000274,S18,in,28136.715957840854
V000273,S18,out,28136.715957840854
V000266,S20,out,28136.941603291794
V000267,S20,in,28136.941603291794
V000270,S19,out,28141.60939972493
V000271,S19,in,28141.60939972493
V000277,S17,out,28141.8628592071
V000278,S17,in,28141.8628592071
V000327,S01,out,28148.59701762589
V000328,S01,in,28148.59701762589
V000291,S13,in,28170.093088679838
V000290,S13,out,28170.093088679838
V000315,S05,out,28175.987751330107
V000316,S05,in,28175.987751330107
V000324,S03,in,28176.11313225531
V000323,S03,out,28176.11313225531
V000309,S07,in,28176.823369680234
V000308,S07,out,28176.823369680234
V000327,S02,in,28177.134132987176
V000326,S02,out,28177.134132987176
V000312,S06,in,28177.31386333422
V000311,S06,out,28177.31386333422
V000307,S08,in,28177.663842003305
V000306,S08,out,28177.663842003305
V000319,S04,out,28177.875207670804
V000320,S04,in,28177.875207670804
V000303,S09,out,28178.28341792754
V000304,S09,in,28178.28341792754
V000297,S11,in,28178.949857930325
V000296,S11,out,28178.949857930325
V000294,S12,in,28179.226974598347
V000293,S12,out,28179.226974598347
V000329,S01,in,28205.59701762589
V000328,S01,out,28205.59701762589
V000281,S16,out,28222.212157997576
V000282,S16,in,28222.212157997576
V000275,S18,in,28222.715957840854
V000274,S18,out,28222.715957840854
V000268,S20,in,28222.941603291794
V000267,S20,out,28222.941603291794
V000271,S19,out,28227.60939972493
V000272,S19,in,28227.60939972493
V000279,S17,in,28227.8628592071
V000278,S17,out,28227.8628592071
V000291,S13,out,28232.093088679838
V000292,S13,in,28232.093088679838
V000317,S05,in,28236.987751330107
V000316,S05,out,28236.987751330107
V000325,S03,in,28237.11313225531
V000324,S03,out,28237.11313225531
V000310,S07,in,28237.823369680234
V000309,S07,out,28237.823369680234
V000327,S02,out,28238.134132987176
V000328,S02,in,28238.134132987176
V000312,S06,out,28238.31386333422
V000313,S06,in,28238.31386333422
V000308,S08,in,28238.663842003305
V000307,S08,out,28238.663842003305
V000320,S04,out,28238.875207670804
V000321,S04,in,28238.875207670804
V000304,S09,out,28239.28341792754
V000305,S09,in,28239.28341792754
V000297,S11,out,28239.949857930325
V000298,S11,in,28239.949857930325
V000294,S12,out,28240.226974598347
V000295,S12,in,28240.226974598347
V000330,S01,in,28264.59701762589
V000329,S01,out,28264.59701762589
V000293,S13,in,28301.093088679838
V000292,S13,out,28301.093088679838
V000282,S16,out,28301.212157997576
V000283,S16,in,28301.212157997576
V000275,S18,out,28301.715957840854
V000276,S18,in,28301.715957840854
V000268,S20,out,28301.941603291794
V000269,S20,in,28301.941603291794
V000318,S05,in,28301.987751330107
V000317,S05,out,28301.987751330107
V000325,S03,out,28302.11313225531
V000326,S03,in,28302.11313225531
V000311,S07,in,28302.823369680234
V000310,S07,out,28302.823369680234
V000328,S02,out,28303.134132987176
V000329,S02,in,28303.134132987176
V000314,S06,in,28303.31386333422
V000313,S06,out,28303.31386333422
V000308,S08,out,28303.663842003305
V000309,S08,in,28303.663842003305
V000321,S04,out,28303.875207670804
V000322,S04,in,28303.875207670804
V000306,S09,in,28304.28341792754
V000305,S09,out,28304.28341792754
V000299,S11,in,28304.949857930325
V000298,S11,out,28304.949857930325
V000296,S12,in,28305.226974598347
V000295,S12,out,28305.226974598347
V000272,S19,out,28306.60939972493
V000273,S19,in,28306.60939972493
V000280,S17,in,28306.8628592071
V000279,S17,out,28306.8628592071
V000331,S01,in,28318.59701762589
V000330,S01,out,28318.59701762589
V000293,S13,out,28380.093088679838
V000294,S13,in,28380.093088679838
V000284,S16,in,28380.212157997576
V000283,S16,out,28380.212157997576
V000277,S18,in,28380.715957840854
V000276,S18,out,28380.715957840854
V000270,S20,in,28380.941603291794
V000269,S20,out,28380.941603291794
V000318,S05,out,28380.987751330107
V000319,S05,in,28380.987751330107
V000327,S03,in,28381.11313225531
V000326,S03,out,28381.11313225531
V000311,S07,out,28381.823369680234
V000312,S07,in,28381.823369680234
V000330,S02,in,28382.134132987176
V000329,S02,out,28382.134132987176
V000314,S06,out,28382.31386333422
V000315,S06,in,28382.31386333422
V000310,S08,in,28382.663842003305
V000309,S08,out,28382.663842003305
V000322,S04,out,28382.875207670804
V000323,S04,in,28382.875207670804
V000306,S09,out,28383.28341792754
V000307,S09,in,28383.28341792754
V000332,S01,in,28383.59701762589
V000331,S01,out,28383.59701762589
V000300,S11,in,28383.949857930325
V000299,S11,out,28383.949857930325
V000297,S12,in,28384.226974598347
V000296,S12,out,28384.226974598347
V000274,S19,in,28385.60939972493
V000273,S19,out,28385.60939972493
V000281,S17,in,28385.8628592071
V000280,S17,out,28385.8628592071
V000295,S13,in,28465.093088679838
V000294,S13,out,28465.093088679838
V000285,S16,in,28465.212157997576
V000284,S16,out,28465.212157997576
V000278,S18,in,28465.715957840854
V000277,S18,out,28465.715957840854
V000271,S20,in,28465.941603291794
V000270,S20,out,28465.941603291794
V000320,S05,in,28465.987751330107
V000319,S05,out,28465.987751330107
V000328,S03,in,28466.11313225531
V000327,S03,out,28466.11313225531
V000313,S07,in,28466.823369680234
V000312,S07,out,28466.823369680234
V000331,S02,in,28467.134132987176
V000330,S02,out,28467.134132987176
V000316,S06,in,28467.31386333422
V000315,S06,out,28467.31386333422
V000310,S08,out,28467.663842003305
V000311,S08,in,28467.663842003305
V000324,S04,in,28467.875207670804
V000323,S04,out,28467.875207670804
V000307,S09,out,28468.28341792754
V000308,S09,in,28468.28341792754
V000333,S01,in,28468.59701762589
V000332,S01,out,28468.59701762589
V000300,S11,out,28468.949857930325
V000301,S11,in,28468.949857930325
V000298,S12,in,28469.226974598347
V000297,S12,out,28469.226974598347
V000275,S19,in,28470.60939972493
V000274,S19,out,28470.60939972493
V000281,S17,out,28470.8628592071
V000282,S17,in,28470.8628592071
V000296,S13,in,28557.093088679838
V000295,S13,out,28557.093088679838
V000285,S16,out,28557.212157997576
V000286,S16,in,28557.212157997576
V000278,S18,out,28557.715957840854
V000279,S18,in,28557.715957840854
V000272,S20,in,28557.941603291794
V000271,S20,out,28557.941603291794
V000320,S05,out,28557.987751330107
V000321,S05,in,28557.987751330107
V000329,S03,in,28558.11313225531
V000328,S03,out,28558.11313225531
V000314,S07,in,28558.823369680234
V000313,S07,out,28558.823369680234
V000331,S02,out,28559.134132987176
V000332,S02,in,28559.134132987176
V000317,S06,in,28559.31386333422
V000316,S06,out,28559.31386333422
V000312,S08,in,28559.663842003305
V000311,S08,out,28559.663842003305
V000325,S04,in,28559.875207670804
V000324,S04,out,28559.875207670804
V000309,S09,in,28560.28341792754
V000308,S09,out,28560.28341792754
V000333,S01,out,28560.59701762589
V000334,S01,in,28560.59701762589
V000302,S11,in,28560.949857930325
V000301,S11,out,28560.949857930325
V000299,S12,in,28561.226974598347
V000298,S12,out,28561.226974598347
V000276,S19,in,28562.60939972493
V000275,S19,out,28562.60939972493
V000282,S17,out,28562.8628592071
V000283,S17,in,28562.8628592071
V000296,S13,out,28643.093088679838
V000297,S13,in,28643.093088679838
V000287,S16,in,28643.212157997576
V000286,S16,out,28643.212157997576
V000279,S18,out,28643.715957840854
V000280,S18,in,28643.715957840854
V000272,S20,out,28643.941603291794
V000273,S20,in,28643.941603291794
V000321,S05,out,28643.987751330107
V000322,S05,in,28643.987751330107
V000329,S03,out,28644.11313225531
V000330,S03,in,28644.11313225531
V000315,S07,in,28644.823369680234
V000314,S07,out,28644.823369680234
V000333,S02,in,28645.134132987176
V000332,S02,out,28645.134132987176
V000318,S06,in,28645.31386333422
V000317,S06,out,28645.31386333422
V000313,S08,in,28645.663842003305
V000312,S08,out,28645.663842003305
V000326,S04,in,28645.875207670804
V000325,S04,out,28645.875207670804
V000310,S09,in,28646.28341792754
V000309,S09,out,28646.28341792754
V000334,S01,out,28646.59701762589
V000335,S01,in,28646.59701762589
V000302,S11,out,28646.949857930325
V000303,S11,in,28646.949857930325
V000300,S12,in,28647.226974598347
V000299,S12,out,28647.226974598347
V000276,S19,out,28648.60939972493
V000277,S19,in,28648.60939972493
V000283,S17,out,28648.8628592071
V000284,S17,in,28648.8628592071
V000297,S13,out,28727.093088679838
V000298,S13,in,28727.093088679838
V000288,S16,in,28727.212157997576
V000287,S16,out,28727.212157997576
V000281,S18,in,28727.715957840854
V000280,S18,out,28727.715957840854
V000274,S20,in,28727.941603291794
V000273,S20,out,28727.941603291794
V000322,S05,out,28727.987751330107
V000323,S05,in,28727.987751330107
V000331,S03,in,28728.11313225531
V000330,S03,out,28728.11313225531
V000315,S07,out,28728.823369680234
V000316,S07,in,28728.823369680234
V000333,S02,out,28729.134132987176
V000334,S02,in,28729.134132987176
V000318,S06,out,28729.31386333422
V000319,S06,in,28729.31386333422
V000314,S08,in,28729.663842003305
V000313,S08,out,28729.663842003305
V000326,S04,out,28729.875207670804
V000327,S04,in,28729.875207670804
V000310,S09,out,28730.28341792754
V000311,S09,in,28730.28341792754
V000335,S01,out,28730.59701762589
V000336,S01,in,28730.59701762589
V000303,S11,out,28730.949857930325
V000304,S11,in,28730.949857930325
V000301,S12,in,28731.226974598347
V000300,S12,out,28731.226974598347
V000278,S19,in,28732.60939972493
V000277,S19,out,28732.60939972493
V000284,S17,out,28732.8628592071
V000285,S17,in,28732.8628592071
